seed,optimizer,batch,init,lr,weight_error,dist_to_star
100,GD,full,random,0.01,0.3384002887679422,0.2560120560405538
100,GD,full,zero,0.01,0.24963396800101048,0.07164941554228639
100,GD,full,sparse,0.01,0.5333629455993767,0.41008247063199627
100,GD,mini-batch,random,0.01,0.3574424687518269,0.27397438310081296
100,GD,mini-batch,zero,0.01,0.256584676696466,0.07452954971428497
100,GD,mini-batch,sparse,0.01,0.541035098400942,0.4187206246112202
100,GD,SGD,random,0.01,0.34136759701482255,0.2601586465130525
100,GD,SGD,zero,0.01,0.20559641544173068,0.0542869479832906
100,GD,SGD,sparse,0.01,0.5428304093219077,0.42293945343496414
100,AdaGrad,full,random,0.01,1.6568608154711637,1.7147840672613108
100,AdaGrad,full,zero,0.01,0.43980878267619616,0.2778398233078077
100,AdaGrad,full,sparse,0.01,1.972344584752242,1.8690614807440407
100,AdaGrad,mini-batch,random,0.01,1.6587993670065315,1.7169149597790057
100,AdaGrad,mini-batch,zero,0.01,0.46463330692183225,0.30235683631719124
100,AdaGrad,mini-batch,sparse,0.01,1.9858969836591145,1.8819672986442122
100,AdaGrad,SGD,random,0.01,1.7943795294583569,1.8618763425779554
100,AdaGrad,SGD,zero,0.01,0.5562653910875865,0.3955498444453148
100,AdaGrad,SGD,sparse,0.01,2.078680097660735,1.9818560979601416
100,RMSProp,full,random,0.01,0.19938527807971088,0.009999990619119837
100,RMSProp,full,zero,0.01,0.18643841627426141,0.00999999061912043
100,RMSProp,full,sparse,0.01,0.18643841627426141,0.00999999061912043
100,RMSProp,mini-batch,random,0.01,0.21301882215193865,0.02710244594032957
100,RMSProp,mini-batch,zero,0.01,0.21301876909689346,0.02710235969773196
100,RMSProp,mini-batch,sparse,0.01,0.21301885606686785,0.027102451217972785
100,RMSProp,SGD,random,0.01,0.11736920019922827,0.14639877892439518
100,RMSProp,SGD,zero,0.01,0.07670863814160933,0.14956948136845574
100,RMSProp,SGD,sparse,0.01,0.1521050781950149,0.1192175454812289
100,Adam,full,random,0.01,0.25357890432685415,0.1276566366227017
100,Adam,full,zero,0.01,0.19276121569575888,4.992267739873942e-16
100,Adam,full,sparse,0.01,0.19284817001882765,0.00024088020746035666
100,Adam,mini-batch,random,0.01,0.27184680462610017,0.1457835649446632
100,Adam,mini-batch,zero,0.01,0.21464497240756344,0.036569599732668774
100,Adam,mini-batch,sparse,0.01,0.20567258511640638,0.03080688264405235
100,Adam,SGD,random,0.01,0.4014812642333331,0.3347789823386346
100,Adam,SGD,zero,0.01,0.1306452298813618,0.07739428368942641
100,Adam,SGD,sparse,0.01,0.3534545766509314,0.22969381320028145
100,GD,full,random,0.1,0.19276124955756374,1.3693438183097263e-07
100,GD,full,zero,0.1,0.1927612195431393,5.706509424134442e-09
100,GD,full,sparse,0.1,0.19276128636564707,2.3728677432145424e-07
100,GD,mini-batch,random,0.1,0.21545596693596766,0.030034826312253807
100,GD,mini-batch,zero,0.1,0.2154559242486305,0.030034719939187854
100,GD,mini-batch,sparse,0.1,0.21545599618172495,0.030034866458078048
100,GD,SGD,random,0.1,0.24057583408241096,0.277344651465001
100,GD,SGD,zero,0.1,0.1327345116978868,0.2506933894723625
100,GD,SGD,sparse,0.1,0.10031137720323663,0.21735736349834156
100,AdaGrad,full,random,0.1,0.33478730572962956,0.23598107091002135
100,AdaGrad,full,zero,0.1,0.1927612156964643,9.48583951562333e-13
100,AdaGrad,full,sparse,0.1,0.19492428869561798,0.005673997252515974
100,AdaGrad,mini-batch,random,0.1,0.349179275998818,0.2508053540226712
100,AdaGrad,mini-batch,zero,0.1,0.20873442845321363,0.023530797146455777
100,AdaGrad,mini-batch,sparse,0.1,0.21685296446914742,0.03631082696817942
100,AdaGrad,SGD,random,0.1,0.5845081465652202,0.5364821303907464
100,AdaGrad,SGD,zero,0.1,0.18333818274803132,0.035588112151109415
100,AdaGrad,SGD,sparse,0.1,0.6819480703804098,0.5636204602077077
100,RMSProp,full,random,0.1,0.26857575491561,0.09999999061911984
100,RMSProp,full,zero,0.1,0.26857575491561,0.09999999061911984
100,RMSProp,full,sparse,0.1,0.1489323090271954,0.09999999061912043
100,RMSProp,mini-batch,random,0.1,0.21048963251857916,0.052943309491664675
100,RMSProp,mini-batch,zero,0.1,0.21048963251857916,0.052943309491664675
100,RMSProp,mini-batch,sparse,0.1,0.21048963251857916,0.052943309491664675
100,RMSProp,SGD,random,0.1,0.3483739004182415,0.4102836836207646
100,RMSProp,SGD,zero,0.1,0.20637193380386362,0.3764840650405347
100,RMSProp,SGD,sparse,0.1,0.12184741495919496,0.2400091148596406
100,Adam,full,random,0.1,0.1927612156957583,4.980559976921029e-16
100,Adam,full,zero,0.1,0.1927612156957585,3.332294980281256e-16
100,Adam,full,sparse,0.1,0.1927612156957584,4.1731548643827706e-16
100,Adam,mini-batch,random,0.1,0.2162531314621231,0.05000009780065649
100,Adam,mini-batch,zero,0.1,0.22928451090981944,0.08589998828697228
100,Adam,mini-batch,sparse,0.1,0.2379795888158128,0.09572981155509676
100,Adam,SGD,random,0.1,0.43609198987898334,0.41955206396713823
100,Adam,SGD,zero,0.1,0.1604054570611752,0.28114111149496
100,Adam,SGD,sparse,0.1,0.23222737658673437,0.3384250600563999
101,GD,full,random,0.01,0.2584634124379037,0.2912495698425849
101,GD,full,zero,0.01,0.10932958084076681,0.023441982465144597
101,GD,full,sparse,0.01,0.34121715358511273,0.3672700032383217
101,GD,mini-batch,random,0.01,0.25356452425672166,0.2840008724211534
101,GD,mini-batch,zero,0.01,0.1122568948569344,0.025566231540966686
101,GD,mini-batch,sparse,0.01,0.33036523032196213,0.3548486222518692
101,GD,SGD,random,0.01,0.24969812316506523,0.2819038162563105
101,GD,SGD,zero,0.01,0.11872849714103695,0.04821874448803431
101,GD,SGD,sparse,0.01,0.38834062533748037,0.4159065097505019
101,AdaGrad,full,random,0.01,1.8495791913803612,1.9488146948255771
101,AdaGrad,full,zero,0.01,0.11605020981775703,0.05544595060500561
101,AdaGrad,full,sparse,0.01,1.8245884156806897,1.8673856401796445
101,AdaGrad,mini-batch,random,0.01,1.8538322320035117,1.9531102369985311
101,AdaGrad,mini-batch,zero,0.01,0.1238323309789321,0.06975182734641586
101,AdaGrad,mini-batch,sparse,0.01,1.8280648982128695,1.8711241885997096
101,AdaGrad,SGD,random,0.01,2.0072798549338686,2.109468161444456
101,AdaGrad,SGD,zero,0.01,0.14791699271157205,0.10497675202703356
101,AdaGrad,SGD,sparse,0.01,1.8916504345067495,1.941135177658399
101,RMSProp,full,random,0.01,0.11949169333753099,0.009999990878025854
101,RMSProp,full,zero,0.01,0.10289990703992247,0.009999990878025375
101,RMSProp,full,sparse,0.01,0.11949169333753099,0.009999990878025854
101,RMSProp,mini-batch,random,0.01,0.12320970295646001,0.02083625325498631
101,RMSProp,mini-batch,zero,0.01,0.12320972290957781,0.020836263869578223
101,RMSProp,mini-batch,sparse,0.01,0.12320971459865154,0.020836251857433923
101,RMSProp,SGD,random,0.01,0.10486025255660522,0.08572347436055579
101,RMSProp,SGD,zero,0.01,0.1448866272046265,0.055156202766662894
101,RMSProp,SGD,sparse,0.01,0.11063038551627298,0.10540010695307829
101,Adam,full,random,0.01,0.14351566489680823,0.1615985427685493
101,Adam,full,zero,0.01,0.11105551767105946,4.1864020941524295e-16
101,Adam,full,sparse,0.01,0.1108568261403969,0.0004973566808969147
101,Adam,mini-batch,random,0.01,0.15247739715315226,0.1655256422275
101,Adam,mini-batch,zero,0.01,0.09908146262502697,0.04540189549420485
101,Adam,mini-batch,sparse,0.01,0.11846530849739198,0.03087079621910717
101,Adam,SGD,random,0.01,0.39086534001344736,0.43145882376910355
101,Adam,SGD,zero,0.01,0.1336915364740178,0.057923289038524936
101,Adam,SGD,sparse,0.01,0.20967622878756698,0.2132986472924209
101,GD,full,random,0.1,0.11105545963671169,1.2880430689502498e-07
101,GD,full,zero,0.1,0.11105551526367036,6.739868795510264e-09
101,GD,full,sparse,0.1,0.11105548172863605,8.658861264394872e-08
101,GD,mini-batch,random,0.1,0.12001368455834309,0.01698303747030008
101,GD,mini-batch,zero,0.1,0.12001373733710917,0.016983080856638147
101,GD,mini-batch,sparse,0.1,0.12001371036478123,0.016983041744149087
101,GD,SGD,random,0.1,0.24533253102607838,0.2418140958817159
101,GD,SGD,zero,0.1,0.3356506101766524,0.26992923321653783
101,GD,SGD,sparse,0.1,0.20451456980218966,0.19600828205339862
101,AdaGrad,full,random,0.1,0.25790437567593516,0.2944087531892907
101,AdaGrad,full,zero,0.1,0.11105551767105928,7.866392382354308e-16
101,AdaGrad,full,sparse,0.1,0.1080282605075562,0.008082547059746356
101,AdaGrad,mini-batch,random,0.1,0.2638893031040269,0.2987382896573223
101,AdaGrad,mini-batch,zero,0.1,0.12065896982718997,0.021894373673517608
101,AdaGrad,mini-batch,sparse,0.1,0.11146511570489809,0.017094642000458744
101,AdaGrad,SGD,random,0.1,0.6993759403667231,0.7499904734879121
101,AdaGrad,SGD,zero,0.1,0.12101190074279253,0.050796087091650594
101,AdaGrad,SGD,sparse,0.1,0.4862313926825527,0.5177303516889148
101,RMSProp,full,random,0.1,0.062321277004285434,0.09999999087802536
101,RMSProp,full,zero,0.1,0.2019472970706455,0.09999999087802582
101,RMSProp,full,sparse,0.1,0.2019472970706455,0.09999999087802582
101,RMSProp,mini-batch,random,0.1,0.2175913249761895,0.11629231531995081
101,RMSProp,mini-batch,zero,0.1,0.2175913249761895,0.11629231531995081
101,RMSProp,mini-batch,sparse,0.1,0.21759132497618944,0.11629231531995074
101,RMSProp,SGD,random,0.1,0.42471628313802573,0.4583643532465459
101,RMSProp,SGD,zero,0.1,0.5353525514915296,0.4825860796705818
101,RMSProp,SGD,sparse,0.1,0.36401042625305535,0.36050470542840873
101,Adam,full,random,0.1,0.11105551767105952,2.914335439641036e-16
101,Adam,full,zero,0.1,0.11105551767105953,2.2929868617541516e-16
101,Adam,full,sparse,0.1,0.11105551767105953,2.5324586304240974e-16
101,Adam,mini-batch,random,0.1,0.15945781990281618,0.05628535463297203
101,Adam,mini-batch,zero,0.1,0.12222636058043473,0.03799359451564359
101,Adam,mini-batch,sparse,0.1,0.13114962497246474,0.03224469238673049
101,Adam,SGD,random,0.1,0.2472341396245755,0.18003450279875013
101,Adam,SGD,zero,0.1,0.4762935441862399,0.38782957961219033
101,Adam,SGD,sparse,0.1,0.2566881199840087,0.30797752754857327
102,GD,full,random,0.01,0.4123548163667713,0.2632295146764711
102,GD,full,zero,0.01,0.2827422657799618,0.06732550065112722
102,GD,full,sparse,0.01,0.4567329000578489,0.35064183119327824
102,GD,mini-batch,random,0.01,0.3956601406401013,0.24374604869169886
102,GD,mini-batch,zero,0.01,0.27615261906049177,0.06732435721413017
102,GD,mini-batch,sparse,0.01,0.44304315112465276,0.3400845189867243
102,GD,SGD,random,0.01,0.3396704340745121,0.24865851361567604
102,GD,SGD,zero,0.01,0.20820744176958642,0.09811488529175769
102,GD,SGD,sparse,0.01,0.3921004566602428,0.33479690960105996
102,AdaGrad,full,random,0.01,1.7967827989339105,1.7762609503964304
102,AdaGrad,full,zero,0.01,0.4913344069718141,0.2912367678062537
102,AdaGrad,full,sparse,0.01,1.661132507071541,1.6090471507049486
102,AdaGrad,mini-batch,random,0.01,1.796792090549918,1.7772521513790225
102,AdaGrad,mini-batch,zero,0.01,0.5014516235471952,0.30002331505229257
102,AdaGrad,mini-batch,sparse,0.01,1.7016893680373582,1.6426122416966702
102,AdaGrad,SGD,random,0.01,1.905508793368277,1.8985391553853053
102,AdaGrad,SGD,zero,0.01,0.5818973804596774,0.3681167472916316
102,AdaGrad,SGD,sparse,0.01,1.8816761047801795,1.8242604005704421
102,RMSProp,full,random,0.01,0.2250754078191011,0.009999990901783773
102,RMSProp,full,zero,0.01,0.2250754078191011,0.009999990901783789
102,RMSProp,full,sparse,0.01,0.2250754078191011,0.009999990901783816
102,RMSProp,mini-batch,random,0.01,0.24273757911486843,0.07145796845498821
102,RMSProp,mini-batch,zero,0.01,0.24273506622494792,0.07147023667019818
102,RMSProp,mini-batch,sparse,0.01,0.2427344171884422,0.07146456672395757
102,RMSProp,SGD,random,0.01,0.14381996216519324,0.1734990517252228
102,RMSProp,SGD,zero,0.01,0.07668822927217042,0.16010478795971173
102,RMSProp,SGD,sparse,0.01,0.13818161237464732,0.17628842985266696
102,Adam,full,random,0.01,0.2557693979601225,0.07247765830084436
102,Adam,full,zero,0.01,0.2313725677028007,2.453188548911069e-11
102,Adam,full,sparse,0.01,0.23137265149619923,2.4051165165052944e-06
102,Adam,mini-batch,random,0.01,0.24290944578164644,0.053590413852686945
102,Adam,mini-batch,zero,0.01,0.22672875417293487,0.06758789758406342
102,Adam,mini-batch,sparse,0.01,0.22584861210622867,0.06838546501693013
102,Adam,SGD,random,0.01,0.3764623330589365,0.2930048402346908
102,Adam,SGD,zero,0.01,0.1676426474191957,0.11503409321066255
102,Adam,SGD,sparse,0.01,0.25871260434273347,0.20150383658052973
102,GD,full,random,0.1,0.23137254888358036,7.81705356212584e-08
102,GD,full,zero,0.1,0.2313725851778992,3.6623330790995037e-08
102,GD,full,sparse,0.1,0.2313725394724205,1.0555329442791786e-07
102,GD,mini-batch,random,0.1,0.24633870073279132,0.08028114253139988
102,GD,mini-batch,zero,0.1,0.24633875985790232,0.08028122872091606
102,GD,mini-batch,sparse,0.1,0.2463386675183404,0.080281104680054
102,GD,SGD,random,0.1,0.09808570839958423,0.28826380257273226
102,GD,SGD,zero,0.1,0.10096434923420337,0.246893698159876
102,GD,SGD,sparse,0.1,0.05673960012941994,0.25256475926613214
102,AdaGrad,full,random,0.1,0.3048675783205664,0.1506114428186874
102,AdaGrad,full,zero,0.1,0.23137259223786946,3.2768751770081014e-08
102,AdaGrad,full,sparse,0.1,0.2313995749080695,0.000615612397106341
102,AdaGrad,mini-batch,random,0.1,0.31813280182476933,0.16773658633240474
102,AdaGrad,mini-batch,zero,0.1,0.23174428899900235,0.03725733679451073
102,AdaGrad,mini-batch,sparse,0.1,0.23095084557053258,0.03121466659632497
102,AdaGrad,SGD,random,0.1,0.6563926332441427,0.5406568306929566
102,AdaGrad,SGD,zero,0.1,0.23334085527305048,0.09714152055500026
102,AdaGrad,SGD,sparse,0.1,0.5667961184299058,0.4751535717717736
102,RMSProp,full,random,0.1,0.18382051613130967,0.09999999090178381
102,RMSProp,full,zero,0.1,0.18382051613130967,0.09999999090178385
102,RMSProp,full,sparse,0.1,0.18382051613130967,0.09999999090178381
102,RMSProp,mini-batch,random,0.1,0.35581136251403245,0.20234646215163854
102,RMSProp,mini-batch,zero,0.1,0.35581136251403245,0.20234646215163854
102,RMSProp,mini-batch,sparse,0.1,0.35581136251403245,0.20234646215163854
102,RMSProp,SGD,random,0.1,0.2832841815901622,0.41695145924745064
102,RMSProp,SGD,zero,0.1,0.11368824880176584,0.2271960611711391
102,RMSProp,SGD,sparse,0.1,0.13696360304686747,0.2607278793973137
102,Adam,full,random,0.1,0.23137256768956688,4.695944831791985e-16
102,Adam,full,zero,0.1,0.231372567689567,4.803900036285107e-16
102,Adam,full,sparse,0.1,0.231372567689567,4.803900036285107e-16
102,Adam,mini-batch,random,0.1,0.3377901152306509,0.1647253220084268
102,Adam,mini-batch,zero,0.1,0.33505399426104787,0.17067657833149233
102,Adam,mini-batch,sparse,0.1,0.33495402344424585,0.17000758731280638
102,Adam,SGD,random,0.1,0.1429258367013364,0.2889614317978405
102,Adam,SGD,zero,0.1,0.08275574352864576,0.2833424083070666
102,Adam,SGD,sparse,0.1,0.14903272819523394,0.3195892123057269
103,GD,full,random,0.01,0.3997152463147962,0.21916096837012253
103,GD,full,zero,0.01,0.2726400989215438,0.09502714858525695
103,GD,full,sparse,0.01,0.4058190309810436,0.2747167087179871
103,GD,mini-batch,random,0.01,0.38136925347825784,0.21142314540207
103,GD,mini-batch,zero,0.01,0.258491351062788,0.11038109026057348
103,GD,mini-batch,sparse,0.01,0.3842349804319045,0.2668562374493305
103,GD,SGD,random,0.01,0.442478902384592,0.2643316550212857
103,GD,SGD,zero,0.01,0.3439776677428497,0.16759046642844322
103,GD,SGD,sparse,0.01,0.3788246681304933,0.2080955179538802
103,AdaGrad,full,random,0.01,1.4714303766095307,1.4882377193107703
103,AdaGrad,full,zero,0.01,0.5079616818587255,0.4456739372347216
103,AdaGrad,full,sparse,0.01,1.1474097970124026,1.088211174007369
103,AdaGrad,mini-batch,random,0.01,1.476440092904229,1.4944496655847692
103,AdaGrad,mini-batch,zero,0.01,0.5188519936745707,0.45561681743980054
103,AdaGrad,mini-batch,sparse,0.01,1.2132792301822366,1.1546998242552424
103,AdaGrad,SGD,random,0.01,1.554102813498351,1.5906813014802705
103,AdaGrad,SGD,zero,0.01,0.6476334206645395,0.535768032469964
103,AdaGrad,SGD,sparse,0.01,1.3918211032068009,1.3442623099958715
103,RMSProp,full,random,0.01,0.25864750065604586,0.009999990867528646
103,RMSProp,full,zero,0.01,0.27329667472675023,0.009999990867527966
103,RMSProp,full,sparse,0.01,0.25864750065604586,0.009999990867528646
103,RMSProp,mini-batch,random,0.01,0.2575118772143106,0.0739357362471368
103,RMSProp,mini-batch,zero,0.01,0.25750447947828875,0.07394394602758425
103,RMSProp,mini-batch,sparse,0.01,0.25750575302215595,0.0739292232368078
103,RMSProp,SGD,random,0.01,0.3221040423242603,0.1843754194387569
103,RMSProp,SGD,zero,0.01,0.23058042257141428,0.11039914226252112
103,RMSProp,SGD,sparse,0.01,0.27807371924072133,0.14590230465962178
103,Adam,full,random,0.01,0.2875621904185482,0.04340466066729073
103,Adam,full,zero,0.01,0.2658849156857806,2.0348228908448385e-07
103,Adam,full,sparse,0.01,0.26588493975833144,2.672272941387056e-11
103,Adam,mini-batch,random,0.01,0.27847043638704927,0.05886673387769395
103,Adam,mini-batch,zero,0.01,0.26284066752567786,0.0722672985519805
103,Adam,mini-batch,sparse,0.01,0.2658651140063815,0.07391029192881216
103,Adam,SGD,random,0.01,0.496149892694465,0.3150010547682372
103,Adam,SGD,zero,0.01,0.31832933572446714,0.14902413832423472
103,Adam,SGD,sparse,0.01,0.3500983982997653,0.17398749910715536
103,GD,full,random,0.1,0.2658849514336127,3.787785034893421e-08
103,GD,full,zero,0.1,0.26588493840616756,2.9094096713286048e-08
103,GD,full,sparse,0.1,0.2658849418285773,7.667186781913453e-08
103,GD,mini-batch,random,0.1,0.2637492015552887,0.07863821141781045
103,GD,mini-batch,zero,0.1,0.2637491897649962,0.07863822093358161
103,GD,mini-batch,sparse,0.1,0.263749168957927,0.07863817799054162
103,GD,SGD,random,0.1,0.38272808569176836,0.15047036338528005
103,GD,SGD,zero,0.1,0.5741726726721909,0.3187819036241822
103,GD,SGD,sparse,0.1,0.6645584866374951,0.444870851617337
103,AdaGrad,full,random,0.1,0.31768951865600503,0.09393980101452452
103,AdaGrad,full,zero,0.1,0.2658841434925384,6.738034358209742e-06
103,AdaGrad,full,sparse,0.1,0.2658853295901804,3.819676543060427e-06
103,AdaGrad,mini-batch,random,0.1,0.30710836915532713,0.10444987444862466
103,AdaGrad,mini-batch,zero,0.1,0.2461591357418887,0.04387023756657123
103,AdaGrad,mini-batch,sparse,0.1,0.24706201254710872,0.039385411883379205
103,AdaGrad,SGD,random,0.1,0.5631818395550351,0.407623791155174
103,AdaGrad,SGD,zero,0.1,0.37694887451367515,0.2501863382250088
103,AdaGrad,SGD,sparse,0.1,0.5145558613044501,0.3878370722597802
103,RMSProp,full,random,0.1,0.2042842469461078,0.09999999086752862
103,RMSProp,full,zero,0.1,0.3459155173944793,0.09999999086752791
103,RMSProp,full,sparse,0.1,0.20428424694610772,0.09999999086752873
103,RMSProp,mini-batch,random,0.1,0.28344696716049106,0.08072399648069602
103,RMSProp,mini-batch,zero,0.1,0.28344696716049106,0.08072399648069602
103,RMSProp,mini-batch,sparse,0.1,0.28344696716049106,0.08072399648069602
103,RMSProp,SGD,random,0.1,0.3627198951897716,0.16513464697953611
103,RMSProp,SGD,zero,0.1,0.5485474182863571,0.2861809528948728
103,RMSProp,SGD,sparse,0.1,0.5892256503406847,0.3531910528482079
103,Adam,full,random,0.1,0.2658849397555426,8.053900950903363e-16
103,Adam,full,zero,0.1,0.2658849397555426,5.881301029635769e-16
103,Adam,full,sparse,0.1,0.2658849397555426,5.881301029635769e-16
103,Adam,mini-batch,random,0.1,0.2981495493262932,0.15310010119696718
103,Adam,mini-batch,zero,0.1,0.3043257325633042,0.13834170221230807
103,Adam,mini-batch,sparse,0.1,0.3051673182632935,0.13646913119238044
103,Adam,SGD,random,0.1,0.5205479966755352,0.2671770306259953
103,Adam,SGD,zero,0.1,0.45375981141370464,0.34722516119298164
103,Adam,SGD,sparse,0.1,0.6117156131102561,0.3504527609575431
104,GD,full,random,0.01,0.39089564754960154,0.2569579906814262
104,GD,full,zero,0.01,0.2763284642826989,0.10013948660681114
104,GD,full,sparse,0.01,0.3747563692637591,0.35915369481609255
104,GD,mini-batch,random,0.01,0.3866468363439371,0.2578891015223512
104,GD,mini-batch,zero,0.01,0.27906705555968503,0.11553300465296457
104,GD,mini-batch,sparse,0.01,0.36597125116518675,0.3542318288566491
104,GD,SGD,random,0.01,0.44793077481460225,0.23309967700192344
104,GD,SGD,zero,0.01,0.45047312498295367,0.18310353185813927
104,GD,SGD,sparse,0.01,0.37231620211997474,0.20389835446933058
104,AdaGrad,full,random,0.01,1.2869345774153818,1.3508947627330485
104,AdaGrad,full,zero,0.01,0.6253864081815543,0.5943327886183828
104,AdaGrad,full,sparse,0.01,0.9820754337619788,1.0401078247808397
104,AdaGrad,mini-batch,random,0.01,1.2958192667900947,1.3623619584734978
104,AdaGrad,mini-batch,zero,0.01,0.6398286185286095,0.6054684901168774
104,AdaGrad,mini-batch,sparse,0.01,1.173049727483027,1.248318456073588
104,AdaGrad,SGD,random,0.01,1.3535234298390368,1.4494521181645446
104,AdaGrad,SGD,zero,0.01,0.8420197981422358,0.7420947779689873
104,AdaGrad,SGD,sparse,0.01,1.6104924909467035,1.6916036666210779
104,RMSProp,full,random,0.01,0.325581818558541,0.009999990578040269
104,RMSProp,full,zero,0.01,0.325581818558541,0.009999990578040241
104,RMSProp,full,sparse,0.01,0.32558181855854096,0.009999990578040173
104,RMSProp,mini-batch,random,0.01,0.32244164417940463,0.06362876990710725
104,RMSProp,mini-batch,zero,0.01,0.322404223040644,0.06354769726860297
104,RMSProp,mini-batch,sparse,0.01,0.3223347198375615,0.06351567329997795
104,RMSProp,SGD,random,0.01,0.32048997073650853,0.18863471477321195
104,RMSProp,SGD,zero,0.01,0.28916903477291694,0.09710056855903429
104,RMSProp,SGD,sparse,0.01,0.28728674267339255,0.2842352797022777
104,Adam,full,random,0.01,0.31675226936367895,0.011012466058045244
104,Adam,full,zero,0.01,0.31795243216378233,0.00042426913112722357
104,Adam,full,sparse,0.01,0.31817799033830163,1.3056926080711269e-15
104,Adam,mini-batch,random,0.01,0.3152113084341337,0.054979059804766875
104,Adam,mini-batch,zero,0.01,0.3156258112896998,0.04339017288860945
104,Adam,mini-batch,sparse,0.01,0.31931235992716206,0.05317374974811178
104,Adam,SGD,random,0.01,0.5292462977922738,0.31013308806140716
104,Adam,SGD,zero,0.01,0.45647691592929135,0.19595927958279416
104,Adam,SGD,sparse,0.01,0.41218419137841283,0.2906280299225705
104,GD,full,random,0.1,0.31817795058425624,1.3514109707337355e-07
104,GD,full,zero,0.1,0.3181779675543925,3.722890413750568e-08
104,GD,full,sparse,0.1,0.3181778835519532,1.9897850537754146e-07
104,GD,mini-batch,random,0.1,0.33544008272262166,0.07820922038869178
104,GD,mini-batch,zero,0.1,0.3354400843670046,0.07820915814570238
104,GD,mini-batch,sparse,0.1,0.33544001655184924,0.07820918005638437
104,GD,SGD,random,0.1,0.6328346748936658,0.5532034766218294
104,GD,SGD,zero,0.1,0.7326849090895772,0.6563694291447617
104,GD,SGD,sparse,0.1,0.7423973432351156,0.5248628144468762
104,AdaGrad,full,random,0.1,0.3155189606952301,0.029700214331071166
104,AdaGrad,full,zero,0.1,0.3173742217453395,0.0014974247277832276
104,AdaGrad,full,sparse,0.1,0.3181779821175613,2.7656337673265698e-08
104,AdaGrad,mini-batch,random,0.1,0.3177996871775788,0.09021155044704622
104,AdaGrad,mini-batch,zero,0.1,0.309338984038492,0.037080492665500585
104,AdaGrad,mini-batch,sparse,0.1,0.31169849592238447,0.028280187678211634
104,AdaGrad,SGD,random,0.1,0.662601111182058,0.553727767539018
104,AdaGrad,SGD,zero,0.1,0.3751606336318761,0.2605531030948491
104,AdaGrad,SGD,sparse,0.1,0.72365551950281,0.7606031313452721
104,RMSProp,full,random,0.1,0.2541147764650697,0.09999999057804128
104,RMSProp,full,zero,0.1,0.39736651052241956,0.09999999057804014
104,RMSProp,full,sparse,0.1,0.3973665105224195,0.09999999057804014
104,RMSProp,mini-batch,random,0.1,0.5067502346400045,0.34380107393141107
104,RMSProp,mini-batch,zero,0.1,0.5067502346400045,0.34380107393141107
104,RMSProp,mini-batch,sparse,0.1,0.5067502346400045,0.34380107393141107
104,RMSProp,SGD,random,0.1,0.4850297050113916,0.43234176763843535
104,RMSProp,SGD,zero,0.1,0.5612780794773279,0.47074976143764324
104,RMSProp,SGD,sparse,0.1,0.5651320453278945,0.3110887377860163
104,Adam,full,random,0.1,0.3181779903383012,1.012983452169639e-15
104,Adam,full,zero,0.1,0.31817799033830113,1.1298258127427696e-15
104,Adam,full,sparse,0.1,0.31817799033830135,9.761916494637743e-16
104,Adam,mini-batch,random,0.1,0.3272571561038277,0.08199573114946732
104,Adam,mini-batch,zero,0.1,0.3261836899036775,0.08856681193065738
104,Adam,mini-batch,sparse,0.1,0.32508801830729206,0.0935703804776805
104,Adam,SGD,random,0.1,0.7527555249618086,0.7598252194641272
104,Adam,SGD,zero,0.1,0.7763975862110646,0.5705001901819101
104,Adam,SGD,sparse,0.1,0.6965386096554605,0.6896555782134943
105,GD,full,random,0.01,0.5614705057231647,0.30129648613021626
105,GD,full,zero,0.01,0.4039750667307765,0.06352392968729496
105,GD,full,sparse,0.01,0.6725437804437129,0.41610359291352605
105,GD,mini-batch,random,0.01,0.5456069849286314,0.30148529733395957
105,GD,mini-batch,zero,0.01,0.38292335946479955,0.06780068207679628
105,GD,mini-batch,sparse,0.01,0.6595791818197733,0.4173058130540243
105,GD,SGD,random,0.01,0.49020674575290324,0.2647053844548968
105,GD,SGD,zero,0.01,0.21590013779115744,0.1710305583658881
105,GD,SGD,sparse,0.01,0.5598400571578029,0.36026762523159667
105,AdaGrad,full,random,0.01,1.8753771108448933,1.8064730165703191
105,AdaGrad,full,zero,0.01,0.7547900280771224,0.4252219290839911
105,AdaGrad,full,sparse,0.01,1.6774264978410016,1.4884097434567267
105,AdaGrad,mini-batch,random,0.01,1.8755626582348337,1.812483088826446
105,AdaGrad,mini-batch,zero,0.01,0.7687050123452677,0.43628767846281735
105,AdaGrad,mini-batch,sparse,0.01,1.8413850144924604,1.6477876351579304
105,AdaGrad,SGD,random,0.01,1.9307924046233518,1.921679653462343
105,AdaGrad,SGD,zero,0.01,1.0336547113388215,0.6748304232847259
105,AdaGrad,SGD,sparse,0.01,2.3168440566571484,2.121541421537495
105,RMSProp,full,random,0.01,0.3856951819370951,0.009999990495617589
105,RMSProp,full,zero,0.01,0.385695181937095,0.00999999049561745
105,RMSProp,full,sparse,0.01,0.36803922035228076,0.009999990495616257
105,RMSProp,mini-batch,random,0.01,0.34637899993656435,0.07472262180968665
105,RMSProp,mini-batch,zero,0.01,0.34574689142301585,0.07433515169801726
105,RMSProp,mini-batch,sparse,0.01,0.3463248783612059,0.07447268875025455
105,RMSProp,SGD,random,0.01,0.5028392673915342,0.42155250339414263
105,RMSProp,SGD,zero,0.01,0.11049620477453279,0.2986446991868561
105,RMSProp,SGD,sparse,0.01,0.6382534733868532,0.5097544631840434
105,Adam,full,random,0.01,0.3848007093572264,0.018235825200789244
105,Adam,full,zero,0.01,0.37686896348298365,0.00010078273116054035
105,Adam,full,sparse,0.01,0.3768379262247315,6.228320696866394e-09
105,Adam,mini-batch,random,0.01,0.38900994439259157,0.04676323738227958
105,Adam,mini-batch,zero,0.01,0.3709441293105761,0.03029288994842938
105,Adam,mini-batch,sparse,0.01,0.37288685528102145,0.035815289508825635
105,Adam,SGD,random,0.01,0.7776119854386919,0.6225611278275328
105,Adam,SGD,zero,0.01,0.28109550221145035,0.1409495154236115
105,Adam,SGD,sparse,0.01,0.8822123586276615,0.6857821943049552
105,GD,full,random,0.1,0.3768379424035746,4.18341672081634e-08
105,GD,full,zero,0.1,0.3768379285549615,1.3014500041330146e-08
105,GD,full,sparse,0.1,0.37683796808997755,1.2686846866521584e-07
105,GD,mini-batch,random,0.1,0.3489855731818286,0.11446535164867327
105,GD,mini-batch,zero,0.1,0.3489855516910115,0.11446533333096162
105,GD,mini-batch,sparse,0.1,0.34898559671988494,0.11446533646554
105,GD,SGD,random,0.1,0.671952189039166,0.3677279468573336
105,GD,SGD,zero,0.1,0.4001932927973766,0.526189826432546
105,GD,SGD,sparse,0.1,0.12922521132148576,0.35632485064182906
105,AdaGrad,full,random,0.1,0.4019386613387805,0.0533898079739446
105,AdaGrad,full,zero,0.1,0.37697617723017063,0.0004444591135744514
105,AdaGrad,full,sparse,0.1,0.3768585536041394,5.085284982151354e-05
105,AdaGrad,mini-batch,random,0.1,0.4404654744278016,0.15561597365428742
105,AdaGrad,mini-batch,zero,0.1,0.35645810675510153,0.031744754100663665
105,AdaGrad,mini-batch,sparse,0.1,0.36899752471669794,0.04637507016932547
105,AdaGrad,SGD,random,0.1,1.1052569182535117,0.9203949613666919
105,AdaGrad,SGD,zero,0.1,0.4339716606163147,0.18827602846611433
105,AdaGrad,SGD,sparse,0.1,1.361040763988867,1.158449323190586
105,RMSProp,full,random,0.1,0.29234779544746287,0.099999990495616
105,RMSProp,full,zero,0.1,0.29234779544746264,0.0999999904956163
105,RMSProp,full,sparse,0.1,0.467489469573844,0.09999999049561739
105,RMSProp,mini-batch,random,0.1,0.41611154396276057,0.29191622706164205
105,RMSProp,mini-batch,zero,0.1,0.41611154396276057,0.29191622706164205
105,RMSProp,mini-batch,sparse,0.1,0.41611154396276057,0.29191622706164205
105,RMSProp,SGD,random,0.1,0.5201130425839129,0.3103506856827522
105,RMSProp,SGD,zero,0.1,0.3114281540063923,0.4421117633755796
105,RMSProp,SGD,sparse,0.1,0.1921480323703973,0.34344585638080005
105,Adam,full,random,0.1,0.37683792369344854,1.137640067256873e-15
105,Adam,full,zero,0.1,0.37683792369344854,1.0605390551611693e-15
105,Adam,full,sparse,0.1,0.37683792369344854,1.0265811539126828e-15
105,Adam,mini-batch,random,0.1,0.41548529234797066,0.23156870339357208
105,Adam,mini-batch,zero,0.1,0.4357184706378417,0.2309821020779047
105,Adam,mini-batch,sparse,0.1,0.4412716180466222,0.2308330561798663
105,Adam,SGD,random,0.1,0.5122736917257447,0.2940302566243335
105,Adam,SGD,zero,0.1,0.33963819541249,0.4081230496887208
105,Adam,SGD,sparse,0.1,0.45713578807302296,0.2265320943850489
106,GD,full,random,0.01,0.3364549260646481,0.2687391028270967
106,GD,full,zero,0.01,0.21535193806185624,0.051349061550305046
106,GD,full,sparse,0.01,0.3588098318023328,0.34059867287817
106,GD,mini-batch,random,0.01,0.32182883369973064,0.26030660748410756
106,GD,mini-batch,zero,0.01,0.2020066685227225,0.05467761153551457
106,GD,mini-batch,sparse,0.01,0.3425700822034714,0.33042388137561085
106,GD,SGD,random,0.01,0.3321905027299904,0.28157070133813844
106,GD,SGD,zero,0.01,0.2003920163882606,0.08283423457545475
106,GD,SGD,sparse,0.01,0.3190467166074264,0.3254852443692163
106,AdaGrad,full,random,0.01,1.6293677885781352,1.7167638429761687
106,AdaGrad,full,zero,0.01,0.35436334035613465,0.22625292889336446
106,AdaGrad,full,sparse,0.01,1.5190270704136797,1.5555211084850098
106,AdaGrad,mini-batch,random,0.01,1.6390316363468698,1.7275349460820268
106,AdaGrad,mini-batch,zero,0.01,0.360078005637738,0.2340123440606968
106,AdaGrad,mini-batch,sparse,0.01,1.5569147242184527,1.5920126296181933
106,AdaGrad,SGD,random,0.01,1.7714626106213849,1.8728211913492003
106,AdaGrad,SGD,zero,0.01,0.47037491819525024,0.30723080801569075
106,AdaGrad,SGD,sparse,0.01,1.698239169229376,1.7430688141976771
106,RMSProp,full,random,0.01,0.1794941534000099,0.009999990945205192
106,RMSProp,full,zero,0.01,0.19721552951067284,0.009999990945205178
106,RMSProp,full,sparse,0.01,0.19721552951067287,0.009999990945205192
106,RMSProp,mini-batch,random,0.01,0.158379839273124,0.038447905754864384
106,RMSProp,mini-batch,zero,0.01,0.15837808464696027,0.038462365402400785
106,RMSProp,mini-batch,sparse,0.01,0.15837859456738418,0.03845478182753976
106,RMSProp,SGD,random,0.01,0.24164447211783616,0.22897274911465101
106,RMSProp,SGD,zero,0.01,0.13760693641956087,0.11807642985442902
106,RMSProp,SGD,sparse,0.01,0.15818557730007818,0.1868045092795154
106,Adam,full,random,0.01,0.21705965063925423,0.0958708515679487
106,Adam,full,zero,0.01,0.18829779147324877,2.0713698633270904e-12
106,Adam,full,sparse,0.01,0.1882971504108845,2.4200082656505462e-06
106,Adam,mini-batch,random,0.01,0.1902355406195765,0.1063299622086951
106,Adam,mini-batch,zero,0.01,0.16775055574502698,0.024477324095546385
106,Adam,mini-batch,sparse,0.01,0.16716337618400587,0.025261819157111114
106,Adam,SGD,random,0.01,0.4728560961633371,0.4401291770168523
106,Adam,SGD,zero,0.01,0.21989784068850596,0.08117725888636404
106,Adam,SGD,sparse,0.01,0.2787011570150723,0.2731752255868599
106,GD,full,random,0.1,0.1882978183181053,1.3227756721029941e-07
106,GD,full,zero,0.1,0.1882977965097864,1.836068972331745e-08
106,GD,full,sparse,0.1,0.18829780453226744,1.2479864204887163e-07
106,GD,mini-batch,random,0.1,0.1648643382508609,0.034119249671461134
106,GD,mini-batch,zero,0.1,0.16486433023175545,0.034119323948144216
106,GD,mini-batch,sparse,0.1,0.16486433273068432,0.03411927147301894
106,GD,SGD,random,0.1,0.23186662338546557,0.2049433033730837
106,GD,SGD,zero,0.1,0.13531182775757292,0.24165088538323526
106,GD,SGD,sparse,0.1,0.16200062235219576,0.20629732096502765
106,AdaGrad,full,random,0.1,0.2703596655209939,0.18508814391637757
106,AdaGrad,full,zero,0.1,0.18829779357244786,1.1343903393913914e-08
106,AdaGrad,full,sparse,0.1,0.188164408119126,0.000491329286712168
106,AdaGrad,mini-batch,random,0.1,0.28474574276620146,0.21509692199959807
106,AdaGrad,mini-batch,zero,0.1,0.16419717617947657,0.02734294324716519
106,AdaGrad,mini-batch,sparse,0.1,0.16264925978439645,0.027115851637314867
106,AdaGrad,SGD,random,0.1,0.6698632832487603,0.6408161682927649
106,AdaGrad,SGD,zero,0.1,0.22482869161496674,0.1122672194533913
106,AdaGrad,SGD,sparse,0.1,0.5885143164187888,0.609144889542378
106,RMSProp,full,random,0.1,0.280775984823433,0.09999999094520515
106,RMSProp,full,zero,0.1,0.2807759848234331,0.09999999094520522
106,RMSProp,full,sparse,0.1,0.10989521951234478,0.09999999094520519
106,RMSProp,mini-batch,random,0.1,0.12151480301892803,0.10872244991367784
106,RMSProp,mini-batch,zero,0.1,0.12151480301892803,0.10872244991367784
106,RMSProp,mini-batch,sparse,0.1,0.12151480301892803,0.10872244991367784
106,RMSProp,SGD,random,0.1,0.29978649662363505,0.30673787822408066
106,RMSProp,SGD,zero,0.1,0.2731982906909411,0.32399895548431423
106,RMSProp,SGD,sparse,0.1,0.2247945683843897,0.28771463459238067
106,Adam,full,random,0.1,0.18829779147291267,9.180342824011826e-16
106,Adam,full,zero,0.1,0.18829779147291265,7.596108288712161e-16
106,Adam,full,sparse,0.1,0.18829779147291267,7.616364613445417e-16
106,Adam,mini-batch,random,0.1,0.16688275956194892,0.1105387757518221
106,Adam,mini-batch,zero,0.1,0.1581483244116493,0.1221429732152908
106,Adam,mini-batch,sparse,0.1,0.15846291963473552,0.12189765018693868
106,Adam,SGD,random,0.1,0.13455433935740393,0.29509288189462873
106,Adam,SGD,zero,0.1,0.15310337649221087,0.29714595736913413
106,Adam,SGD,sparse,0.1,0.2204069883861276,0.194217586678457
107,GD,full,random,0.01,0.2586016138011028,0.22948571507172164
107,GD,full,zero,0.01,0.26993178183892763,0.06583734121672709
107,GD,full,sparse,0.01,0.3077376751911674,0.3033876117647883
107,GD,mini-batch,random,0.01,0.24171837022266773,0.23089757114567563
107,GD,mini-batch,zero,0.01,0.254094471693092,0.07823065777632893
107,GD,mini-batch,sparse,0.01,0.2940259069050032,0.30690497143624745
107,GD,SGD,random,0.01,0.17473434413707387,0.23222291650772248
107,GD,SGD,zero,0.01,0.19436499484125416,0.07542502132554843
107,GD,SGD,sparse,0.01,0.2761978257861033,0.3493161298779666
107,AdaGrad,full,random,0.01,1.4484731745179713,1.651804356905314
107,AdaGrad,full,zero,0.01,0.4264056501344475,0.2804701928320562
107,AdaGrad,full,sparse,0.01,1.2423193918261313,1.3278211697158169
107,AdaGrad,mini-batch,random,0.01,1.4602943815196148,1.6643162157567566
107,AdaGrad,mini-batch,zero,0.01,0.43716301492505755,0.28945686269947474
107,AdaGrad,mini-batch,sparse,0.01,1.296533073110053,1.3828530484709438
107,AdaGrad,SGD,random,0.01,1.6022258964743374,1.817684996251222
107,AdaGrad,SGD,zero,0.01,0.5467443247883025,0.35276556583258534
107,AdaGrad,SGD,sparse,0.01,1.4667252027650757,1.5742973128892224
107,RMSProp,full,random,0.01,0.2553543183506721,0.009999990834669823
107,RMSProp,full,zero,0.01,0.23810780326007183,0.009999990834669606
107,RMSProp,full,sparse,0.01,0.23810780326007186,0.009999990834669544
107,RMSProp,mini-batch,random,0.01,0.193568656468112,0.07417567044680654
107,RMSProp,mini-batch,zero,0.01,0.19356970528568151,0.07410946720474654
107,RMSProp,mini-batch,sparse,0.01,0.193554544490228,0.0741836583560838
107,RMSProp,SGD,random,0.01,0.11914073573537602,0.20856202412128785
107,RMSProp,SGD,zero,0.01,0.1406987241144104,0.11665774631214487
107,RMSProp,SGD,sparse,0.01,0.14830531831509722,0.24769299456133184
107,Adam,full,random,0.01,0.23251884973876016,0.056763397785437236
107,Adam,full,zero,0.01,0.246679097521904,3.083228875930602e-10
107,Adam,full,sparse,0.01,0.24667907479279308,5.735755145013512e-08
107,Adam,mini-batch,random,0.01,0.19862240010913748,0.10602193183433481
107,Adam,mini-batch,zero,0.01,0.19749430321136838,0.0760907128651785
107,Adam,mini-batch,sparse,0.01,0.1980718677952622,0.07394105571128591
107,Adam,SGD,random,0.01,0.2864462479236735,0.3721280753956383
107,Adam,SGD,zero,0.01,0.1883453400596871,0.1113562111956779
107,Adam,SGD,sparse,0.01,0.29740316509451203,0.34865968201088043
107,GD,full,random,0.1,0.24667909409971953,4.0533789201843914e-08
107,GD,full,zero,0.1,0.24667910162882833,2.6800574777043756e-08
107,GD,full,sparse,0.1,0.246679081020007,8.989760441610756e-08
107,GD,mini-batch,random,0.1,0.18859092001488012,0.09637985685650112
107,GD,mini-batch,zero,0.1,0.1885909197750892,0.09637983513192924
107,GD,mini-batch,sparse,0.1,0.18859091618492815,0.09637988782979029
107,GD,SGD,random,0.1,0.40472282140055155,0.29471398236398655
107,GD,SGD,zero,0.1,0.6089709134156895,0.42173931163147343
107,GD,SGD,sparse,0.1,0.32009928498871487,0.32786940870347403
107,AdaGrad,full,random,0.1,0.22957279008773102,0.12129745452960437
107,AdaGrad,full,zero,0.1,0.2466791289939443,1.0710755292688383e-07
107,AdaGrad,full,sparse,0.1,0.2466492692901209,7.398745762839175e-05
107,AdaGrad,mini-batch,random,0.1,0.22122895308431914,0.16989174536365298
107,AdaGrad,mini-batch,zero,0.1,0.21718795506249167,0.04251013215995084
107,AdaGrad,mini-batch,sparse,0.1,0.21306963019821362,0.04566121220726997
107,AdaGrad,SGD,random,0.1,0.5296310128514943,0.6265322134213474
107,AdaGrad,SGD,zero,0.1,0.26595524427261,0.1294951203290549
107,AdaGrad,SGD,sparse,0.1,0.5516051575413808,0.6373457458877207
107,RMSProp,full,random,0.1,0.33675379731992594,0.09999999083466977
107,RMSProp,full,zero,0.1,0.16822018477211564,0.09999999083466958
107,RMSProp,full,sparse,0.1,0.16822018477211567,0.09999999083466958
107,RMSProp,mini-batch,random,0.1,0.15658431627775432,0.17179521928400615
107,RMSProp,mini-batch,zero,0.1,0.15658431627775432,0.17179521928400615
107,RMSProp,mini-batch,sparse,0.1,0.15658431627775432,0.17179521928400615
107,RMSProp,SGD,random,0.1,0.37484467715637526,0.29380659329927034
107,RMSProp,SGD,zero,0.1,0.5746353115926653,0.3902753109158287
107,RMSProp,SGD,sparse,0.1,0.30343868414475833,0.34875443215971413
107,Adam,full,random,0.1,0.24667909745283093,1.9279638981753172e-16
107,Adam,full,zero,0.1,0.24667909745283093,2.833924464077117e-16
107,Adam,full,sparse,0.1,0.2466790974528309,2.7194799110210365e-16
107,Adam,mini-batch,random,0.1,0.2726808626651001,0.12209547916230215
107,Adam,mini-batch,zero,0.1,0.25447706552608707,0.11035227140575755
107,Adam,mini-batch,sparse,0.1,0.2543889086340774,0.11048547767181262
107,Adam,SGD,random,0.1,0.5168532432783638,0.4001431052644619
107,Adam,SGD,zero,0.1,0.5308207787604697,0.4240086317260142
107,Adam,SGD,sparse,0.1,0.4628033128286412,0.41098791777351634
108,GD,full,random,0.01,0.5264212076558301,0.3196652361908425
108,GD,full,zero,0.01,0.3697185798464563,0.09202393480757329
108,GD,full,sparse,0.01,0.6209563203143318,0.4205054565328852
108,GD,mini-batch,random,0.01,0.5372933738899719,0.3303049831357856
108,GD,mini-batch,zero,0.01,0.3772790974340533,0.09758450815945623
108,GD,mini-batch,sparse,0.01,0.632590326225215,0.4325939157091151
108,GD,SGD,random,0.01,0.4507010442086184,0.28942815017462936
108,GD,SGD,zero,0.01,0.35581981241906807,0.13394418536514704
108,GD,SGD,sparse,0.01,0.5365249990671617,0.279718875631318
108,AdaGrad,full,random,0.01,1.8583319247441996,1.8265976426171275
108,AdaGrad,full,zero,0.01,0.8148591281994575,0.5784636860225624
108,AdaGrad,full,sparse,0.01,1.724932629111894,1.5948062093146438
108,AdaGrad,mini-batch,random,0.01,1.8541986481282675,1.8234325042794435
108,AdaGrad,mini-batch,zero,0.01,0.8490849285835487,0.6052094243198592
108,AdaGrad,mini-batch,sparse,0.01,1.888410825078068,1.7580649711444012
108,AdaGrad,SGD,random,0.01,1.923325441875908,1.9411748594774472
108,AdaGrad,SGD,zero,0.01,1.0687455046409777,0.7810963633181587
108,AdaGrad,SGD,sparse,0.01,2.3681823515802534,2.2392877867631302
108,RMSProp,full,random,0.01,0.33922868866177813,0.00999999075794289
108,RMSProp,full,zero,0.01,0.35681211738496293,0.009999990757942001
108,RMSProp,full,sparse,0.01,0.35681211738496293,0.009999990757942001
108,RMSProp,mini-batch,random,0.01,0.339113185113239,0.023686281783649944
108,RMSProp,mini-batch,zero,0.01,0.33879107209789666,0.022978942766681016
108,RMSProp,mini-batch,sparse,0.01,0.3390629876515681,0.023057523640455383
108,RMSProp,SGD,random,0.01,0.47243116298900667,0.3767388941863186
108,RMSProp,SGD,zero,0.01,0.2707118222943485,0.16139908774250963
108,RMSProp,SGD,sparse,0.01,0.5562898815272326,0.37386875593284397
108,Adam,full,random,0.01,0.3552887862754474,0.019512314391664707
108,Adam,full,zero,0.01,0.3479747125207123,0.00030009310024690396
108,Adam,full,sparse,0.01,0.347987787773196,2.4615100443850057e-08
108,Adam,mini-batch,random,0.01,0.3544210857011914,0.046512857115354515
108,Adam,mini-batch,zero,0.01,0.34109398480805037,0.019505932578979385
108,Adam,mini-batch,sparse,0.01,0.3419860470607866,0.020014993699069485
108,Adam,SGD,random,0.01,0.7083968145738462,0.552089447698665
108,Adam,SGD,zero,0.01,0.38239618694871774,0.11928496620965606
108,Adam,SGD,sparse,0.01,0.7309263191328491,0.5393362519617598
108,GD,full,random,0.1,0.3479877959114067,5.367485211298906e-08
108,GD,full,zero,0.1,0.3479877812614919,1.202429582768214e-08
108,GD,full,sparse,0.1,0.3479878003208991,5.744963977444567e-08
108,GD,mini-batch,random,0.1,0.3350631017300537,0.04322413291246356
108,GD,mini-batch,zero,0.1,0.3350630893618737,0.043224125794063664
108,GD,mini-batch,sparse,0.1,0.33506310341120693,0.04322410022464372
108,GD,SGD,random,0.1,0.4629138061964674,0.5436828120829001
108,GD,SGD,zero,0.1,0.5366407766510767,0.5311218565506293
108,GD,SGD,sparse,0.1,0.888733280106899,0.7067470221731785
108,AdaGrad,full,random,0.1,0.37235199457280804,0.059951713120403184
108,AdaGrad,full,zero,0.1,0.3479665519006214,0.0011796578563897419
108,AdaGrad,full,sparse,0.1,0.3480171262273125,9.900435472015513e-05
108,AdaGrad,mini-batch,random,0.1,0.4062634917354091,0.1293271624252704
108,AdaGrad,mini-batch,zero,0.1,0.3568748263159382,0.0335410517667597
108,AdaGrad,mini-batch,sparse,0.1,0.3655968460384416,0.048637230537911
108,AdaGrad,SGD,random,0.1,1.1043099705252495,0.9808251714123284
108,AdaGrad,SGD,zero,0.1,0.41281208673275543,0.16388555006764155
108,AdaGrad,SGD,sparse,0.1,1.215887916594677,1.0647581271866184
108,RMSProp,full,random,0.1,0.26438896186605676,0.09999999075794287
108,RMSProp,full,zero,0.1,0.2643889618660566,0.09999999075794298
108,RMSProp,full,sparse,0.1,0.438508225510284,0.09999999075794201
108,RMSProp,mini-batch,random,0.1,0.37770582836397515,0.07847681555716282
108,RMSProp,mini-batch,zero,0.1,0.37770582836397515,0.07847681555716282
108,RMSProp,mini-batch,sparse,0.1,0.37770582836397515,0.07847681555716282
108,RMSProp,SGD,random,0.1,0.43265216340983614,0.5344984978490479
108,RMSProp,SGD,zero,0.1,0.5355558367182787,0.5303225994301282
108,RMSProp,SGD,sparse,0.1,0.7052522883772857,0.5201809453704298
108,Adam,full,random,0.1,0.34798778045616213,1.841933275130387e-15
108,Adam,full,zero,0.1,0.34798778045616213,1.8278685038927108e-15
108,Adam,full,sparse,0.1,0.34798778045616213,1.8013347191190246e-15
108,Adam,mini-batch,random,0.1,0.2957168169660412,0.10094842836595402
108,Adam,mini-batch,zero,0.1,0.29633837325273993,0.10127380602711551
108,Adam,mini-batch,sparse,0.1,0.2961086508527984,0.10151695765854715
108,Adam,SGD,random,0.1,0.5815266494194714,0.5973197283831584
108,Adam,SGD,zero,0.1,0.631896587923513,0.5095969008519039
108,Adam,SGD,sparse,0.1,0.6321666263698942,0.6169305904743119
109,GD,full,random,0.01,0.2992855734474123,0.19242468758632386
109,GD,full,zero,0.01,0.3160185803544695,0.08159553114827023
109,GD,full,sparse,0.01,0.47427524654392494,0.3038744175237759
109,GD,mini-batch,random,0.01,0.278772292020832,0.20922991303901017
109,GD,mini-batch,zero,0.01,0.28415306960293346,0.08604811518369737
109,GD,mini-batch,sparse,0.01,0.455704547258187,0.30662471545804126
109,GD,SGD,random,0.01,0.1664283838212508,0.25405452678657026
109,GD,SGD,zero,0.01,0.20089101284930527,0.1878672052461929
109,GD,SGD,sparse,0.01,0.40326314109920086,0.3246093724993361
109,AdaGrad,full,random,0.01,1.1039689758271303,1.2798401917409978
109,AdaGrad,full,zero,0.01,0.539222949163605,0.4042462917063037
109,AdaGrad,full,sparse,0.01,1.2413561104820732,1.157144870742043
109,AdaGrad,mini-batch,random,0.01,1.1077495105152622,1.283971983770475
109,AdaGrad,mini-batch,zero,0.01,0.5401844595391617,0.40305337491885007
109,AdaGrad,mini-batch,sparse,0.01,1.3485650433969738,1.2584450817613382
109,AdaGrad,SGD,random,0.01,1.26142692012282,1.4582419483323132
109,AdaGrad,SGD,zero,0.01,0.6947206912874087,0.5086915130102585
109,AdaGrad,SGD,sparse,0.01,1.626941927822559,1.5494317434731373
109,RMSProp,full,random,0.01,0.30594653149255957,0.009999990932494998
109,RMSProp,full,zero,0.01,0.29122108224106874,0.009999990932495637
109,RMSProp,full,sparse,0.01,0.30594653149255957,0.009999990932494998
109,RMSProp,mini-batch,random,0.01,0.22666029998819792,0.07516094223148094
109,RMSProp,mini-batch,zero,0.01,0.2267836212968744,0.07507199039692222
109,RMSProp,mini-batch,sparse,0.01,0.22683002307826367,0.07501746008427879
109,RMSProp,SGD,random,0.01,0.10758430754506365,0.2714632546274886
109,RMSProp,SGD,zero,0.01,0.15843362112577955,0.2501442757047257
109,RMSProp,SGD,sparse,0.01,0.30508672950770427,0.2538197350257694
109,Adam,full,random,0.01,0.28954028471388193,0.03400296928814114
109,Adam,full,zero,0.01,0.29850728929284787,6.786231644082585e-07
109,Adam,full,sparse,0.01,0.29850711820358194,1.4090556442928788e-12
109,Adam,mini-batch,random,0.01,0.25000804574446367,0.07245088921800627
109,Adam,mini-batch,zero,0.01,0.2462116087208837,0.05679280199488578
109,Adam,mini-batch,sparse,0.01,0.24381019442092564,0.059577573727021244
109,Adam,SGD,random,0.01,0.2825720613665601,0.37500913065572333
109,Adam,SGD,zero,0.01,0.22137097356600155,0.19883645742316391
109,Adam,SGD,sparse,0.01,0.4642999185580704,0.39850286523898915
109,GD,full,random,0.1,0.29850707028634904,8.746413372434539e-08
109,GD,full,zero,0.1,0.29850713226774545,3.331250398443419e-08
109,GD,full,sparse,0.1,0.29850716561141316,1.0131521358134577e-07
109,GD,mini-batch,random,0.1,0.20430265306814246,0.09669301345719312
109,GD,mini-batch,zero,0.1,0.20430272048405446,0.09669295704259918
109,GD,mini-batch,sparse,0.1,0.2043027492674119,0.09669292840398393
109,GD,SGD,random,0.1,0.3568534499094379,0.2951003447185175
109,GD,SGD,zero,0.1,0.41897209700594523,0.36699020637411217
109,GD,SGD,sparse,0.1,0.42321548346920207,0.24597055470498108
109,AdaGrad,full,random,0.1,0.2858769567732809,0.07318985993997516
109,AdaGrad,full,zero,0.1,0.298508202747106,1.070627649672791e-05
109,AdaGrad,full,sparse,0.1,0.29850771345344673,3.7422750576099944e-06
109,AdaGrad,mini-batch,random,0.1,0.25530436911438886,0.11672096893624831
109,AdaGrad,mini-batch,zero,0.1,0.2562415552720212,0.045126877574944844
109,AdaGrad,mini-batch,sparse,0.1,0.25802249667963095,0.04581576887879334
109,AdaGrad,SGD,random,0.1,0.4282283873098737,0.47140188171832575
109,AdaGrad,SGD,zero,0.1,0.2878888133697514,0.18150281578420452
109,AdaGrad,SGD,sparse,0.1,0.75040080828958,0.6486231227665449
109,RMSProp,full,random,0.1,0.23481621499097538,0.09999999093249562
109,RMSProp,full,zero,0.1,0.23481621499097538,0.09999999093249562
109,RMSProp,full,sparse,0.1,0.23481621499097538,0.09999999093249565
109,RMSProp,mini-batch,random,0.1,0.15924739771941204,0.14911359441348015
109,RMSProp,mini-batch,zero,0.1,0.15924739771941204,0.14911359441348015
109,RMSProp,mini-batch,sparse,0.1,0.15924739771941204,0.14911359441348015
109,RMSProp,SGD,random,0.1,0.19624279737330907,0.21212838173358306
109,RMSProp,SGD,zero,0.1,0.2662497752680828,0.19285415859287486
109,RMSProp,SGD,sparse,0.1,0.3149854515036164,0.2659864385461645
109,Adam,full,random,0.1,0.2985071182038103,4.613190423717512e-16
109,Adam,full,zero,0.1,0.2985071182038103,5.340694943204953e-16
109,Adam,full,sparse,0.1,0.29850711820381026,4.742874840267547e-16
109,Adam,mini-batch,random,0.1,0.18713658718237078,0.12849881888268286
109,Adam,mini-batch,zero,0.1,0.17493265344380704,0.1376207080890366
109,Adam,mini-batch,sparse,0.1,0.17369637603118765,0.1389098862322522
109,Adam,SGD,random,0.1,0.35235149121489123,0.32579437961948027
109,Adam,SGD,zero,0.1,0.3985220155926417,0.35321039393956666
109,Adam,SGD,sparse,0.1,0.3801172552208232,0.1545643826698306
110,GD,full,random,0.01,0.33739311286900064,0.23721325661919535
110,GD,full,zero,0.01,0.23924210099446452,0.07870863804428285
110,GD,full,sparse,0.01,0.3506381891578202,0.2930602155750608
110,GD,mini-batch,random,0.01,0.33009304559311836,0.22686414624406084
110,GD,mini-batch,zero,0.01,0.2324539651888936,0.06149187713581816
110,GD,mini-batch,sparse,0.01,0.358347184309687,0.3028275275919896
110,GD,SGD,random,0.01,0.4239920639495156,0.26667525858136887
110,GD,SGD,zero,0.01,0.34460490228206947,0.16914587572848863
110,GD,SGD,sparse,0.01,0.35760168408129345,0.23141079801988854
110,AdaGrad,full,random,0.01,1.4464427178194705,1.5241574384462886
110,AdaGrad,full,zero,0.01,0.4994309809809115,0.39297876864384335
110,AdaGrad,full,sparse,0.01,1.1064898105191405,1.1128965136690063
110,AdaGrad,mini-batch,random,0.01,1.4511611781327347,1.5299682516132236
110,AdaGrad,mini-batch,zero,0.01,0.4978387708641122,0.3890135457726566
110,AdaGrad,mini-batch,sparse,0.01,1.1951772026814707,1.1980241418589932
110,AdaGrad,SGD,random,0.01,1.5803284191645737,1.6849455960625155
110,AdaGrad,SGD,zero,0.01,0.6664891859662146,0.5056381125178899
110,AdaGrad,SGD,sparse,0.01,1.4541786159346135,1.4712317406460442
110,RMSProp,full,random,0.01,0.22489402500853117,0.009999990766730943
110,RMSProp,full,zero,0.01,0.2248940250085312,0.009999990766730929
110,RMSProp,full,sparse,0.01,0.22489402500853117,0.009999990766730929
110,RMSProp,mini-batch,random,0.01,0.19599985330297526,0.08400047844394438
110,RMSProp,mini-batch,zero,0.01,0.19599197649681405,0.08400039867877504
110,RMSProp,mini-batch,sparse,0.01,0.19601078594132587,0.0840541021880272
110,RMSProp,SGD,random,0.01,0.3471186792170091,0.24751211334723514
110,RMSProp,SGD,zero,0.01,0.23457392739424687,0.10307068395282488
110,RMSProp,SGD,sparse,0.01,0.3071407013169368,0.25553691455072997
110,Adam,full,random,0.01,0.22295701416864935,0.039573971809546055
110,Adam,full,zero,0.01,0.215182890345342,1.2308822849054726e-06
110,Adam,full,sparse,0.01,0.21518279794583733,1.366542922790306e-12
110,Adam,mini-batch,random,0.01,0.23871912162681916,0.06677309486833606
110,Adam,mini-batch,zero,0.01,0.22709483920321177,0.06485067741063046
110,Adam,mini-batch,sparse,0.01,0.22616657518004157,0.06566274064415889
110,Adam,SGD,random,0.01,0.5075755783206689,0.3911712694629415
110,Adam,SGD,zero,0.01,0.39071955837684813,0.202783781764928
110,Adam,SGD,sparse,0.01,0.4036484680864881,0.2883687624786702
110,GD,full,random,0.1,0.21518280135833026,5.175857417146359e-08
110,GD,full,zero,0.1,0.2151827996669234,2.4627142575556438e-08
110,GD,full,sparse,0.1,0.21518279470568713,8.674205071497334e-08
110,GD,mini-batch,random,0.1,0.19032896023286736,0.1000289618664629
110,GD,mini-batch,zero,0.1,0.19032894106055148,0.10002893328427485
110,GD,mini-batch,sparse,0.1,0.19032898295576353,0.1000290202356058
110,GD,SGD,random,0.1,0.8098332711497503,0.6501303780495257
110,GD,SGD,zero,0.1,0.23752370246831483,0.3207314448432914
110,GD,SGD,sparse,0.1,0.5038808835003425,0.45856163110180315
110,AdaGrad,full,random,0.1,0.24119383362469607,0.08771012498618087
110,AdaGrad,full,zero,0.1,0.21518434786322146,1.826634882040372e-05
110,AdaGrad,full,sparse,0.1,0.21518245237110104,2.7395176345837023e-06
110,AdaGrad,mini-batch,random,0.1,0.2572786160216309,0.11883549833201389
110,AdaGrad,mini-batch,zero,0.1,0.21420995154203296,0.04766652258402453
110,AdaGrad,mini-batch,sparse,0.1,0.21486336435089307,0.05403536716992575
110,AdaGrad,SGD,random,0.1,0.6612787124393541,0.5834684200904109
110,AdaGrad,SGD,zero,0.1,0.4001903719793147,0.2583131902064007
110,AdaGrad,SGD,sparse,0.1,0.7168792853513813,0.6813519801537574
110,RMSProp,full,random,0.1,0.12069274466941829,0.09999999076673123
110,RMSProp,full,zero,0.1,0.31311424553077977,0.09999999076673093
110,RMSProp,full,sparse,0.1,0.12069274466941832,0.09999999076673123
110,RMSProp,mini-batch,random,0.1,0.19836134512794829,0.25806790777515565
110,RMSProp,mini-batch,zero,0.1,0.19836134512794829,0.25806790777515565
110,RMSProp,mini-batch,sparse,0.1,0.19836134512794829,0.25806790777515565
110,RMSProp,SGD,random,0.1,0.5559513594361867,0.3547861719723359
110,RMSProp,SGD,zero,0.1,0.1742174518664979,0.29926941355873815
110,RMSProp,SGD,sparse,0.1,0.33593489085180206,0.30649055645206924
110,Adam,full,random,0.1,0.21518279794567016,3.8559277963506344e-16
110,Adam,full,zero,0.1,0.21518279794567013,2.6766507790745728e-16
110,Adam,full,sparse,0.1,0.2151827979456701,3.3422138886441676e-16
110,Adam,mini-batch,random,0.1,0.16766998379777517,0.17966134969796205
110,Adam,mini-batch,zero,0.1,0.16065811592043122,0.18644352527391067
110,Adam,mini-batch,sparse,0.1,0.1605144466126437,0.1863071363834581
110,Adam,SGD,random,0.1,0.45137323838360754,0.579217157131397
110,Adam,SGD,zero,0.1,0.3445362608942007,0.3997406009065368
110,Adam,SGD,sparse,0.1,0.47152212889249967,0.4345638486477596
111,GD,full,random,0.01,0.371372224161172,0.3301085090514994
111,GD,full,zero,0.01,0.21695903447888928,0.08236639907622004
111,GD,full,sparse,0.01,0.42312295577888737,0.38557003128610917
111,GD,mini-batch,random,0.01,0.3677787450469412,0.337851034595996
111,GD,mini-batch,zero,0.01,0.19717622105210192,0.0780624648985946
111,GD,mini-batch,sparse,0.01,0.4216092090002541,0.3946882770144038
111,GD,SGD,random,0.01,0.33647802035084173,0.2754648758166908
111,GD,SGD,zero,0.01,0.24633682773593202,0.10262079052734394
111,GD,SGD,sparse,0.01,0.3624099514833405,0.3374614953782549
111,AdaGrad,full,random,0.01,1.8027899103397331,1.8869769817448714
111,AdaGrad,full,zero,0.01,0.5143425245998414,0.43837576094569364
111,AdaGrad,full,sparse,0.01,1.4044534251444454,1.4101995266055378
111,AdaGrad,mini-batch,random,0.01,1.8064365092840635,1.891446608344496
111,AdaGrad,mini-batch,zero,0.01,0.5280329401207084,0.4480714526112816
111,AdaGrad,mini-batch,sparse,0.01,1.5055346549914508,1.5085214223942527
111,AdaGrad,SGD,random,0.01,1.906168015069167,2.0117322050592494
111,AdaGrad,SGD,zero,0.01,0.6533316920968969,0.5196732920786171
111,AdaGrad,SGD,sparse,0.01,1.828446989246186,1.8374053786445201
111,RMSProp,full,random,0.01,0.21308615767526,0.009999990826626283
111,RMSProp,full,zero,0.01,0.19335572532895998,0.009999990826627158
111,RMSProp,full,sparse,0.01,0.19335572532895998,0.009999990826627144
111,RMSProp,mini-batch,random,0.01,0.17257733219157922,0.05445320935071608
111,RMSProp,mini-batch,zero,0.01,0.17258145611299344,0.054391341607378685
111,RMSProp,mini-batch,sparse,0.01,0.17258547300426308,0.05444001312031915
111,RMSProp,SGD,random,0.01,0.24978619821513354,0.22546400898236366
111,RMSProp,SGD,zero,0.01,0.21953998516241513,0.16895065257601552
111,RMSProp,SGD,sparse,0.01,0.26544529929509525,0.2788181008555757
111,Adam,full,random,0.01,0.20249457251367958,0.04870598817909901
111,Adam,full,zero,0.01,0.20321430438551774,5.059069000485423e-06
111,Adam,full,sparse,0.01,0.20321435389048104,2.821052101072791e-09
111,Adam,mini-batch,random,0.01,0.16720786713099303,0.08021159141666774
111,Adam,mini-batch,zero,0.01,0.1637184354785505,0.04597924640801902
111,Adam,mini-batch,sparse,0.01,0.1674449292039182,0.04407445760723244
111,Adam,SGD,random,0.01,0.4843483894152274,0.4520522268946534
111,Adam,SGD,zero,0.01,0.24385061495051136,0.101277958717027
111,Adam,SGD,sparse,0.01,0.4010618245680689,0.3736516275405437
111,GD,full,random,0.1,0.20321433401390532,1.346763574765316e-07
111,GD,full,zero,0.1,0.20321435268531937,2.055748696344006e-08
111,GD,full,sparse,0.1,0.20321433148951853,1.8807586798184038e-07
111,GD,mini-batch,random,0.1,0.1728600797732075,0.059501278709526484
111,GD,mini-batch,zero,0.1,0.17286008723867502,0.05950121512025092
111,GD,mini-batch,sparse,0.1,0.17286008653845622,0.059501316003905895
111,GD,SGD,random,0.1,0.42719655651134053,0.39899966202237125
111,GD,SGD,zero,0.1,0.3537526773922484,0.32590415966240854
111,GD,SGD,sparse,0.1,0.3392695690517311,0.39781723474121145
111,AdaGrad,full,random,0.1,0.21780393873556356,0.1092988191546417
111,AdaGrad,full,zero,0.1,0.20321411849129617,5.323780860836993e-05
111,AdaGrad,full,sparse,0.1,0.2032096280726421,4.8076472392738484e-05
111,AdaGrad,mini-batch,random,0.1,0.2284033347888315,0.16854827167706432
111,AdaGrad,mini-batch,zero,0.1,0.17269722986476277,0.031737361360294425
111,AdaGrad,mini-batch,sparse,0.1,0.17190282475214244,0.03507474395296542
111,AdaGrad,SGD,random,0.1,0.8364479985058083,0.8250047062557785
111,AdaGrad,SGD,zero,0.1,0.22983321201401002,0.07919144127678972
111,AdaGrad,SGD,sparse,0.1,0.7705058127870595,0.7601485558989101
111,RMSProp,full,random,0.1,0.1058284857575471,0.09999999082662697
111,RMSProp,full,zero,0.1,0.3023118843349435,0.09999999082662622
111,RMSProp,full,sparse,0.1,0.10582848575754666,0.09999999082662742
111,RMSProp,mini-batch,random,0.1,0.19015210600700347,0.19868948714454854
111,RMSProp,mini-batch,zero,0.1,0.19015210600700347,0.19868948714454854
111,RMSProp,mini-batch,sparse,0.1,0.19015210600700347,0.19868948714454854
111,RMSProp,SGD,random,0.1,0.33534107059930346,0.2996743975862192
111,RMSProp,SGD,zero,0.1,0.3194115750565471,0.3020288810574376
111,RMSProp,SGD,sparse,0.1,0.2553235086977259,0.324371142218007
111,Adam,full,random,0.1,0.20321435416479408,4.141444399329172e-15
111,Adam,full,zero,0.1,0.20321435416479408,3.8878616970680404e-15
111,Adam,full,sparse,0.1,0.20321435416479405,4.133997091739976e-15
111,Adam,mini-batch,random,0.1,0.20043024856074454,0.2050232206009811
111,Adam,mini-batch,zero,0.1,0.20884821607207638,0.21488592249633626
111,Adam,mini-batch,sparse,0.1,0.2106140942761328,0.2168378793470125
111,Adam,SGD,random,0.1,0.2605107915834372,0.18816736112267615
111,Adam,SGD,zero,0.1,0.23989992220473144,0.1641668278818166
111,Adam,SGD,sparse,0.1,0.23271483413188562,0.2751364959470037
112,GD,full,random,0.01,0.42858109308835557,0.24895265378327283
112,GD,full,zero,0.01,0.315849122609612,0.10417987712272976
112,GD,full,sparse,0.01,0.570271401827762,0.36716117329732273
112,GD,mini-batch,random,0.01,0.44338822396481864,0.2670827582671878
112,GD,mini-batch,zero,0.01,0.32362192025925984,0.10458233273257457
112,GD,mini-batch,sparse,0.01,0.5833356758752692,0.38155924741984754
112,GD,SGD,random,0.01,0.5641428961581834,0.36917589050746585
112,GD,SGD,zero,0.01,0.3116554724359131,0.0773070934492674
112,GD,SGD,sparse,0.01,0.6764481841898845,0.459285492106078
112,AdaGrad,full,random,0.01,1.466307244688382,1.4620828377551829
112,AdaGrad,full,zero,0.01,0.6356824220202548,0.46755741178112364
112,AdaGrad,full,sparse,0.01,1.7041605170156349,1.544465754159358
112,AdaGrad,mini-batch,random,0.01,1.475157550248234,1.4732142516811713
112,AdaGrad,mini-batch,zero,0.01,0.6489421109214866,0.47574864479832485
112,AdaGrad,mini-batch,sparse,0.01,1.8303029554150967,1.6597844993052935
112,AdaGrad,SGD,random,0.01,1.5565893777761197,1.579328964106941
112,AdaGrad,SGD,zero,0.01,0.753289618937345,0.5467866663254944
112,AdaGrad,SGD,sparse,0.01,2.0523018509327584,1.8894051439659996
112,RMSProp,full,random,0.01,0.2612957069689656,0.009999990740596286
112,RMSProp,full,zero,0.01,0.2612957069689656,0.009999990740596286
112,RMSProp,full,sparse,0.01,0.27671861820474714,0.009999990740596112
112,RMSProp,mini-batch,random,0.01,0.2994573634563114,0.06387574941680746
112,RMSProp,mini-batch,zero,0.01,0.2994226852689119,0.06376301062424683
112,RMSProp,mini-batch,sparse,0.01,0.29945168979085435,0.06382112817990672
112,RMSProp,SGD,random,0.01,0.33737594442824564,0.1618475687004359
112,RMSProp,SGD,zero,0.01,0.20566425542820177,0.07671068207981603
112,RMSProp,SGD,sparse,0.01,0.43487358684837724,0.2220734316085646
112,Adam,full,random,0.01,0.2973857354972206,0.05986260989390543
112,Adam,full,zero,0.01,0.268931981807529,1.496520344532017e-06
112,Adam,full,sparse,0.01,0.2689318870590571,1.4610156628272928e-07
112,Adam,mini-batch,random,0.01,0.32687941345296023,0.10878812564045486
112,Adam,mini-batch,zero,0.01,0.28837954488595563,0.04916811226578397
112,Adam,mini-batch,sparse,0.01,0.2863765272336244,0.051237316972476875
112,Adam,SGD,random,0.01,0.5054288177543881,0.3293794453238337
112,Adam,SGD,zero,0.01,0.2926927937457854,0.06694350630618245
112,Adam,SGD,sparse,0.01,0.5636074298177778,0.33792343811414094
112,GD,full,random,0.1,0.26893183248795927,2.420983634012383e-07
112,GD,full,zero,0.1,0.2689318127585876,1.0117410734788322e-07
112,GD,full,sparse,0.1,0.2689318427686856,1.4460030722844104e-07
112,GD,mini-batch,random,0.1,0.2990429726115247,0.07128115290575103
112,GD,mini-batch,zero,0.1,0.2990429021842945,0.07128097114112583
112,GD,mini-batch,sparse,0.1,0.2990429673318628,0.07128110197488775
112,GD,SGD,random,0.1,1.0395092153953953,0.8004083785981324
112,GD,SGD,zero,0.1,0.21609933430676342,0.2043892242944141
112,GD,SGD,sparse,0.1,0.6077304836038985,0.37756195443496254
112,AdaGrad,full,random,0.1,0.3402600717436717,0.12510130120981458
112,AdaGrad,full,zero,0.1,0.2689353241142291,2.1071457389278167e-05
112,AdaGrad,full,sparse,0.1,0.2690528921792401,0.0002398873850577711
112,AdaGrad,mini-batch,random,0.1,0.3902662878064695,0.19391023300435037
112,AdaGrad,mini-batch,zero,0.1,0.2834036705447072,0.027841475254885624
112,AdaGrad,mini-batch,sparse,0.1,0.29061451377810965,0.04133113968831383
112,AdaGrad,SGD,random,0.1,0.7265842045011919,0.5618390244770344
112,AdaGrad,SGD,zero,0.1,0.36198734972769786,0.14656348646205658
112,AdaGrad,SGD,sparse,0.1,0.8238093591831295,0.623796292681115
112,RMSProp,full,random,0.1,0.20207807407415226,0.09999999074059632
112,RMSProp,full,zero,0.1,0.35187084105769856,0.09999999074059618
112,RMSProp,full,sparse,0.1,0.2020780740741522,0.09999999074059633
112,RMSProp,mini-batch,random,0.1,0.3835998482392179,0.2041544941380861
112,RMSProp,mini-batch,zero,0.1,0.3835998482392179,0.2041544941380861
112,RMSProp,mini-batch,sparse,0.1,0.3835998482392179,0.2041544941380861
112,RMSProp,SGD,random,0.1,0.5933542527801051,0.40746071324715233
112,RMSProp,SGD,zero,0.1,0.3296887739346119,0.4090417848303887
112,RMSProp,SGD,sparse,0.1,0.4613543969191774,0.29494811166978824
112,Adam,full,random,0.1,0.2689318133950799,4.793364605007606e-16
112,Adam,full,zero,0.1,0.26893181339507993,5.79553433516819e-16
112,Adam,full,sparse,0.1,0.26893181339508,5.48304353729612e-16
112,Adam,mini-batch,random,0.1,0.31119903542965854,0.15481768987906241
112,Adam,mini-batch,zero,0.1,0.2639115842213881,0.1695960765713277
112,Adam,mini-batch,sparse,0.1,0.25808554185012217,0.17414241120363097
112,Adam,SGD,random,0.1,0.5831080600495125,0.38957974690551883
112,Adam,SGD,zero,0.1,0.6076402196843942,0.42525987282696676
112,Adam,SGD,sparse,0.1,0.7270980757153932,0.5103844044912983
113,GD,full,random,0.01,0.4074430166644991,0.2924358395372142
113,GD,full,zero,0.01,0.293525671956272,0.09343756395793534
113,GD,full,sparse,0.01,0.44729605729497923,0.3759657519975396
113,GD,mini-batch,random,0.01,0.3951566071063142,0.2885087595241932
113,GD,mini-batch,zero,0.01,0.27935686434951595,0.0913145375664384
113,GD,mini-batch,sparse,0.01,0.43886717666252717,0.37716475079208306
113,GD,SGD,random,0.01,0.4403822659174358,0.35518084742830464
113,GD,SGD,zero,0.01,0.26907316665881736,0.08612010574989763
113,GD,SGD,sparse,0.01,0.47130103465502426,0.4136140504503964
113,AdaGrad,full,random,0.01,1.7317178711696928,1.7542889895414533
113,AdaGrad,full,zero,0.01,0.6287291325461727,0.4442864113364361
113,AdaGrad,full,sparse,0.01,1.4502951514352234,1.4545206540331832
113,AdaGrad,mini-batch,random,0.01,1.734691472718236,1.7583059243150858
113,AdaGrad,mini-batch,zero,0.01,0.632915213971387,0.4470953315779059
113,AdaGrad,mini-batch,sparse,0.01,1.5958454293158553,1.579485394987083
113,AdaGrad,SGD,random,0.01,1.7943911065722808,1.8346329093859524
113,AdaGrad,SGD,zero,0.01,0.7241267645785535,0.5144705203085773
113,AdaGrad,SGD,sparse,0.01,1.8337341331261567,1.8184456597881915
113,RMSProp,full,random,0.01,0.2182487644949416,0.00999999099258457
113,RMSProp,full,zero,0.01,0.23361951394469122,0.009999990992584445
113,RMSProp,full,sparse,0.01,0.23361951394469122,0.009999990992584432
113,RMSProp,mini-batch,random,0.01,0.2173104748449735,0.025979089104356305
113,RMSProp,mini-batch,zero,0.01,0.21728910326906684,0.025988293879424335
113,RMSProp,mini-batch,sparse,0.01,0.21729351825433033,0.026018178889068405
113,RMSProp,SGD,random,0.01,0.20840359536496814,0.20784234983245745
113,RMSProp,SGD,zero,0.01,0.12116984771920337,0.1534799696606343
113,RMSProp,SGD,sparse,0.01,0.2251703438643686,0.2663217997100121
113,Adam,full,random,0.01,0.2337721701297881,0.05062189186056998
113,Adam,full,zero,0.01,0.22584444108277907,2.061179762997651e-06
113,Adam,full,sparse,0.01,0.22584352833796906,1.8319652734392646e-08
113,Adam,mini-batch,random,0.01,0.2126907211176063,0.08049729503756944
113,Adam,mini-batch,zero,0.01,0.198324609441576,0.05460077367986172
113,Adam,mini-batch,sparse,0.01,0.20118173413921747,0.05311808173860902
113,Adam,SGD,random,0.01,0.4793895681205254,0.3876004085794085
113,Adam,SGD,zero,0.01,0.29086444976060355,0.11681697995968753
113,Adam,SGD,sparse,0.01,0.3488040020860487,0.2933736621128321
113,GD,full,random,0.1,0.22584355264934416,7.20934175818615e-08
113,GD,full,zero,0.1,0.2258435536570255,3.608996457063441e-08
113,GD,full,sparse,0.1,0.2258435250847717,1.05202688027627e-07
113,GD,mini-batch,random,0.1,0.22753495146936634,0.02570106678158079
113,GD,mini-batch,zero,0.1,0.22753494716322564,0.025701069258664343
113,GD,mini-batch,sparse,0.1,0.22753493124947707,0.02570115912505771
113,GD,SGD,random,0.1,0.19619719779772027,0.2354271203662887
113,GD,SGD,zero,0.1,0.20540565949878986,0.27969011679280376
113,GD,SGD,sparse,0.1,0.6781720575141977,0.5499097377109555
113,AdaGrad,full,random,0.1,0.2585961771197152,0.11245457095816275
113,AdaGrad,full,zero,0.1,0.22585518487168255,2.4502542652018383e-05
113,AdaGrad,full,sparse,0.1,0.22583027301158928,9.498229567661052e-05
113,AdaGrad,mini-batch,random,0.1,0.2756841849134554,0.15848624788967203
113,AdaGrad,mini-batch,zero,0.1,0.20624439430764924,0.027310413592861158
113,AdaGrad,mini-batch,sparse,0.1,0.20538914377543602,0.039299287488298966
113,AdaGrad,SGD,random,0.1,0.6661838521738314,0.5946193996017475
113,AdaGrad,SGD,zero,0.1,0.3065605723404418,0.1403233341302766
113,AdaGrad,SGD,sparse,0.1,0.6897578263024237,0.6458182517979474
113,RMSProp,full,random,0.1,0.30940765522597957,0.09999999099258447
113,RMSProp,full,zero,0.1,0.16210336253210145,0.09999999099258454
113,RMSProp,full,sparse,0.1,0.16210336253210145,0.09999999099258455
113,RMSProp,mini-batch,random,0.1,0.33270087653117925,0.21275307922086228
113,RMSProp,mini-batch,zero,0.1,0.33270087653117925,0.21275307922086228
113,RMSProp,mini-batch,sparse,0.1,0.33270087653117925,0.21275307922086228
113,RMSProp,SGD,random,0.1,0.1329296058805556,0.19336308273318417
113,RMSProp,SGD,zero,0.1,0.21513332952535202,0.2960589639585283
113,RMSProp,SGD,sparse,0.1,0.44849111347359477,0.3297135073628045
113,Adam,full,random,0.1,0.22584353085667377,5.164700352369266e-16
113,Adam,full,zero,0.1,0.22584353085667383,5.095246377785861e-16
113,Adam,full,sparse,0.1,0.22584353085667377,5.164700352369266e-16
113,Adam,mini-batch,random,0.1,0.25045786065554104,0.11365457401943012
113,Adam,mini-batch,zero,0.1,0.2342973549240447,0.12180915892946771
113,Adam,mini-batch,sparse,0.1,0.23263243565303457,0.12425661075938034
113,Adam,SGD,random,0.1,0.38010283855113636,0.43270749815097986
113,Adam,SGD,zero,0.1,0.4188503308745035,0.4939228909832461
113,Adam,SGD,sparse,0.1,0.36579533778731177,0.41183713963649604
114,GD,full,random,0.01,0.4877931705358363,0.3402185349049812
114,GD,full,zero,0.01,0.30871350479847126,0.0960620385296613
114,GD,full,sparse,0.01,0.5265740342793168,0.47535079602027014
114,GD,mini-batch,random,0.01,0.49899085326580594,0.3461417451780385
114,GD,mini-batch,zero,0.01,0.3183110774439944,0.09337476389959085
114,GD,mini-batch,sparse,0.01,0.5237410613513119,0.4665915398618331
114,GD,SGD,random,0.01,0.3621646309970059,0.2628919601267441
114,GD,SGD,zero,0.01,0.29139808075012397,0.24187911050457722
114,GD,SGD,sparse,0.01,0.4772690104986406,0.4814992390226143
114,AdaGrad,full,random,0.01,1.7295741466172472,1.8143302713493492
114,AdaGrad,full,zero,0.01,0.5038922989885545,0.4612644482867843
114,AdaGrad,full,sparse,0.01,1.8206005597705037,1.8513987540139905
114,AdaGrad,mini-batch,random,0.01,1.7322604694305264,1.8181296100137605
114,AdaGrad,mini-batch,zero,0.01,0.5187906865236618,0.46897375343424136
114,AdaGrad,mini-batch,sparse,0.01,1.9124497914231835,1.9503635977749405
114,AdaGrad,SGD,random,0.01,1.8236455373292613,1.9436591062712836
114,AdaGrad,SGD,zero,0.01,0.7280578043163098,0.5886494411139029
114,AdaGrad,SGD,sparse,0.01,2.1837918499869224,2.234540351628984
114,RMSProp,full,random,0.01,0.3365457499896556,0.009999990727412375
114,RMSProp,full,zero,0.01,0.31878415296748147,0.009999990727412205
114,RMSProp,full,sparse,0.01,0.31878415296748147,0.009999990727412205
114,RMSProp,mini-batch,random,0.01,0.38127546375235066,0.0692928869943369
114,RMSProp,mini-batch,zero,0.01,0.38117060060622104,0.06935720333623381
114,RMSProp,mini-batch,sparse,0.01,0.3811528787038887,0.06924888930684889
114,RMSProp,SGD,random,0.01,0.357369322797979,0.3852556473793262
114,RMSProp,SGD,zero,0.01,0.23335572138400273,0.3166362023952693
114,RMSProp,SGD,sparse,0.01,0.5396860482804852,0.6133187410604003
114,Adam,full,random,0.01,0.33546704335257366,0.08384929109873591
114,Adam,full,zero,0.01,0.32763225082358405,1.0414215540367383e-06
114,Adam,full,sparse,0.01,0.32763203762937976,3.853775100810339e-06
114,Adam,mini-batch,random,0.01,0.350051163938702,0.10323996640659125
114,Adam,mini-batch,zero,0.01,0.3588487618066583,0.051030252658969044
114,Adam,mini-batch,sparse,0.01,0.3592129938070374,0.05128074513594298
114,Adam,SGD,random,0.01,0.6407822142678888,0.5754153242946181
114,Adam,SGD,zero,0.01,0.3542728458324672,0.24777804485177968
114,Adam,SGD,sparse,0.01,0.6554640026228764,0.66795762357
114,GD,full,random,0.1,0.32763272492064166,2.4279082249036377e-07
114,GD,full,zero,0.1,0.32763269386857313,4.6200408781418825e-08
114,GD,full,sparse,0.1,0.32763267579359184,3.6602590675062776e-07
114,GD,mini-batch,random,0.1,0.39595220106358947,0.08197303672230605
114,GD,mini-batch,zero,0.1,0.3959521826637787,0.08197309088016111
114,GD,mini-batch,sparse,0.1,0.39595216026098634,0.08197301161559357
114,GD,SGD,random,0.1,0.4313381932889557,0.4434621162125219
114,GD,SGD,zero,0.1,0.4088401816819672,0.5007514311277077
114,GD,SGD,sparse,0.1,0.48047239735312985,0.37452372064120387
114,AdaGrad,full,random,0.1,0.36645970771120157,0.17805067196003604
114,AdaGrad,full,zero,0.1,0.32762581809776653,1.58053788778257e-05
114,AdaGrad,full,sparse,0.1,0.3273766200046526,0.0014885264877461293
114,AdaGrad,mini-batch,random,0.1,0.41517875312194824,0.24098681286023416
114,AdaGrad,mini-batch,zero,0.1,0.34202315109334924,0.0276322530864572
114,AdaGrad,mini-batch,sparse,0.1,0.3403895517928875,0.061215755645873275
114,AdaGrad,SGD,random,0.1,0.9350562763177237,0.8672203658807848
114,AdaGrad,SGD,zero,0.1,0.3462184767153133,0.2729394295267835
114,AdaGrad,SGD,sparse,0.1,1.0738983804350806,1.0853357024963612
114,RMSProp,full,random,0.1,0.24319665033262522,0.09999999072741216
114,RMSProp,full,zero,0.1,0.4189770446553768,0.09999999072741234
114,RMSProp,full,sparse,0.1,0.24319665033262522,0.09999999072741216
114,RMSProp,mini-batch,random,0.1,0.3880651022957541,0.0665395201836955
114,RMSProp,mini-batch,zero,0.1,0.3880651022957541,0.0665395201836955
114,RMSProp,mini-batch,sparse,0.1,0.3880651022957541,0.0665395201836955
114,RMSProp,SGD,random,0.1,0.29938628763042985,0.37832390371980235
114,RMSProp,SGD,zero,0.1,0.26767654464328994,0.40642721331942566
114,RMSProp,SGD,sparse,0.1,0.3349040883202473,0.28354146739037944
114,Adam,full,random,0.1,0.32763270470925043,8.101585801848734e-16
114,Adam,full,zero,0.1,0.3276327047092503,9.43689570931383e-16
114,Adam,full,sparse,0.1,0.3276327047092503,9.962086630534501e-16
114,Adam,mini-batch,random,0.1,0.44282135872468736,0.12512528585927463
114,Adam,mini-batch,zero,0.1,0.4365606156057419,0.11616808436356638
114,Adam,mini-batch,sparse,0.1,0.4357978807176337,0.11508077630442493
114,Adam,SGD,random,0.1,0.35711316007881055,0.4958446992983133
114,Adam,SGD,zero,0.1,0.44549586293388327,0.661468571266746
114,Adam,SGD,sparse,0.1,0.5319729718700412,0.349876323485822
115,GD,full,random,0.01,0.34829912489928017,0.25879300675533773
115,GD,full,zero,0.01,0.17113580755851185,0.025871755171255145
115,GD,full,sparse,0.01,0.44053277444469285,0.3677608293970838
115,GD,mini-batch,random,0.01,0.3235160612744123,0.23905213409095555
115,GD,mini-batch,zero,0.01,0.15168298404311722,0.025809237583082848
115,GD,mini-batch,sparse,0.01,0.4154200094658868,0.34830287444224417
115,GD,SGD,random,0.01,0.31445931737747923,0.20993911173374524
115,GD,SGD,zero,0.01,0.20461722089273998,0.08176748515646275
115,GD,SGD,sparse,0.01,0.42042768346115394,0.3531653069192272
115,AdaGrad,full,random,0.01,1.7469756914434396,1.7816052442687322
115,AdaGrad,full,zero,0.01,0.22040889460819071,0.10229037131711617
115,AdaGrad,full,sparse,0.01,1.7520057357694832,1.7064510857276929
115,AdaGrad,mini-batch,random,0.01,1.7518946742655666,1.7868505354159134
115,AdaGrad,mini-batch,zero,0.01,0.21996750068978135,0.10807855177166723
115,AdaGrad,mini-batch,sparse,0.01,1.7653425995259864,1.7204500792514574
115,AdaGrad,SGD,random,0.01,1.8561612883618848,1.8999279441212549
115,AdaGrad,SGD,zero,0.01,0.28367846626067067,0.14733003520296745
115,AdaGrad,SGD,sparse,0.01,1.8787119382238562,1.840929465066475
115,RMSProp,full,random,0.01,0.15273169760559047,0.009999990742220135
115,RMSProp,full,zero,0.01,0.16971315788452518,0.009999990742219677
115,RMSProp,full,sparse,0.01,0.16971315788452518,0.009999990742219663
115,RMSProp,mini-batch,random,0.01,0.13765491563402785,0.02902525597168998
115,RMSProp,mini-batch,zero,0.01,0.13765455941266574,0.029025640252105387
115,RMSProp,mini-batch,sparse,0.01,0.13765489092641145,0.02902528457869337
115,RMSProp,SGD,random,0.01,0.15317146312004856,0.046560365501251005
115,RMSProp,SGD,zero,0.01,0.13795678095740327,0.06387745307867876
115,RMSProp,SGD,sparse,0.01,0.14918931416186076,0.12338567264350235
115,Adam,full,random,0.01,0.21430745968908668,0.09558014347264956
115,Adam,full,zero,0.01,0.16113585538751807,2.8031757299712627e-16
115,Adam,full,sparse,0.01,0.16114247080226585,2.8068906710095368e-05
115,Adam,mini-batch,random,0.01,0.20250558186267062,0.08344533951194819
115,Adam,mini-batch,zero,0.01,0.15625720337221014,0.020903502427628264
115,Adam,mini-batch,sparse,0.01,0.1618049085405298,0.020205416326050274
115,Adam,SGD,random,0.01,0.39866877413209856,0.29027989939243865
115,Adam,SGD,zero,0.01,0.24653447259512534,0.10872258783704032
115,Adam,SGD,sparse,0.01,0.31172057951876814,0.2015277481459121
115,GD,full,random,0.1,0.16113587108651847,4.485447739860536e-08
115,GD,full,zero,0.1,0.16113585695454424,6.430454213720851e-09
115,GD,full,sparse,0.1,0.16113588768896292,1.1091215969876067e-07
115,GD,mini-batch,random,0.1,0.13460290828326676,0.033811765639707184
115,GD,mini-batch,zero,0.1,0.13460289754666538,0.03381177990120638
115,GD,mini-batch,sparse,0.1,0.13460291317029563,0.03381173167849046
115,GD,SGD,random,0.1,0.2779264225364654,0.24257158382728794
115,GD,SGD,zero,0.1,0.3363538515211984,0.2713035883683663
115,GD,SGD,sparse,0.1,0.2292163041503729,0.27372145084739696
115,AdaGrad,full,random,0.1,0.2899125720946694,0.1915824689567395
115,AdaGrad,full,zero,0.1,0.16113585538896302,3.5287387963311748e-12
115,AdaGrad,full,sparse,0.1,0.16156490087076222,0.0018284335665734114
115,AdaGrad,mini-batch,random,0.1,0.2781127913856021,0.18713095580512293
115,AdaGrad,mini-batch,zero,0.1,0.14125977617980176,0.02678342216906392
115,AdaGrad,mini-batch,sparse,0.1,0.1444742354866292,0.01854342825411602
115,AdaGrad,SGD,random,0.1,0.5409247446756915,0.47056555762422037
115,AdaGrad,SGD,zero,0.1,0.16710249494908608,0.049697760658436514
115,AdaGrad,SGD,sparse,0.1,0.5406838504831221,0.48451535512296573
115,RMSProp,full,random,0.1,0.25167977092803523,0.09999999074221955
115,RMSProp,full,zero,0.1,0.2516797709280355,0.09999999074221978
115,RMSProp,full,sparse,0.1,0.0926650796440282,0.09999999074222012
115,RMSProp,mini-batch,random,0.1,0.10067655127546718,0.11059899830734862
115,RMSProp,mini-batch,zero,0.1,0.10067655127546718,0.11059899830734862
115,RMSProp,mini-batch,sparse,0.1,0.10067655127546718,0.11059899830734862
115,RMSProp,SGD,random,0.1,0.30905217912138877,0.2946041784852835
115,RMSProp,SGD,zero,0.1,0.33819190150774225,0.26763201277613646
115,RMSProp,SGD,sparse,0.1,0.23628289383728776,0.3120022256340225
115,Adam,full,random,0.1,0.16113585538751815,4.619448428525918e-16
115,Adam,full,zero,0.1,0.16113585538751818,5.367672863358296e-16
115,Adam,full,sparse,0.1,0.16113585538751818,5.396300654998293e-16
115,Adam,mini-batch,random,0.1,0.16391513093528126,0.16428681546593168
115,Adam,mini-batch,zero,0.1,0.21024242198309265,0.1335500971047798
115,Adam,mini-batch,sparse,0.1,0.2055389112058501,0.13237995448056702
115,Adam,SGD,random,0.1,0.5184113625424649,0.5431449388771168
115,Adam,SGD,zero,0.1,0.4416218118954051,0.33816515037959993
115,Adam,SGD,sparse,0.1,0.4708493506872184,0.48377460906350966
116,GD,full,random,0.01,0.37650693605982477,0.2678976364586719
116,GD,full,zero,0.01,0.27297022682805727,0.08695799077669146
116,GD,full,sparse,0.01,0.38457588751922067,0.3465544551750384
116,GD,mini-batch,random,0.01,0.37444726470516165,0.27605004140993444
116,GD,mini-batch,zero,0.01,0.2536918829134806,0.06828777022894458
116,GD,mini-batch,sparse,0.01,0.39761731984254495,0.3697283817725272
116,GD,SGD,random,0.01,0.3922472123570143,0.25684916568437777
116,GD,SGD,zero,0.01,0.30287418832540414,0.16009963197154553
116,GD,SGD,sparse,0.01,0.38784463898250754,0.3006789729578589
116,AdaGrad,full,random,0.01,1.685866058515941,1.7035398079131785
116,AdaGrad,full,zero,0.01,0.5583882193135634,0.3878833550930691
116,AdaGrad,full,sparse,0.01,1.3910375203871994,1.4115558272674968
116,AdaGrad,mini-batch,random,0.01,1.691280973862086,1.7097892456110446
116,AdaGrad,mini-batch,zero,0.01,0.5643662290183477,0.3931731465249308
116,AdaGrad,mini-batch,sparse,0.01,1.466481810909341,1.474926479289416
116,AdaGrad,SGD,random,0.01,1.80452803419671,1.8381473664758925
116,AdaGrad,SGD,zero,0.01,0.6681674694582234,0.47634212473571735
116,AdaGrad,SGD,sparse,0.01,1.7034387967144193,1.7094553801967662
116,RMSProp,full,random,0.01,0.21112395637621204,0.00999999076954937
116,RMSProp,full,zero,0.01,0.19746030800595696,0.009999990769550153
116,RMSProp,full,sparse,0.01,0.19746030800595696,0.009999990769550153
116,RMSProp,mini-batch,random,0.01,0.18999065776398194,0.09491112819853474
116,RMSProp,mini-batch,zero,0.01,0.18998974599343726,0.09490917211190966
116,RMSProp,mini-batch,sparse,0.01,0.1899901632075642,0.09491241749698123
116,RMSProp,SGD,random,0.01,0.18720840975728312,0.12460926854198887
116,RMSProp,SGD,zero,0.01,0.12333693835077936,0.15448757776488517
116,RMSProp,SGD,sparse,0.01,0.1881151540329226,0.1302279722478712
116,Adam,full,random,0.01,0.23006500055934945,0.06501753944636472
116,Adam,full,zero,0.01,0.20416158022628283,5.32053901380638e-09
116,Adam,full,sparse,0.01,0.2041615500054722,9.789447635025052e-08
116,Adam,mini-batch,random,0.01,0.22568912646596234,0.09292564731757227
116,Adam,mini-batch,zero,0.01,0.17943528077763357,0.07729741407958104
116,Adam,mini-batch,sparse,0.01,0.17609486593233964,0.07917357466723905
116,Adam,SGD,random,0.01,0.4556832032818842,0.3575124589459144
116,Adam,SGD,zero,0.01,0.2729882769966996,0.15778123255992205
116,Adam,SGD,sparse,0.01,0.3802332057975254,0.30065081032760366
116,GD,full,random,0.1,0.2041615900218114,6.064662338807163e-08
116,GD,full,zero,0.1,0.2041616054258932,4.613468454647438e-08
116,GD,full,sparse,0.1,0.20416150790875578,1.474494260980456e-07
116,GD,mini-batch,random,0.1,0.19232403798667938,0.09801114566146134
116,GD,mini-batch,zero,0.1,0.19232403814968038,0.0980111334367813
116,GD,mini-batch,sparse,0.1,0.1923240210337255,0.09801128113855868
116,GD,SGD,random,0.1,0.45664894521337945,0.27518419743271605
116,GD,SGD,zero,0.1,0.2389638431758555,0.21230645454820402
116,GD,SGD,sparse,0.1,0.4054153530140087,0.2360498406800049
116,AdaGrad,full,random,0.1,0.2740048355646195,0.13753817106130628
116,AdaGrad,full,zero,0.1,0.204161992278736,5.881369669446293e-07
116,AdaGrad,full,sparse,0.1,0.20412864900008026,0.00012368269276986937
116,AdaGrad,mini-batch,random,0.1,0.2798843137588638,0.1694397632898548
116,AdaGrad,mini-batch,zero,0.1,0.1906715561596328,0.0536420259140977
116,AdaGrad,mini-batch,sparse,0.1,0.19040475179367067,0.05956792010093676
116,AdaGrad,SGD,random,0.1,0.6878349435707747,0.6080131915393585
116,AdaGrad,SGD,zero,0.1,0.30701035761588663,0.1471524752310674
116,AdaGrad,SGD,sparse,0.1,0.6302003167786517,0.5813553490697555
116,RMSProp,full,random,0.1,0.1541692765817982,0.0999999907695501
116,RMSProp,full,zero,0.1,0.28212715046417475,0.09999999076954932
116,RMSProp,full,sparse,0.1,0.15416927658179816,0.09999999076955017
116,RMSProp,mini-batch,random,0.1,0.2731019617896337,0.23251837638420486
116,RMSProp,mini-batch,zero,0.1,0.2731019617896337,0.23251837638420486
116,RMSProp,mini-batch,sparse,0.1,0.2731019617896337,0.23251837638420486
116,RMSProp,SGD,random,0.1,0.32405149060391425,0.21003897022948378
116,RMSProp,SGD,zero,0.1,0.16361418880152936,0.26135929870236674
116,RMSProp,SGD,sparse,0.1,0.36654493978340114,0.2611408547490161
116,Adam,full,random,0.1,0.204161576408209,3.3592274007803775e-15
116,Adam,full,zero,0.1,0.20416157640820903,3.5431598537878247e-15
116,Adam,full,sparse,0.1,0.20416157640820895,3.415627794581857e-15
116,Adam,mini-batch,random,0.1,0.260793737358059,0.1644512346569933
116,Adam,mini-batch,zero,0.1,0.19397524369018615,0.16687890047540868
116,Adam,mini-batch,sparse,0.1,0.19100646695034323,0.1698809321187353
116,Adam,SGD,random,0.1,0.46577880881944916,0.2790933113641878
116,Adam,SGD,zero,0.1,0.2859814252199913,0.16181337682171157
116,Adam,SGD,sparse,0.1,0.5851411564899885,0.402826622260065
117,GD,full,random,0.01,0.4441910435303816,0.3506382048143849
117,GD,full,zero,0.01,0.2586549534872589,0.08209872078354247
117,GD,full,sparse,0.01,0.4020207568298013,0.39281852404346107
117,GD,mini-batch,random,0.01,0.43627980877144484,0.3350778810927379
117,GD,mini-batch,zero,0.01,0.2635687960811726,0.0722070177086261
117,GD,mini-batch,sparse,0.01,0.39370576585758255,0.38026718247940106
117,GD,SGD,random,0.01,0.5008514021948848,0.4480878703355093
117,GD,SGD,zero,0.01,0.24656868097089016,0.12585609650921525
117,GD,SGD,sparse,0.01,0.49930183828246094,0.5209368711533956
117,AdaGrad,full,random,0.01,1.9612482282205734,1.99058496524318
117,AdaGrad,full,zero,0.01,0.46800160676086705,0.32246869213521134
117,AdaGrad,full,sparse,0.01,1.6525539036562304,1.704796587558237
117,AdaGrad,mini-batch,random,0.01,1.9673819150730374,1.99750893654481
117,AdaGrad,mini-batch,zero,0.01,0.47770391198156287,0.33218234551578163
117,AdaGrad,mini-batch,sparse,0.01,1.6942703100837029,1.7433430966723789
117,AdaGrad,SGD,random,0.01,2.0632245975480963,2.103291853442357
117,AdaGrad,SGD,zero,0.01,0.5748520214419909,0.4063857401564744
117,AdaGrad,SGD,sparse,0.01,1.821886066503313,1.8762352754521865
117,RMSProp,full,random,0.01,0.21415211028510311,0.009999990858430459
117,RMSProp,full,zero,0.01,0.21415211028510311,0.009999990858430459
117,RMSProp,full,sparse,0.01,0.1996884541355794,0.009999990858430528
117,RMSProp,mini-batch,random,0.01,0.23240506020700283,0.06954249260867588
117,RMSProp,mini-batch,zero,0.01,0.23240898721748524,0.0695647189538226
117,RMSProp,mini-batch,sparse,0.01,0.23240554607772537,0.06955349193094791
117,RMSProp,SGD,random,0.01,0.3825499361549915,0.38093567476565166
117,RMSProp,SGD,zero,0.01,0.1298751221739804,0.15640042052168113
117,RMSProp,SGD,sparse,0.01,0.30404444171683503,0.35918772402410737
117,Adam,full,random,0.01,0.25152679093974123,0.11768237065371463
117,Adam,full,zero,0.01,0.20680498715175605,5.7230110767762586e-12
117,Adam,full,sparse,0.01,0.20680046060959303,1.2236408876382131e-05
117,Adam,mini-batch,random,0.01,0.2722311839982622,0.11627580920340563
117,Adam,mini-batch,zero,0.01,0.25348446353789866,0.07925460367521947
117,Adam,mini-batch,sparse,0.01,0.2430870974372549,0.06164638717786758
117,Adam,SGD,random,0.01,0.6103514238915829,0.5574341825041462
117,Adam,SGD,zero,0.01,0.24186466824245434,0.15815568975582636
117,Adam,SGD,sparse,0.01,0.38721285499356717,0.4072083981858519
117,GD,full,random,0.1,0.20680504225203475,2.3451643860877865e-07
117,GD,full,zero,0.1,0.20680500414016317,5.27300109783942e-08
117,GD,full,sparse,0.1,0.2068050077531277,2.162876899149612e-07
117,GD,mini-batch,random,0.1,0.2459796391316649,0.08149329377086234
117,GD,mini-batch,zero,0.1,0.24597965159356386,0.08149340691473393
117,GD,mini-batch,sparse,0.1,0.24597960226694515,0.0814932715673231
117,GD,SGD,random,0.1,0.1779067796317656,0.276789289108604
117,GD,SGD,zero,0.1,0.20328257649646453,0.29638524360235746
117,GD,SGD,sparse,0.1,0.16228234148455456,0.22490837111457163
117,AdaGrad,full,random,0.1,0.3290180471219653,0.2290538439006698
117,AdaGrad,full,zero,0.1,0.20680499822832268,3.6102106702811535e-08
117,AdaGrad,full,sparse,0.1,0.2063324180414229,0.0012671778650332301
117,AdaGrad,mini-batch,random,0.1,0.3697170493713172,0.2675342313970348
117,AdaGrad,mini-batch,zero,0.1,0.22317591523663657,0.03713390915586932
117,AdaGrad,mini-batch,sparse,0.1,0.21447969279200682,0.02244554436857647
117,AdaGrad,SGD,random,0.1,0.8062661130145026,0.7484615866283818
117,AdaGrad,SGD,zero,0.1,0.2715346930388673,0.11814173076360966
117,AdaGrad,SGD,sparse,0.1,0.5861094011184484,0.5984288697576541
117,RMSProp,full,random,0.1,0.15112920987496087,0.09999999085843052
117,RMSProp,full,zero,0.1,0.28757010221200924,0.09999999085843049
117,RMSProp,full,sparse,0.1,0.15112920987496087,0.0999999908584305
117,RMSProp,mini-batch,random,0.1,0.25034814764965935,0.14564595430243757
117,RMSProp,mini-batch,zero,0.1,0.25034814764965935,0.14564595430243757
117,RMSProp,mini-batch,sparse,0.1,0.25034814764965935,0.14564595430243757
117,RMSProp,SGD,random,0.1,0.13921408837537788,0.3201818171638495
117,RMSProp,SGD,zero,0.1,0.13521572008267466,0.2867420644122418
117,RMSProp,SGD,sparse,0.1,0.06076468175685789,0.1774628284945291
117,Adam,full,random,0.1,0.20680498715007212,7.938288718631387e-16
117,Adam,full,zero,0.1,0.2068049871500721,6.036438896220727e-16
117,Adam,full,sparse,0.1,0.2068049871500721,5.9529077749218605e-16
117,Adam,mini-batch,random,0.1,0.3364745775981727,0.1573279947098228
117,Adam,mini-batch,zero,0.1,0.32343458784744566,0.15394103881813442
117,Adam,mini-batch,sparse,0.1,0.3254186920451432,0.15448983218384202
117,Adam,SGD,random,0.1,0.24627468914935405,0.325282784273039
117,Adam,SGD,zero,0.1,0.35481611125488116,0.42397586362969764
117,Adam,SGD,sparse,0.1,0.18499101882373278,0.19137889115381201
118,GD,full,random,0.01,0.4204548711150452,0.22510773428408615
118,GD,full,zero,0.01,0.38151526931200064,0.0829178913081237
118,GD,full,sparse,0.01,0.4593466588884286,0.3531939753239792
118,GD,mini-batch,random,0.01,0.3957270174051544,0.21609769590864222
118,GD,mini-batch,zero,0.01,0.3579329834780993,0.07810536364743666
118,GD,mini-batch,sparse,0.01,0.44620124582154463,0.36126329544434393
118,GD,SGD,random,0.01,0.42994983454277375,0.28563485636780006
118,GD,SGD,zero,0.01,0.37076672502028857,0.043410991025097184
118,GD,SGD,sparse,0.01,0.4359881859195109,0.3617960935596685
118,AdaGrad,full,random,0.01,1.394828896168241,1.4366284829357676
118,AdaGrad,full,zero,0.01,0.6872164625933564,0.4062938694665154
118,AdaGrad,full,sparse,0.01,1.071392191647366,1.0909866664695136
118,AdaGrad,mini-batch,random,0.01,1.3968557977984462,1.4407325627601555
118,AdaGrad,mini-batch,zero,0.01,0.6865473981986584,0.4058027349214169
118,AdaGrad,mini-batch,sparse,0.01,1.2506605720244515,1.2442100077478524
118,AdaGrad,SGD,random,0.01,1.4775263619923895,1.5598822722723875
118,AdaGrad,SGD,zero,0.01,0.8442471019365515,0.5293875253528354
118,AdaGrad,SGD,sparse,0.01,1.5179881195165195,1.5250139542478145
118,RMSProp,full,random,0.01,0.32648870843236866,0.009999990465386688
118,RMSProp,full,zero,0.01,0.3264887084323686,0.009999990465386771
118,RMSProp,full,sparse,0.01,0.3264887084323686,0.009999990465386771
118,RMSProp,mini-batch,random,0.01,0.2899762018985119,0.05435496143700655
118,RMSProp,mini-batch,zero,0.01,0.2901129581803059,0.05452389327705862
118,RMSProp,mini-batch,sparse,0.01,0.289919603232116,0.054296094608996835
118,RMSProp,SGD,random,0.01,0.19343291583571187,0.24516390101907118
118,RMSProp,SGD,zero,0.01,0.1989100895655535,0.20665326135938258
118,RMSProp,SGD,sparse,0.01,0.2491662712149436,0.33573894587881903
118,Adam,full,random,0.01,0.3354735263064671,0.02405988353223486
118,Adam,full,zero,0.01,0.3344404245890212,1.8314191177299283e-05
118,Adam,full,sparse,0.01,0.3344357609819558,2.8570721860483084e-14
118,Adam,mini-batch,random,0.01,0.3018804003333391,0.04821345338848066
118,Adam,mini-batch,zero,0.01,0.30525704663655123,0.03639637867026524
118,Adam,mini-batch,sparse,0.01,0.30663088190113313,0.036563962272748024
118,Adam,SGD,random,0.01,0.5356037813137104,0.3630126103656489
118,Adam,SGD,zero,0.01,0.4172439062950567,0.08906428727773923
118,Adam,SGD,sparse,0.01,0.4386167395690553,0.322002208389131
118,GD,full,random,0.1,0.3344357270223481,1.253654053048334e-07
118,GD,full,zero,0.1,0.3344357794630872,6.154242749751369e-08
118,GD,full,sparse,0.1,0.3344356933238145,2.957695067039769e-07
118,GD,mini-batch,random,0.1,0.3205052838271472,0.09884957231614244
118,GD,mini-batch,zero,0.1,0.3205053656461839,0.09884965620066902
118,GD,mini-batch,sparse,0.1,0.32050521397833,0.09884947524368941
118,GD,SGD,random,0.1,0.17659987180580386,0.4358887277262339
118,GD,SGD,zero,0.1,0.19831849623899275,0.43986605463387185
118,GD,SGD,sparse,0.1,0.3813662631714179,0.5050336052149803
118,AdaGrad,full,random,0.1,0.34242522808579756,0.0572252418715188
118,AdaGrad,full,zero,0.1,0.3344682634624005,0.00011068748972270354
118,AdaGrad,full,sparse,0.1,0.33443560331684546,7.764402389451075e-07
118,AdaGrad,mini-batch,random,0.1,0.3259227995834988,0.0950669104836873
118,AdaGrad,mini-batch,zero,0.1,0.3039562956761026,0.03357360099331758
118,AdaGrad,mini-batch,sparse,0.1,0.29869887569195486,0.04449260570150421
118,AdaGrad,SGD,random,0.1,0.6562504745392116,0.5466473523682305
118,AdaGrad,SGD,zero,0.1,0.3672241588251346,0.1140807856377739
118,AdaGrad,SGD,sparse,0.1,0.6033290700961196,0.5769122473630574
118,RMSProp,full,random,0.1,0.2613871024664459,0.09999999046538674
118,RMSProp,full,zero,0.1,0.41877360864495555,0.09999999046538793
118,RMSProp,full,sparse,0.1,0.26138710246644575,0.09999999046538682
118,RMSProp,mini-batch,random,0.1,0.5110850075039725,0.3489855303819449
118,RMSProp,mini-batch,zero,0.1,0.5110850075039725,0.3489855303819449
118,RMSProp,mini-batch,sparse,0.1,0.5110850075039725,0.3489855303819449
118,RMSProp,SGD,random,0.1,0.1382470501838466,0.3613551030300169
118,RMSProp,SGD,zero,0.1,0.1526768031830963,0.31614715931426113
118,RMSProp,SGD,sparse,0.1,0.22922710582503603,0.34860309569673775
118,Adam,full,random,0.1,0.3344357609819618,8.54583310691029e-16
118,Adam,full,zero,0.1,0.3344357609819617,7.870063977598499e-16
118,Adam,full,sparse,0.1,0.3344357609819617,7.488863730937846e-16
118,Adam,mini-batch,random,0.1,0.23629563085068891,0.2243784902537678
118,Adam,mini-batch,zero,0.1,0.2451174163660575,0.22577408134701918
118,Adam,mini-batch,sparse,0.1,0.2463762123017271,0.2257532568579167
118,Adam,SGD,random,0.1,0.37780407366784924,0.637433270935726
118,Adam,SGD,zero,0.1,0.372086119505183,0.23705028117250973
118,Adam,SGD,sparse,0.1,0.16337152063742258,0.37153961637400384
119,GD,full,random,0.01,0.2995962179695006,0.26759412715088804
119,GD,full,zero,0.01,0.1026728012912764,0.031310413390788265
119,GD,full,sparse,0.01,0.367025265648681,0.34221448376664376
119,GD,mini-batch,random,0.01,0.3053059356093152,0.27207587523356325
119,GD,mini-batch,zero,0.01,0.10360802592013912,0.02982578569662127
119,GD,mini-batch,sparse,0.01,0.3703944809580185,0.34490984901256383
119,GD,SGD,random,0.01,0.30540453693869457,0.2786620641863052
119,GD,SGD,zero,0.01,0.09590714742004917,0.027529553916056913
119,GD,SGD,sparse,0.01,0.368069002284203,0.35208902726780805
119,AdaGrad,full,random,0.01,1.83417036170893,1.867401075358584
119,AdaGrad,full,zero,0.01,0.1304733528434338,0.06885164675639692
119,AdaGrad,full,sparse,0.01,1.8119615934569426,1.7993042647113187
119,AdaGrad,mini-batch,random,0.01,1.8426913171033121,1.8763383516244512
119,AdaGrad,mini-batch,zero,0.01,0.14343192122895598,0.08342525997824655
119,AdaGrad,mini-batch,sparse,0.01,1.8204465275932213,1.8080250405664409
119,AdaGrad,SGD,random,0.01,1.9614658324044132,1.9990640158542274
119,AdaGrad,SGD,zero,0.01,0.19643344620451883,0.1392475006463302
119,AdaGrad,SGD,sparse,0.01,1.863465228364564,1.8554736343494842
119,RMSProp,full,random,0.01,0.07644068279555412,0.009999990763761719
119,RMSProp,full,zero,0.01,0.09384676879350197,0.009999990763761625
119,RMSProp,full,sparse,0.01,0.093846768793502,0.00999999076376166
119,RMSProp,mini-batch,random,0.01,0.12927940642827496,0.04576222756310823
119,RMSProp,mini-batch,zero,0.01,0.12927940610806035,0.045762227238890965
119,RMSProp,mini-batch,sparse,0.01,0.1292794061917748,0.04576222731354184
119,RMSProp,SGD,random,0.01,0.08135478483471822,0.06954836780706831
119,RMSProp,SGD,zero,0.01,0.04128624483534558,0.05542388796605964
119,RMSProp,SGD,sparse,0.01,0.06670137224175489,0.1045463089499057
119,Adam,full,random,0.01,0.17422295995070208,0.13472692436882755
119,Adam,full,zero,0.01,0.08500115989997108,1.1295700899707568e-16
119,Adam,full,sparse,0.01,0.08503542151698884,0.0002965454672714716
119,Adam,mini-batch,random,0.01,0.19032669925579757,0.15118128766464528
119,Adam,mini-batch,zero,0.01,0.0858769822805244,0.028911375786439042
119,Adam,mini-batch,sparse,0.01,0.09507362361163434,0.014696824031207246
119,Adam,SGD,random,0.01,0.35207360728898957,0.3301319059241294
119,Adam,SGD,zero,0.01,0.03208785786501694,0.0726135950106767
119,Adam,SGD,sparse,0.01,0.12948708137401738,0.1260286731683385
119,GD,full,random,0.1,0.08500120629533435,1.1809129391158289e-07
119,GD,full,zero,0.1,0.08500116561147114,1.143563012277937e-08
119,GD,full,sparse,0.1,0.08500118875588257,7.436566311023432e-08
119,GD,mini-batch,random,0.1,0.11058227908799285,0.02771288432253481
119,GD,mini-batch,zero,0.1,0.11058223366200363,0.027712834487191917
119,GD,mini-batch,sparse,0.1,0.11058225960842685,0.02771285577056789
119,GD,SGD,random,0.1,0.0987639223375764,0.09927260276796976
119,GD,SGD,zero,0.1,0.15796890982907094,0.11917105325539082
119,GD,SGD,sparse,0.1,0.07487859666236596,0.11653613032803925
119,AdaGrad,full,random,0.1,0.282691681180619,0.2523148096150683
119,AdaGrad,full,zero,0.1,0.08500115989997116,4.557009943521669e-16
119,AdaGrad,full,sparse,0.1,0.08581639160863114,0.005754400044424119
119,AdaGrad,mini-batch,random,0.1,0.32271407249244743,0.2936353983721522
119,AdaGrad,mini-batch,zero,0.1,0.09744586865332436,0.013894015510738546
119,AdaGrad,mini-batch,sparse,0.1,0.0980031274625033,0.020478599422545173
119,AdaGrad,SGD,random,0.1,0.5607226057911404,0.5366907903575193
119,AdaGrad,SGD,zero,0.1,0.08384104304458101,0.022142518108358725
119,AdaGrad,SGD,sparse,0.1,0.33413990975421537,0.31366064355602025
119,RMSProp,full,random,0.1,0.179012284194962,0.09999999076376143
119,RMSProp,full,zero,0.1,0.1790122841949621,0.09999999076376152
119,RMSProp,full,sparse,0.1,0.17901228419496246,0.0999999907637619
119,RMSProp,mini-batch,random,0.1,0.3325153130839421,0.25031516343840443
119,RMSProp,mini-batch,zero,0.1,0.3325153130839421,0.25031516343840443
119,RMSProp,mini-batch,sparse,0.1,0.3325153130839421,0.25031516343840443
119,RMSProp,SGD,random,0.1,0.1602294089803742,0.1499641753876223
119,RMSProp,SGD,zero,0.1,0.4525382723454885,0.3724602792888091
119,RMSProp,SGD,sparse,0.1,0.14776142380206364,0.1518706478513052
119,Adam,full,random,0.1,0.08500115989997109,1.4686870114880517e-16
119,Adam,full,zero,0.1,0.0850011598999711,1.6883057536160649e-16
119,Adam,full,sparse,0.1,0.08500115989997109,1.8631931528314482e-16
119,Adam,mini-batch,random,0.1,0.11681964409541543,0.07097745057833667
119,Adam,mini-batch,zero,0.1,0.16961765271517584,0.09996800941655921
119,Adam,mini-batch,sparse,0.1,0.1686642732451147,0.0975891001002408
119,Adam,SGD,random,0.1,0.13995849308358502,0.07199696482724212
119,Adam,SGD,zero,0.1,0.11965056855426397,0.14332846726818918
119,Adam,SGD,sparse,0.1,0.11898617334071206,0.16715571913330782
120,GD,full,random,0.01,0.45920677212946026,0.3622444686592574
120,GD,full,zero,0.01,0.2439035825787319,0.11478277196795025
120,GD,full,sparse,0.01,0.5649313476070233,0.48022454147111376
120,GD,mini-batch,random,0.01,0.4645054403935428,0.36304996793964067
120,GD,mini-batch,zero,0.01,0.2540487814404325,0.11728701785959669
120,GD,mini-batch,sparse,0.01,0.5665089518211227,0.47757060380002575
120,GD,SGD,random,0.01,0.4132447557831539,0.3106972090867161
120,GD,SGD,zero,0.01,0.25958551993302326,0.10373209965977702
120,GD,SGD,sparse,0.01,0.5368180332865491,0.4543586548627446
120,AdaGrad,full,random,0.01,1.972611355695341,1.9895943170678951
120,AdaGrad,full,zero,0.01,0.6008912606681119,0.5211877027142037
120,AdaGrad,full,sparse,0.01,1.8132206017757089,1.756168170820616
120,AdaGrad,mini-batch,random,0.01,1.9768034689227436,1.994844179945176
120,AdaGrad,mini-batch,zero,0.01,0.6046944442614112,0.52064901602907
120,AdaGrad,mini-batch,sparse,0.01,1.922355284212171,1.8619631770603113
120,AdaGrad,SGD,random,0.01,2.0730965025730406,2.1094681260561905
120,AdaGrad,SGD,zero,0.01,0.7044148520626424,0.5856793986949568
120,AdaGrad,SGD,sparse,0.01,2.1800469765612673,2.125179078824925
120,RMSProp,full,random,0.01,0.18678562825438963,0.009999991033523253
120,RMSProp,full,zero,0.01,0.20570595184536603,0.009999991033523573
120,RMSProp,full,sparse,0.01,0.18678562825438966,0.009999991033523226
120,RMSProp,mini-batch,random,0.01,0.22885853777550633,0.06528429272243418
120,RMSProp,mini-batch,zero,0.01,0.22883106320404337,0.06525355925966715
120,RMSProp,mini-batch,sparse,0.01,0.2288474361028025,0.06526253483639348
120,RMSProp,SGD,random,0.01,0.3021846066827883,0.22955473505181526
120,RMSProp,SGD,zero,0.01,0.20864072354857743,0.08832854083148918
120,RMSProp,SGD,sparse,0.01,0.41764369951633445,0.3592165454604934
120,Adam,full,random,0.01,0.23888242100704138,0.09198202300567637
120,Adam,full,zero,0.01,0.19621938815231318,3.419582579220472e-06
120,Adam,full,sparse,0.01,0.19621941450790314,1.6334432901780934e-06
120,Adam,mini-batch,random,0.01,0.2748475247629007,0.12465328039053213
120,Adam,mini-batch,zero,0.01,0.21963705728220428,0.05215205889596818
120,Adam,mini-batch,sparse,0.01,0.2201989599500399,0.058010139985248156
120,Adam,SGD,random,0.01,0.6174070082394754,0.5238414568081988
120,Adam,SGD,zero,0.01,0.22387726207288297,0.06493665316273617
120,Adam,SGD,sparse,0.01,0.5315193584782992,0.4396178936839072
120,GD,full,random,0.1,0.19621907864596358,2.5266063902618335e-07
120,GD,full,zero,0.1,0.19621904070716334,1.038989429999325e-07
120,GD,full,sparse,0.1,0.19621910783787155,4.537645333893844e-07
120,GD,mini-batch,random,0.1,0.24276921302259427,0.08599930955782599
120,GD,mini-batch,zero,0.1,0.2427691782641073,0.08599928715647981
120,GD,mini-batch,sparse,0.1,0.24276920997605747,0.08599923974431889
120,GD,SGD,random,0.1,0.39078389493791627,0.44803033644985807
120,GD,SGD,zero,0.1,0.6479473181204154,0.5456021674415804
120,GD,SGD,sparse,0.1,0.3380097765644031,0.3728877773031992
120,AdaGrad,full,random,0.1,0.308247349716279,0.1889967274265216
120,AdaGrad,full,zero,0.1,0.1962237062136997,4.301375993987286e-05
120,AdaGrad,full,sparse,0.1,0.1964325430145912,0.000889197941731966
120,AdaGrad,mini-batch,random,0.1,0.36910065822564275,0.254482248678458
120,AdaGrad,mini-batch,zero,0.1,0.21061343724697762,0.01781675723021972
120,AdaGrad,mini-batch,sparse,0.1,0.218900932413028,0.033367688438195334
120,AdaGrad,SGD,random,0.1,0.9016460148975705,0.8263382931659645
120,AdaGrad,SGD,zero,0.1,0.2677808798608126,0.14691478740124198
120,AdaGrad,SGD,sparse,0.1,0.9723957512593464,0.9033011303807198
120,RMSProp,full,random,0.1,0.29262992250609016,0.0999999910335235
120,RMSProp,full,zero,0.1,0.1066373985670278,0.09999999103352333
120,RMSProp,full,sparse,0.1,0.10663739856702793,0.09999999103352318
120,RMSProp,mini-batch,random,0.1,0.4851517459262644,0.3089388454920586
120,RMSProp,mini-batch,zero,0.1,0.4851517459262644,0.3089388454920586
120,RMSProp,mini-batch,sparse,0.1,0.4851517459262644,0.3089388454920586
120,RMSProp,SGD,random,0.1,0.5432918039143824,0.5985000704801322
120,RMSProp,SGD,zero,0.1,0.6316461980106922,0.5372133626048142
120,RMSProp,SGD,sparse,0.1,0.357584483798715,0.36172032163625617
120,Adam,full,random,0.1,0.19621902291273133,5.003707553108401e-16
120,Adam,full,zero,0.1,0.19621902291273136,5.748822300757345e-16
120,Adam,full,sparse,0.1,0.19621902291273138,5.694967977388552e-16
120,Adam,mini-batch,random,0.1,0.2097037356882512,0.23161336557185913
120,Adam,mini-batch,zero,0.1,0.25442040587542647,0.20756657015144792
120,Adam,mini-batch,sparse,0.1,0.25786024554022907,0.206824350213851
120,Adam,SGD,random,0.1,0.4033730985079603,0.442003198815131
120,Adam,SGD,zero,0.1,0.26237969767610797,0.3289194647006878
120,Adam,SGD,sparse,0.1,0.43684322435348033,0.48141203349754963
121,GD,full,random,0.01,0.2701736306281782,0.19120423167572215
121,GD,full,zero,0.01,0.3608053191505271,0.08923648438648286
121,GD,full,sparse,0.01,0.27205146494050375,0.29657555570800137
121,GD,mini-batch,random,0.01,0.2702118846949463,0.18020107541135405
121,GD,mini-batch,zero,0.01,0.37160819730045463,0.10459086922696532
121,GD,mini-batch,sparse,0.01,0.2572393042715849,0.27293945305466855
121,GD,SGD,random,0.01,0.23848030896641328,0.18241849785351863
121,GD,SGD,zero,0.01,0.3750516657760097,0.16844581187251628
121,GD,SGD,sparse,0.01,0.17591873995029564,0.19213958083863442
121,AdaGrad,full,random,0.01,1.1009103577288402,1.3276952612706396
121,AdaGrad,full,zero,0.01,0.6962736520025715,0.44486757904044977
121,AdaGrad,full,sparse,0.01,0.9268171756711363,1.1074365261252435
121,AdaGrad,mini-batch,random,0.01,1.1052436966844053,1.3329110637168897
121,AdaGrad,mini-batch,zero,0.01,0.7119718927440534,0.4570794403107967
121,AdaGrad,mini-batch,sparse,0.01,1.083900219771353,1.244638515300626
121,AdaGrad,SGD,random,0.01,1.229647406375932,1.472487465865694
121,AdaGrad,SGD,zero,0.01,0.8543495611647244,0.5703990213609972
121,AdaGrad,SGD,sparse,0.01,1.3821197875243396,1.5501098167949678
121,RMSProp,full,random,0.01,0.3090244801158698,0.009999990844517852
121,RMSProp,full,zero,0.01,0.30902448011586986,0.009999990844517838
121,RMSProp,full,sparse,0.01,0.29468139972256513,0.009999990844518386
121,RMSProp,mini-batch,random,0.01,0.3310374011116294,0.07309361367073576
121,RMSProp,mini-batch,zero,0.01,0.33112696664965746,0.07315897144884505
121,RMSProp,mini-batch,sparse,0.01,0.3309740422453931,0.0729866461718348
121,RMSProp,SGD,random,0.01,0.17415617038825773,0.2499599390109857
121,RMSProp,SGD,zero,0.01,0.28717246939901686,0.23618820925856332
121,RMSProp,SGD,sparse,0.01,0.09790103026307159,0.23378067743176725
121,Adam,full,random,0.01,0.2907975821533558,0.02424056952813712
121,Adam,full,zero,0.01,0.3017750954310823,4.953266692762339e-06
121,Adam,full,sparse,0.01,0.30177247805227236,8.108855425160457e-14
121,Adam,mini-batch,random,0.01,0.2853689103042999,0.05031069144739603
121,Adam,mini-batch,zero,0.01,0.3030728581174406,0.07228428127353051
121,Adam,mini-batch,sparse,0.01,0.303376094937065,0.07855503202983007
121,Adam,SGD,random,0.01,0.2102238695294459,0.24745601335778067
121,Adam,SGD,zero,0.01,0.3955615509084927,0.17747796480641986
121,Adam,SGD,sparse,0.01,0.1657340876967844,0.25224154260177506
121,GD,full,random,0.1,0.3017724723376094,3.385020255749689e-08
121,GD,full,zero,0.1,0.30177249132464584,2.8351532094876896e-08
121,GD,full,sparse,0.1,0.3017724480819346,7.523839490560169e-08
121,GD,mini-batch,random,0.1,0.33908257758612276,0.0766518819586241
121,GD,mini-batch,zero,0.1,0.33908258998707325,0.07665185353217063
121,GD,mini-batch,sparse,0.1,0.33908254157018636,0.07665179693316915
121,GD,SGD,random,0.1,0.26421665563586394,0.18614885447345345
121,GD,SGD,zero,0.1,0.20273793974064036,0.2444320021381207
121,GD,SGD,sparse,0.1,0.5161462904955698,0.33385487603422503
121,AdaGrad,full,random,0.1,0.27749531511649467,0.05729175496032734
121,AdaGrad,full,zero,0.1,0.3017971933987714,4.3004560859561875e-05
121,AdaGrad,full,sparse,0.1,0.3017716173868525,1.2566678775594166e-06
121,AdaGrad,mini-batch,random,0.1,0.2736511363709064,0.07620404085876548
121,AdaGrad,mini-batch,zero,0.1,0.3146524856364803,0.037413273665830894
121,AdaGrad,mini-batch,sparse,0.1,0.3030959736322648,0.02568775527506045
121,AdaGrad,SGD,random,0.1,0.41813703740729163,0.5064086513139489
121,AdaGrad,SGD,zero,0.1,0.477430845875291,0.2283009509339343
121,AdaGrad,SGD,sparse,0.1,0.4412223071978144,0.5763179152089002
121,RMSProp,full,random,0.1,0.37994956547526015,0.09999999084451784
121,RMSProp,full,zero,0.1,0.37994956547526015,0.09999999084451781
121,RMSProp,full,sparse,0.1,0.24035719471761452,0.09999999084451837
121,RMSProp,mini-batch,random,0.1,0.38629609789550196,0.17217427892047352
121,RMSProp,mini-batch,zero,0.1,0.38629609789550196,0.17217427892047352
121,RMSProp,mini-batch,sparse,0.1,0.38629609789550196,0.17217427892047352
121,RMSProp,SGD,random,0.1,0.31988873213211694,0.31680824967578325
121,RMSProp,SGD,zero,0.1,0.3329274292262973,0.44349213568612045
121,RMSProp,SGD,sparse,0.1,0.6162802343750564,0.5243349750021448
121,Adam,full,random,0.1,0.3017724780522181,3.0303191209571215e-15
121,Adam,full,zero,0.1,0.3017724780522181,3.1421469200065623e-15
121,Adam,full,sparse,0.1,0.3017724780522181,3.027394163195466e-15
121,Adam,mini-batch,random,0.1,0.349146584603639,0.18168682037751582
121,Adam,mini-batch,zero,0.1,0.3596731546870131,0.18923107705678013
121,Adam,mini-batch,sparse,0.1,0.36200942291386085,0.19114998748278644
121,Adam,SGD,random,0.1,0.2111762273757403,0.22578695084356767
121,Adam,SGD,zero,0.1,0.1904936929892917,0.22926808099943968
121,Adam,SGD,sparse,0.1,0.3119399484502609,0.20508716126962878
122,GD,full,random,0.01,0.3373511619789715,0.30833535644038657
122,GD,full,zero,0.01,0.26220380380320496,0.10394279022778485
122,GD,full,sparse,0.01,0.34136922489057625,0.3107000821867289
122,GD,mini-batch,random,0.01,0.31173029016885856,0.2987787321685607
122,GD,mini-batch,zero,0.01,0.23080543441436668,0.0841903739984404
122,GD,mini-batch,sparse,0.01,0.3435619097966252,0.32857283155106776
122,GD,SGD,random,0.01,0.33504943976894686,0.31097914302872015
122,GD,SGD,zero,0.01,0.2027591232690203,0.10747701429930583
122,GD,SGD,sparse,0.01,0.3901252364030336,0.36098410380347545
122,AdaGrad,full,random,0.01,1.483685352766119,1.6342737656824764
122,AdaGrad,full,zero,0.01,0.6621181456583333,0.5830143946743035
122,AdaGrad,full,sparse,0.01,0.9546733076359211,0.9863087487499147
122,AdaGrad,mini-batch,random,0.01,1.485836001350452,1.6374752226021416
122,AdaGrad,mini-batch,zero,0.01,0.6722938546958626,0.5866093129632115
122,AdaGrad,mini-batch,sparse,0.01,1.1211803542307333,1.1623541437047584
122,AdaGrad,SGD,random,0.01,1.6003616163456456,1.7764439818427058
122,AdaGrad,SGD,zero,0.01,0.8482713752127865,0.7043327529363063
122,AdaGrad,SGD,sparse,0.01,1.4429931299539864,1.4971612639260201
122,RMSProp,full,random,0.01,0.24281247921897534,0.00999999065533118
122,RMSProp,full,zero,0.01,0.24281247921897536,0.009999990655331166
122,RMSProp,full,sparse,0.01,0.2616008026048371,0.009999990655330778
122,RMSProp,mini-batch,random,0.01,0.204474851192624,0.09881028085693488
122,RMSProp,mini-batch,zero,0.01,0.20461517566342735,0.09883273001015211
122,RMSProp,mini-batch,sparse,0.01,0.2045816867371573,0.09890078124371617
122,RMSProp,SGD,random,0.01,0.3416135370203776,0.3926768074253913
122,RMSProp,SGD,zero,0.01,0.1686441836267924,0.1683846960085007
122,RMSProp,SGD,sparse,0.01,0.3482863034114096,0.37299229394070343
122,Adam,full,random,0.01,0.24700497434691468,0.028793153123569688
122,Adam,full,zero,0.01,0.252181457675742,1.8329473551377365e-05
122,Adam,full,sparse,0.01,0.25218334635909967,2.3993727909106426e-15
122,Adam,mini-batch,random,0.01,0.22107670649978756,0.06215666393920143
122,Adam,mini-batch,zero,0.01,0.2410908311937849,0.08735825357103714
122,Adam,mini-batch,sparse,0.01,0.24375571779963703,0.09693386280678631
122,Adam,SGD,random,0.01,0.5527592965483058,0.5826027373933707
122,Adam,SGD,zero,0.01,0.22133777175382024,0.13693636761190286
122,Adam,SGD,sparse,0.01,0.449595398412923,0.45292201249438485
122,GD,full,random,0.1,0.25218330694674035,1.754919703973732e-07
122,GD,full,zero,0.1,0.2521833430024869,1.7389544808296105e-08
122,GD,full,sparse,0.1,0.2521833121947985,1.2189711494323814e-07
122,GD,mini-batch,random,0.1,0.20002165423267937,0.10421848366551015
122,GD,mini-batch,zero,0.1,0.20002170756400817,0.104218502023714
122,GD,mini-batch,sparse,0.1,0.20002167369136517,0.1042185108211452
122,GD,SGD,random,0.1,0.9318161849653458,0.7854304177149763
122,GD,SGD,zero,0.1,0.6304464896619894,0.6011297539502577
122,GD,SGD,sparse,0.1,0.7815455714555959,0.7144602295774808
122,AdaGrad,full,random,0.1,0.244469060411222,0.06741715119493351
122,AdaGrad,full,zero,0.1,0.2521730519240419,0.00013752235861847343
122,AdaGrad,full,sparse,0.1,0.25218332679763394,7.615712026170617e-08
122,AdaGrad,mini-batch,random,0.1,0.2170292122422391,0.11971688317635751
122,AdaGrad,mini-batch,zero,0.1,0.22090902919294714,0.04931488123722858
122,AdaGrad,mini-batch,sparse,0.1,0.22018211766552948,0.06072477577053218
122,AdaGrad,SGD,random,0.1,0.8200402173517473,0.8533454175168973
122,AdaGrad,SGD,zero,0.1,0.30017651871031104,0.2238305288392588
122,AdaGrad,SGD,sparse,0.1,0.626236191586931,0.6384872576145053
122,RMSProp,full,random,0.1,0.3478244924944578,0.09999999065533079
122,RMSProp,full,zero,0.1,0.16189811316025995,0.09999999065533119
122,RMSProp,full,sparse,0.1,0.16189811316025993,0.09999999065533123
122,RMSProp,mini-batch,random,0.1,0.27208680312771694,0.299496295157101
122,RMSProp,mini-batch,zero,0.1,0.27208680312771694,0.299496295157101
122,RMSProp,mini-batch,sparse,0.1,0.27208680312771694,0.299496295157101
122,RMSProp,SGD,random,0.1,0.6736881595950941,0.5594550501913823
122,RMSProp,SGD,zero,0.1,0.6016488331198867,0.5633480643530505
122,RMSProp,SGD,sparse,0.1,0.6382194063019878,0.577478765480869
122,Adam,full,random,0.1,0.25218334635909917,1.6939998869943827e-15
122,Adam,full,zero,0.1,0.2521833463590993,1.757390468512724e-15
122,Adam,full,sparse,0.1,0.25218334635909934,1.7582669725415395e-15
122,Adam,mini-batch,random,0.1,0.24292130645445928,0.08725721466745566
122,Adam,mini-batch,zero,0.1,0.23847087282191237,0.08602051968596601
122,Adam,mini-batch,sparse,0.1,0.23814965304688349,0.08588429136308177
122,Adam,SGD,random,0.1,0.4767246420484838,0.4613284267860213
122,Adam,SGD,zero,0.1,0.3821829365615602,0.43241980899294713
122,Adam,SGD,sparse,0.1,0.7382482920217572,0.6112290629590064
123,GD,full,random,0.01,0.5088338816417736,0.34117259497323776
123,GD,full,zero,0.01,0.29785465111470355,0.09231711046460107
123,GD,full,sparse,0.01,0.536048037405446,0.4455717106699651
123,GD,mini-batch,random,0.01,0.5002534179013401,0.33961702825274664
123,GD,mini-batch,zero,0.01,0.2838772731933017,0.09004308530129514
123,GD,mini-batch,sparse,0.01,0.5273365120492235,0.44579390371176997
123,GD,SGD,random,0.01,0.5148103994101343,0.34079854675337673
123,GD,SGD,zero,0.01,0.28512648692662607,0.12010684536556988
123,GD,SGD,sparse,0.01,0.5721178933494673,0.47412996231002547
123,AdaGrad,full,random,0.01,2.1663321020613475,2.0957688129900673
123,AdaGrad,full,zero,0.01,0.655717203742991,0.47430519915984437
123,AdaGrad,full,sparse,0.01,1.8365482102569906,1.8044201439042507
123,AdaGrad,mini-batch,random,0.01,2.1685279399965363,2.0987109930521988
123,AdaGrad,mini-batch,zero,0.01,0.6614441839831176,0.478351383687742
123,AdaGrad,mini-batch,sparse,0.01,1.9319460795261223,1.8829619050984887
123,AdaGrad,SGD,random,0.01,2.2613637634236854,2.2111740904796413
123,AdaGrad,SGD,zero,0.01,0.7833390069962262,0.5745860016392885
123,AdaGrad,SGD,sparse,0.01,2.205765620236604,2.1535306451905494
123,RMSProp,full,random,0.01,0.24140398560832607,0.00999999066934075
123,RMSProp,full,zero,0.01,0.22778850848754637,0.009999990669341492
123,RMSProp,full,sparse,0.01,0.24140398560832604,0.009999990669340764
123,RMSProp,mini-batch,random,0.01,0.22616240889553418,0.030313022973191422
123,RMSProp,mini-batch,zero,0.01,0.2261414558165376,0.03029543825958326
123,RMSProp,mini-batch,sparse,0.01,0.22614662819845271,0.030301250214296634
123,RMSProp,SGD,random,0.01,0.3561753408896777,0.19571935111190508
123,RMSProp,SGD,zero,0.01,0.15490365433532374,0.11471878135703864
123,RMSProp,SGD,sparse,0.01,0.35469429365201566,0.24940207514500182
123,Adam,full,random,0.01,0.2665764751730898,0.07134018549404973
123,Adam,full,zero,0.01,0.23448197405861898,2.14979033563415e-07
123,Adam,full,sparse,0.01,0.23448196734914473,3.404098742034331e-06
123,Adam,mini-batch,random,0.01,0.2504611562605557,0.08282273495628767
123,Adam,mini-batch,zero,0.01,0.21716516502444097,0.06499896846251087
123,Adam,mini-batch,sparse,0.01,0.21930516746105833,0.06896536980074745
123,Adam,SGD,random,0.01,0.731129590224017,0.5816719087651347
123,Adam,SGD,zero,0.01,0.27355789865405206,0.10628145718636253
123,Adam,SGD,sparse,0.01,0.5537697149227002,0.45463732856227107
123,GD,full,random,0.1,0.2344818752323258,8.162920665034866e-08
123,GD,full,zero,0.1,0.23448186793445994,1.96805707966831e-08
123,GD,full,sparse,0.1,0.23448184692803534,1.8884943780968628e-07
123,GD,mini-batch,random,0.1,0.22907534108231178,0.03816172630841838
123,GD,mini-batch,zero,0.1,0.22907533540024128,0.03816171326925443
123,GD,mini-batch,sparse,0.1,0.22907530983827082,0.03816174553616173
123,GD,SGD,random,0.1,0.5692838042180184,0.3692475316672648
123,GD,SGD,zero,0.1,0.2768683772442397,0.14107041712485707
123,GD,SGD,sparse,0.1,0.5197706901416442,0.2922760226777978
123,AdaGrad,full,random,0.1,0.3296134215734691,0.1609209121169967
123,AdaGrad,full,zero,0.1,0.23448540484357597,6.422385673851866e-06
123,AdaGrad,full,sparse,0.1,0.23452280163971684,0.001253919885665051
123,AdaGrad,mini-batch,random,0.1,0.3565997302593865,0.1997835539439963
123,AdaGrad,mini-batch,zero,0.1,0.21456300764942418,0.03245124574039934
123,AdaGrad,mini-batch,sparse,0.1,0.21610718820846656,0.03351349138829452
123,AdaGrad,SGD,random,0.1,1.0386180799615863,0.8890458907055531
123,AdaGrad,SGD,zero,0.1,0.3511258056087974,0.17123421661041097
123,AdaGrad,SGD,sparse,0.1,0.9730712215092441,0.8948462681288472
123,RMSProp,full,random,0.1,0.18176995810202207,0.09999999066934162
123,RMSProp,full,zero,0.1,0.181769958102022,0.09999999066934148
123,RMSProp,full,sparse,0.1,0.18176995810202196,0.09999999066934152
123,RMSProp,mini-batch,random,0.1,0.23816104209144764,0.1630621756179565
123,RMSProp,mini-batch,zero,0.1,0.23816104209144764,0.1630621756179565
123,RMSProp,mini-batch,sparse,0.1,0.23816104209144764,0.1630621756179565
123,RMSProp,SGD,random,0.1,0.5869383842748312,0.4586918260051071
123,RMSProp,SGD,zero,0.1,0.14352605217142464,0.24686194327807234
123,RMSProp,SGD,sparse,0.1,0.39225063836816926,0.20181503223756522
123,Adam,full,random,0.1,0.23448186415988787,1.436937539831692e-15
123,Adam,full,zero,0.1,0.2344818641598878,1.4046076445151095e-15
123,Adam,full,sparse,0.1,0.23448186415988767,1.6319830023909895e-15
123,Adam,mini-batch,random,0.1,0.2063611215702185,0.07349261848741175
123,Adam,mini-batch,zero,0.1,0.22092363342231003,0.07622404727597108
123,Adam,mini-batch,sparse,0.1,0.22299129046203253,0.0771831065237258
123,Adam,SGD,random,0.1,0.37598347859077696,0.1736843569865911
123,Adam,SGD,zero,0.1,0.38805882189819607,0.18653568038888044
123,Adam,SGD,sparse,0.1,0.529274166229829,0.3236712971953509
124,GD,full,random,0.01,0.28264053583783516,0.23329381390106227
124,GD,full,zero,0.01,0.23047176983555814,0.07207415466590394
124,GD,full,sparse,0.01,0.27058854134261284,0.2898598852612298
124,GD,mini-batch,random,0.01,0.2767108775496464,0.2296365294444476
124,GD,mini-batch,zero,0.01,0.22590025767494434,0.06786897675611807
124,GD,mini-batch,sparse,0.01,0.26836505609120337,0.2922903427553015
124,GD,SGD,random,0.01,0.28367737243466806,0.2792970663863924
124,GD,SGD,zero,0.01,0.18889094018733932,0.1075975425606381
124,GD,SGD,sparse,0.01,0.2033901781877693,0.27846615524436424
124,AdaGrad,full,random,0.01,1.5711407039460532,1.6670790140936085
124,AdaGrad,full,zero,0.01,0.44293127220612927,0.30703825222948355
124,AdaGrad,full,sparse,0.01,1.2972594233574706,1.3682642367338915
124,AdaGrad,mini-batch,random,0.01,1.5704000895773558,1.6663357475241283
124,AdaGrad,mini-batch,zero,0.01,0.4513876230025147,0.31545319991063575
124,AdaGrad,mini-batch,sparse,0.01,1.3324141029654823,1.4009715014494502
124,AdaGrad,SGD,random,0.01,1.7159870332910991,1.8233315914446329
124,AdaGrad,SGD,zero,0.01,0.5559785114152345,0.4018410031254614
124,AdaGrad,SGD,sparse,0.01,1.4795059238473316,1.5556112609524766
124,RMSProp,full,random,0.01,0.1729442094891535,0.00999999079442762
124,RMSProp,full,zero,0.01,0.18857708137396623,0.009999990794427609
124,RMSProp,full,sparse,0.01,0.17294420948915354,0.009999990794427599
124,RMSProp,mini-batch,random,0.01,0.16045207803854727,0.04605824040642808
124,RMSProp,mini-batch,zero,0.01,0.1604522305490944,0.04605891018806774
124,RMSProp,mini-batch,sparse,0.01,0.16045067019181922,0.04605888971189209
124,RMSProp,SGD,random,0.01,0.058259635878305335,0.1525252477686696
124,RMSProp,SGD,zero,0.01,0.07115689283696042,0.1984703587175118
124,RMSProp,SGD,sparse,0.01,0.03735024644908649,0.17621474027837222
124,Adam,full,random,0.01,0.1816437076103526,0.06645708884136042
124,Adam,full,zero,0.01,0.18065300382825084,2.713560737637332e-12
124,Adam,full,sparse,0.01,0.18065280814186802,3.942931886899202e-07
124,Adam,mini-batch,random,0.01,0.17723279336453576,0.07263758149545219
124,Adam,mini-batch,zero,0.01,0.19536554163694475,0.053358296598864347
124,Adam,mini-batch,sparse,0.01,0.19316896638085723,0.05221044246846909
124,Adam,SGD,random,0.01,0.31798162954578135,0.34294231014024196
124,Adam,SGD,zero,0.01,0.14092292672052625,0.12062233594591616
124,Adam,SGD,sparse,0.01,0.103737735786348,0.2130155204882861
124,GD,full,random,0.1,0.18065301414220766,6.134036541759358e-08
124,GD,full,zero,0.1,0.18065301529420588,2.562366907470647e-08
124,GD,full,sparse,0.1,0.1806529750843333,6.235918455177181e-08
124,GD,mini-batch,random,0.1,0.16925298587134233,0.04317511033590654
124,GD,mini-batch,zero,0.1,0.16925299095622048,0.04317511342429236
124,GD,mini-batch,sparse,0.1,0.1692529446238465,0.04317512616998514
124,GD,SGD,random,0.1,0.1571397627225053,0.22921505497771247
124,GD,SGD,zero,0.1,0.16219954886877966,0.28883327528412184
124,GD,SGD,sparse,0.1,0.11263796373973309,0.20620847074166226
124,AdaGrad,full,random,0.1,0.20630489538440866,0.13712787247084018
124,AdaGrad,full,zero,0.1,0.1806530123976708,1.950100921185407e-08
124,AdaGrad,full,sparse,0.1,0.1805792099797704,0.000148475593469121
124,AdaGrad,mini-batch,random,0.1,0.21019444817269164,0.14031164152077466
124,AdaGrad,mini-batch,zero,0.1,0.17554233002085082,0.02121621233173155
124,AdaGrad,mini-batch,sparse,0.1,0.17207657805406734,0.022528795677385367
124,AdaGrad,SGD,random,0.1,0.6349223361632542,0.6470608715600423
124,AdaGrad,SGD,zero,0.1,0.26021983810868565,0.15379531514379927
124,AdaGrad,SGD,sparse,0.1,0.4191203562894513,0.47157825254277724
124,RMSProp,full,random,0.1,0.11990580715862569,0.09999999079442763
124,RMSProp,full,zero,0.1,0.26625853847526487,0.09999999079442759
124,RMSProp,full,sparse,0.1,0.1199058071586257,0.09999999079442762
124,RMSProp,mini-batch,random,0.1,0.1558570645794679,0.10915758715087502
124,RMSProp,mini-batch,zero,0.1,0.1558570645794679,0.10915758715087502
124,RMSProp,mini-batch,sparse,0.1,0.1558570645794679,0.10915758715087502
124,RMSProp,SGD,random,0.1,0.19511565159480354,0.1542221941616013
124,RMSProp,SGD,zero,0.1,0.17947706444536843,0.24334096702455957
124,RMSProp,SGD,sparse,0.1,0.1611425877009718,0.09835847608223888
124,Adam,full,random,0.1,0.18065300382719127,5.608068829092913e-16
124,Adam,full,zero,0.1,0.18065300382719135,3.4915808093142e-16
124,Adam,full,sparse,0.1,0.18065300382719135,3.45623790848689e-16
124,Adam,mini-batch,random,0.1,0.20008844176466187,0.1023147299207492
124,Adam,mini-batch,zero,0.1,0.18696518905796972,0.12886465343319964
124,Adam,mini-batch,sparse,0.1,0.18661747974293452,0.13030582115225267
124,Adam,SGD,random,0.1,0.1526403178377099,0.25054749191493364
124,Adam,SGD,zero,0.1,0.22055122924268078,0.37156002887319384
124,Adam,SGD,sparse,0.1,0.14093225375814367,0.21831916109040786
125,GD,full,random,0.01,0.29704233313880485,0.25511462271314034
125,GD,full,zero,0.01,0.1839605564744901,0.054568017317650055
125,GD,full,sparse,0.01,0.4606568768459831,0.34891477082895156
125,GD,mini-batch,random,0.01,0.3020550014901533,0.2713830217928693
125,GD,mini-batch,zero,0.01,0.17418223683095552,0.06469948525428106
125,GD,mini-batch,sparse,0.01,0.4608166108378284,0.3538947210299713
125,GD,SGD,random,0.01,0.17302614886255377,0.1642088286384145
125,GD,SGD,zero,0.01,0.20799197921560555,0.14230384611634214
125,GD,SGD,sparse,0.01,0.3645117703858662,0.26583529178426707
125,AdaGrad,full,random,0.01,1.4629622692608517,1.5760019381601627
125,AdaGrad,full,zero,0.01,0.24043009312971245,0.23186176668234615
125,AdaGrad,full,sparse,0.01,1.494008503267105,1.4131496097479372
125,AdaGrad,mini-batch,random,0.01,1.4726850558969748,1.5862169302165032
125,AdaGrad,mini-batch,zero,0.01,0.235983360481722,0.23058669555360403
125,AdaGrad,mini-batch,sparse,0.01,1.5356903476029138,1.4559882399516466
125,AdaGrad,SGD,random,0.01,1.5899914815931344,1.7129185198921126
125,AdaGrad,SGD,zero,0.01,0.31699080109052924,0.2731724800783385
125,AdaGrad,SGD,sparse,0.01,1.6334695027059103,1.5642136783482428
125,RMSProp,full,random,0.01,0.20733741240569453,0.009999990987896211
125,RMSProp,full,zero,0.01,0.19197696214562215,0.009999990987896128
125,RMSProp,full,sparse,0.01,0.20733741240569453,0.009999990987896197
125,RMSProp,mini-batch,random,0.01,0.20004356587298186,0.05531654634755714
125,RMSProp,mini-batch,zero,0.01,0.20004367517203486,0.055321974474923284
125,RMSProp,mini-batch,sparse,0.01,0.20005005365882764,0.055307324759507205
125,RMSProp,SGD,random,0.01,0.13273155404396805,0.10958682822353391
125,RMSProp,SGD,zero,0.01,0.15592482806463645,0.10524226130145288
125,RMSProp,SGD,sparse,0.01,0.193210224626493,0.14046865344604903
125,Adam,full,random,0.01,0.21430670036083535,0.08695070345398354
125,Adam,full,zero,0.01,0.19955444918201112,2.2551548721998666e-09
125,Adam,full,sparse,0.01,0.1995549173282463,1.325926913828273e-06
125,Adam,mini-batch,random,0.01,0.20128805986220122,0.11465038131314056
125,Adam,mini-batch,zero,0.01,0.15654385962779857,0.0476329271836147
125,Adam,mini-batch,sparse,0.01,0.15701611216735878,0.04723494019042669
125,Adam,SGD,random,0.01,0.27272520885221513,0.242714154655221
125,Adam,SGD,zero,0.01,0.2598660975575101,0.151597303188259
125,Adam,SGD,sparse,0.01,0.2691526735746844,0.13233017289467533
125,GD,full,random,0.1,0.19955444746127923,1.8121429241897285e-07
125,GD,full,zero,0.1,0.19955443739194942,4.038321517819943e-08
125,GD,full,sparse,0.1,0.19955452871613197,2.538690236045572e-07
125,GD,mini-batch,random,0.1,0.20188939544331153,0.0626188362988957
125,GD,mini-batch,zero,0.1,0.20188938201561502,0.06261884048611951
125,GD,mini-batch,sparse,0.1,0.20188946387224785,0.0626187254511484
125,GD,SGD,random,0.1,0.44821712868146313,0.46140244243052286
125,GD,SGD,zero,0.1,0.5460765845246224,0.5374846183439104
125,GD,SGD,sparse,0.1,0.39779120471480367,0.42553625547125973
125,AdaGrad,full,random,0.1,0.24957302172914003,0.16291170793847112
125,AdaGrad,full,zero,0.1,0.19955436064424018,2.7211360202493084e-07
125,AdaGrad,full,sparse,0.1,0.19964169941150334,0.00024881981238329334
125,AdaGrad,mini-batch,random,0.1,0.2659416237542488,0.20334018475234772
125,AdaGrad,mini-batch,zero,0.1,0.18213762525588226,0.03624302000731114
125,AdaGrad,mini-batch,sparse,0.1,0.19032540120567015,0.03424914567622256
125,AdaGrad,SGD,random,0.1,0.4148415221281397,0.42623019262181694
125,AdaGrad,SGD,zero,0.1,0.16238425861647057,0.10763699194972183
125,AdaGrad,SGD,sparse,0.1,0.46806794946916014,0.38301792901136233
125,RMSProp,full,random,0.1,0.13839692387254832,0.09999999098789614
125,RMSProp,full,zero,0.1,0.13839692387254834,0.09999999098789611
125,RMSProp,full,sparse,0.1,0.13839692387254832,0.09999999098789614
125,RMSProp,mini-batch,random,0.1,0.238445520976641,0.11471207649269674
125,RMSProp,mini-batch,zero,0.1,0.238445520976641,0.11471207649269674
125,RMSProp,mini-batch,sparse,0.1,0.238445520976641,0.11471207649269674
125,RMSProp,SGD,random,0.1,0.2786457501682747,0.28087108568515884
125,RMSProp,SGD,zero,0.1,0.4475469113469227,0.4289359818874823
125,RMSProp,SGD,sparse,0.1,0.27048298852510577,0.25628681629981476
125,Adam,full,random,0.1,0.1995544498855322,4.611102534756203e-16
125,Adam,full,zero,0.1,0.19955444988553211,3.3766115072321297e-16
125,Adam,full,sparse,0.1,0.19955444988553211,3.3766115072321297e-16
125,Adam,mini-batch,random,0.1,0.27499062717809025,0.10674904873842678
125,Adam,mini-batch,zero,0.1,0.31403613944378866,0.14724472486847243
125,Adam,mini-batch,sparse,0.1,0.3138761459427247,0.14677406254626674
125,Adam,SGD,random,0.1,0.7803504804722071,0.7898811153523212
125,Adam,SGD,zero,0.1,0.7598550829101308,0.7352198391436475
125,Adam,SGD,sparse,0.1,0.6564702482911874,0.6556977174181222
126,GD,full,random,0.01,0.5029423148101096,0.2720017097372283
126,GD,full,zero,0.01,0.39211204098503977,0.039926408441102096
126,GD,full,sparse,0.01,0.5522522907902047,0.39825691776832856
126,GD,mini-batch,random,0.01,0.49883754070208974,0.25496897803325125
126,GD,mini-batch,zero,0.01,0.4003640157368551,0.05699204498608319
126,GD,mini-batch,sparse,0.01,0.553186649339118,0.3905589786098883
126,GD,SGD,random,0.01,0.5470249627300359,0.37105044183047564
126,GD,SGD,zero,0.01,0.4324211328934001,0.12313179382620275
126,GD,SGD,sparse,0.01,0.5765896705557364,0.47559343359243783
126,AdaGrad,full,random,0.01,1.5267629284038173,1.5237201459505882
126,AdaGrad,full,zero,0.01,0.7670113836881947,0.4145741500965319
126,AdaGrad,full,sparse,0.01,1.1265250839302214,1.0675171036567055
126,AdaGrad,mini-batch,random,0.01,1.5237139949774652,1.530508472190801
126,AdaGrad,mini-batch,zero,0.01,0.7863666549348309,0.43131901745105616
126,AdaGrad,mini-batch,sparse,0.01,1.4844105730376702,1.4363322263675045
126,AdaGrad,SGD,random,0.01,1.5554985816791802,1.6229216631252523
126,AdaGrad,SGD,zero,0.01,1.0473971253110634,0.678588948646244
126,AdaGrad,SGD,sparse,0.01,1.9222339081592292,1.875289205587792
126,RMSProp,full,random,0.01,0.38185289302188,0.009999990706793749
126,RMSProp,full,zero,0.01,0.38185289302188,0.009999990706793749
126,RMSProp,full,sparse,0.01,0.4011576180131038,0.009999990706794304
126,RMSProp,mini-batch,random,0.01,0.47450239097503344,0.09900276936182638
126,RMSProp,mini-batch,zero,0.01,0.4743494767409877,0.100221935776767
126,RMSProp,mini-batch,sparse,0.01,0.4741596250185712,0.09983908062056267
126,RMSProp,SGD,random,0.01,0.5610229417072353,0.4806899822885502
126,RMSProp,SGD,zero,0.01,0.27881248693533445,0.16120794882291994
126,RMSProp,SGD,sparse,0.01,0.6193888489132167,0.5919668614161818
126,Adam,full,random,0.01,0.3914929211195701,0.007655751927455868
126,Adam,full,zero,0.01,0.3914657217752257,0.00044006353206876836
126,Adam,full,sparse,0.01,0.39149653048964206,8.08254562088053e-16
126,Adam,mini-batch,random,0.01,0.40954238780048974,0.040477831169805835
126,Adam,mini-batch,zero,0.01,0.4094733833753067,0.04586365902512843
126,Adam,mini-batch,sparse,0.01,0.41785194756484806,0.05021277605471226
126,Adam,SGD,random,0.01,0.6924980807757091,0.537128619314172
126,Adam,SGD,zero,0.01,0.3828338323578982,0.11125560307177107
126,Adam,SGD,sparse,0.01,0.8112938810632128,0.7311465738707276
126,GD,full,random,0.1,0.39149652689526415,9.395999382761127e-08
126,GD,full,zero,0.1,0.39149652957503356,9.928510418727915e-09
126,GD,full,sparse,0.1,0.3914965115383524,2.1927300752436933e-07
126,GD,mini-batch,random,0.1,0.586796046429031,0.20412216263144425
126,GD,mini-batch,zero,0.1,0.586796048961915,0.20412216514781742
126,GD,mini-batch,sparse,0.1,0.5867960376927757,0.20412216048814166
126,GD,SGD,random,0.1,0.38404767329612766,0.37166184416707115
126,GD,SGD,zero,0.1,0.6549511892054964,0.39514514825087477
126,GD,SGD,sparse,0.1,0.3357842629284641,0.37039681694031146
126,AdaGrad,full,random,0.1,0.3923193037238578,0.02316903421210193
126,AdaGrad,full,zero,0.1,0.3914085630274166,0.0013958757430968074
126,AdaGrad,full,sparse,0.1,0.3914965300854517,9.278000335895e-09
126,AdaGrad,mini-batch,random,0.1,0.43413443951773495,0.134243904747557
126,AdaGrad,mini-batch,zero,0.1,0.403697543164492,0.04083083327405366
126,AdaGrad,mini-batch,sparse,0.1,0.40677544122521825,0.05570942570481726
126,AdaGrad,SGD,random,0.1,0.8356242765616047,0.7039526866672626
126,AdaGrad,SGD,zero,0.1,0.38111854924263694,0.12721639895731612
126,AdaGrad,SGD,sparse,0.1,1.0611936870338037,1.003044353162289
126,RMSProp,full,random,0.1,0.29612574259728336,0.09999999070679377
126,RMSProp,full,zero,0.1,0.2961257425972833,0.09999999070679377
126,RMSProp,full,sparse,0.1,0.48872140082543936,0.09999999070679405
126,RMSProp,mini-batch,random,0.1,0.6140822481538892,0.23105445004346595
126,RMSProp,mini-batch,zero,0.1,0.6140822481538892,0.23105445004346595
126,RMSProp,mini-batch,sparse,0.1,0.6140822481538893,0.23105445004346598
126,RMSProp,SGD,random,0.1,0.3226399696693632,0.20996074630696557
126,RMSProp,SGD,zero,0.1,0.6044438768105267,0.22989693924379273
126,RMSProp,SGD,sparse,0.1,0.2356281139014735,0.28834836995506763
126,Adam,full,random,0.1,0.3914965304896421,7.529898907871222e-16
126,Adam,full,zero,0.1,0.3914965304896421,6.181460191301304e-16
126,Adam,full,sparse,0.1,0.39149653048964217,8.08254562088053e-16
126,Adam,mini-batch,random,0.1,0.5510537408367021,0.17236066378794634
126,Adam,mini-batch,zero,0.1,0.5560479292498172,0.1780363065387277
126,Adam,mini-batch,sparse,0.1,0.5581233830695338,0.1802504537899354
126,Adam,SGD,random,0.1,0.6434012154683937,0.27571917066753066
126,Adam,SGD,zero,0.1,0.5903429922611712,0.22453224879746253
126,Adam,SGD,sparse,0.1,0.42571528933755154,0.21368857878042388
127,GD,full,random,0.01,0.30304501403830497,0.23053543631531564
127,GD,full,zero,0.01,0.2675020533647007,0.03707079887295121
127,GD,full,sparse,0.01,0.42678588594254524,0.34644636416329466
127,GD,mini-batch,random,0.01,0.2872444691451279,0.23557012668139238
127,GD,mini-batch,zero,0.01,0.24354645282191392,0.04974631911875602
127,GD,mini-batch,sparse,0.01,0.43180515083502063,0.3673043525859511
127,GD,SGD,random,0.01,0.3043488760443742,0.31583083073915597
127,GD,SGD,zero,0.01,0.23600016064596865,0.0856884127091654
127,GD,SGD,sparse,0.01,0.3537954768381806,0.3304677085787001
127,AdaGrad,full,random,0.01,1.365760088522216,1.5204859394138728
127,AdaGrad,full,zero,0.01,0.38082425853015833,0.17098769712036432
127,AdaGrad,full,sparse,0.01,1.450728887481567,1.4480444288638692
127,AdaGrad,mini-batch,random,0.01,1.3716245946894765,1.527357284508545
127,AdaGrad,mini-batch,zero,0.01,0.3905442161514323,0.1751366602362591
127,AdaGrad,mini-batch,sparse,0.01,1.5608107474544073,1.5488464129748827
127,AdaGrad,SGD,random,0.01,1.489661987742729,1.670096222880015
127,AdaGrad,SGD,zero,0.01,0.5630824402985553,0.31388920383133667
127,AdaGrad,SGD,sparse,0.01,1.7875789977971581,1.7898954379391459
127,RMSProp,full,random,0.01,0.26042643563849444,0.009999990770071814
127,RMSProp,full,zero,0.01,0.24197355707175353,0.009999990770072395
127,RMSProp,full,sparse,0.01,0.26042643563849444,0.009999990770071814
127,RMSProp,mini-batch,random,0.01,0.211378846420381,0.07339502557397327
127,RMSProp,mini-batch,zero,0.01,0.2113960941467396,0.07334478522905682
127,RMSProp,mini-batch,sparse,0.01,0.21145297443757136,0.07346403348956645
127,RMSProp,SGD,random,0.01,0.25728966644956097,0.33313363932651807
127,RMSProp,SGD,zero,0.01,0.1477833877860087,0.13221934102520153
127,RMSProp,SGD,sparse,0.01,0.3517189404159804,0.37573394131600335
127,Adam,full,random,0.01,0.24729255606142453,0.047470820700742045
127,Adam,full,zero,0.01,0.25117041292333975,7.566613035931973e-08
127,Adam,full,sparse,0.01,0.2511703892349046,2.7088266501337834e-08
127,Adam,mini-batch,random,0.01,0.20437557675550128,0.08506261244986167
127,Adam,mini-batch,zero,0.01,0.23153141888944676,0.03745093276018998
127,Adam,mini-batch,sparse,0.01,0.23581887293209677,0.034380005010373645
127,Adam,SGD,random,0.01,0.4360670969570111,0.4309181381679357
127,Adam,SGD,zero,0.01,0.2718411411378006,0.08103034427463823
127,Adam,SGD,sparse,0.01,0.45894598990277286,0.4258693944151712
127,GD,full,random,0.1,0.2511703766328144,5.194258708180052e-08
127,GD,full,zero,0.1,0.25117039626561655,1.3963677140750932e-08
127,GD,full,sparse,0.1,0.2511703997399395,9.44082221669978e-08
127,GD,mini-batch,random,0.1,0.1981045970713721,0.09619721707261573
127,GD,mini-batch,zero,0.1,0.19810462625482836,0.09619722237667175
127,GD,mini-batch,sparse,0.1,0.19810466055726023,0.09619727505910422
127,GD,SGD,random,0.1,0.2745264318045574,0.3745625876243613
127,GD,SGD,zero,0.1,0.33803436070066734,0.40662439972327336
127,GD,SGD,sparse,0.1,0.23761238967685563,0.3696365993620285
127,AdaGrad,full,random,0.1,0.2547496720740875,0.10452032452736676
127,AdaGrad,full,zero,0.1,0.25117089438062756,1.53835784955781e-06
127,AdaGrad,full,sparse,0.1,0.25116209599199185,9.849986283863358e-05
127,AdaGrad,mini-batch,random,0.1,0.24659222165464556,0.15639913476939854
127,AdaGrad,mini-batch,zero,0.1,0.21623416816136215,0.047944080240967926
127,AdaGrad,mini-batch,sparse,0.1,0.21876793880208173,0.059230086244668925
127,AdaGrad,SGD,random,0.1,0.6368779557837745,0.6539172314678098
127,AdaGrad,SGD,zero,0.1,0.24869749015227635,0.052494447277183685
127,AdaGrad,SGD,sparse,0.1,0.8719928850482356,0.854047675060401
127,RMSProp,full,random,0.1,0.34560126254964346,0.0999999907700718
127,RMSProp,full,zero,0.1,0.16350197155583915,0.09999999077007238
127,RMSProp,full,sparse,0.1,0.16350197155583915,0.09999999077007238
127,RMSProp,mini-batch,random,0.1,0.22703186360597713,0.2686787165864836
127,RMSProp,mini-batch,zero,0.1,0.2270318636059771,0.26867871658648357
127,RMSProp,mini-batch,sparse,0.1,0.2270318636059771,0.26867871658648357
127,RMSProp,SGD,random,0.1,0.15691733098101876,0.24391961724459368
127,RMSProp,SGD,zero,0.1,0.25016769397510047,0.33958803540584276
127,RMSProp,SGD,sparse,0.1,0.07702007118546526,0.3013661095320081
127,Adam,full,random,0.1,0.25117039143828734,9.13828881074737e-16
127,Adam,full,zero,0.1,0.25117039143828734,9.852251986074894e-16
127,Adam,full,sparse,0.1,0.25117039143828723,1.0459102296143537e-15
127,Adam,mini-batch,random,0.1,0.29094278447781313,0.18781786108343249
127,Adam,mini-batch,zero,0.1,0.29592795568547764,0.20351492400942356
127,Adam,mini-batch,sparse,0.1,0.2962419197521409,0.20451662838422963
127,Adam,SGD,random,0.1,0.4834974500330029,0.5701935533521998
127,Adam,SGD,zero,0.1,0.49423367771279264,0.5058684777064327
127,Adam,SGD,sparse,0.1,0.4636658434746005,0.563931759807675
128,GD,full,random,0.01,0.3965526690813832,0.24482412561217598
128,GD,full,zero,0.01,0.264658501586336,0.14310369833838435
128,GD,full,sparse,0.01,0.5430983736843638,0.43965687130910763
128,GD,mini-batch,random,0.01,0.4009383198280642,0.24413925799633282
128,GD,mini-batch,zero,0.01,0.2699776855260612,0.1364633102833553
128,GD,mini-batch,sparse,0.01,0.5414450496906112,0.4337937559740025
128,GD,SGD,random,0.01,0.5223589593834621,0.3393907937943721
128,GD,SGD,zero,0.01,0.4444937613000767,0.2636995044725781
128,GD,SGD,sparse,0.01,0.6169488992068274,0.49765059929114436
128,AdaGrad,full,random,0.01,1.5636815721078468,1.565774292041644
128,AdaGrad,full,zero,0.01,0.732051883731301,0.6874924121681439
128,AdaGrad,full,sparse,0.01,1.7491197488014048,1.670850386569754
128,AdaGrad,mini-batch,random,0.01,1.5622851824460686,1.5657071805286316
128,AdaGrad,mini-batch,zero,0.01,0.7396644453512621,0.6915085232136937
128,AdaGrad,mini-batch,sparse,0.01,1.884346686467242,1.8135751746948028
128,AdaGrad,SGD,random,0.01,1.680931132237115,1.7123973015570004
128,AdaGrad,SGD,zero,0.01,0.8810705146705866,0.789427632368641
128,AdaGrad,SGD,sparse,0.01,2.2175444525641264,2.155197169180244
128,RMSProp,full,random,0.01,0.22337443873505544,0.009999990908811792
128,RMSProp,full,zero,0.01,0.24131574209100307,0.009999990908810588
128,RMSProp,full,sparse,0.01,0.22337443873505547,0.009999990908811795
128,RMSProp,mini-batch,random,0.01,0.24187585736536263,0.04091315748505683
128,RMSProp,mini-batch,zero,0.01,0.24186030895059926,0.04095375575412006
128,RMSProp,mini-batch,sparse,0.01,0.24185987748483545,0.040879563820252166
128,RMSProp,SGD,random,0.01,0.34501330508173467,0.1717370745617946
128,RMSProp,SGD,zero,0.01,0.2836508784381364,0.12272972208814976
128,RMSProp,SGD,sparse,0.01,0.4223381667279262,0.3373236687011686
128,Adam,full,random,0.01,0.25388228486913306,0.05158724417171806
128,Adam,full,zero,0.01,0.23230258947185153,9.526396049702917e-06
128,Adam,full,sparse,0.01,0.23230316368019668,3.442583387971841e-07
128,Adam,mini-batch,random,0.01,0.27492805321809494,0.05965651797044221
128,Adam,mini-batch,zero,0.01,0.26350661880135684,0.04192726544057537
128,Adam,mini-batch,sparse,0.01,0.2657919044735428,0.04240285863873534
128,Adam,SGD,random,0.01,0.6722292765458954,0.49854029481532725
128,Adam,SGD,zero,0.01,0.46494628532760585,0.2819292669266762
128,Adam,SGD,sparse,0.01,0.697485227818253,0.5664850912879846
128,GD,full,random,0.1,0.23230307504830405,5.266554140941242e-08
128,GD,full,zero,0.1,0.23230306523295338,4.97867147334902e-08
128,GD,full,sparse,0.1,0.23230308003948902,1.3840850392105796e-07
128,GD,mini-batch,random,0.1,0.23546238199712974,0.03373040418348603
128,GD,mini-batch,zero,0.1,0.235462375786049,0.03373042617712986
128,GD,mini-batch,sparse,0.1,0.23546237731464797,0.03373035149487768
128,GD,SGD,random,0.1,0.6117752469474108,0.5690018929740869
128,GD,SGD,zero,0.1,0.6932613977678656,0.6403904834334211
128,GD,SGD,sparse,0.1,0.5505609113584282,0.5730466008644768
128,AdaGrad,full,random,0.1,0.2940126216533866,0.11879148942949573
128,AdaGrad,full,zero,0.1,0.2322972219153833,9.770166286464092e-05
128,AdaGrad,full,sparse,0.1,0.2324233102172578,0.0004189569839671447
128,AdaGrad,mini-batch,random,0.1,0.3178316891301598,0.1383048189684463
128,AdaGrad,mini-batch,zero,0.1,0.24545719456636927,0.018636826260467546
128,AdaGrad,mini-batch,sparse,0.1,0.25253630151985956,0.023969578051702748
128,AdaGrad,SGD,random,0.1,0.9029109142101892,0.7628980984681106
128,AdaGrad,SGD,zero,0.1,0.4528999667596641,0.3543291796171013
128,AdaGrad,SGD,sparse,0.1,1.0520405411826936,0.9563058472908079
128,RMSProp,full,random,0.1,0.3250392029344682,0.09999999090881055
128,RMSProp,full,zero,0.1,0.3250392029344686,0.09999999090881095
128,RMSProp,full,sparse,0.1,0.1492613163014121,0.09999999090881201
128,RMSProp,mini-batch,random,0.1,0.14165963998156003,0.175756300249144
128,RMSProp,mini-batch,zero,0.1,0.14165963998156003,0.175756300249144
128,RMSProp,mini-batch,sparse,0.1,0.14165963998156003,0.175756300249144
128,RMSProp,SGD,random,0.1,0.36000541386760504,0.3528922889020797
128,RMSProp,SGD,zero,0.1,0.4234483130967779,0.3718019640306956
128,RMSProp,SGD,sparse,0.1,0.33508945177950694,0.4027856529203555
128,Adam,full,random,0.1,0.23230306457812816,1.2904290674677992e-15
128,Adam,full,zero,0.1,0.2323030645781282,1.2558547347717212e-15
128,Adam,full,sparse,0.1,0.2323030645781281,1.2755491433176288e-15
128,Adam,mini-batch,random,0.1,0.2562293190267894,0.12802676475727015
128,Adam,mini-batch,zero,0.1,0.2512519087090001,0.1383240837427034
128,Adam,mini-batch,sparse,0.1,0.2509263912845049,0.13953295259287363
128,Adam,SGD,random,0.1,0.5471232988779515,0.6173331761866074
128,Adam,SGD,zero,0.1,0.583981274898408,0.47285173036732037
128,Adam,SGD,sparse,0.1,0.5855389624270753,0.6717414736370553
129,GD,full,random,0.01,0.38768072074735305,0.24062685046173415
129,GD,full,zero,0.01,0.2816853111848628,0.11042499278397722
129,GD,full,sparse,0.01,0.44481561816204684,0.2908693524875324
129,GD,mini-batch,random,0.01,0.3884600805978793,0.258148903411434
129,GD,mini-batch,zero,0.01,0.27243642948549807,0.1253317788038527
129,GD,mini-batch,sparse,0.01,0.4410057146850801,0.2970429270878182
129,GD,SGD,random,0.01,0.46393130891841705,0.35223335156012964
129,GD,SGD,zero,0.01,0.24673451021250442,0.1540286563600998
129,GD,SGD,sparse,0.01,0.4883732069882913,0.38994828497753214
129,AdaGrad,full,random,0.01,1.4681466297074481,1.5607516586791823
129,AdaGrad,full,zero,0.01,0.6068619675451598,0.5560002884431561
129,AdaGrad,full,sparse,0.01,1.035160553555406,0.9461479617650131
129,AdaGrad,mini-batch,random,0.01,1.4686903126569015,1.5642692283671598
129,AdaGrad,mini-batch,zero,0.01,0.620991936740751,0.5676612481901671
129,AdaGrad,mini-batch,sparse,0.01,1.1856092635033955,1.1041634077079119
129,AdaGrad,SGD,random,0.01,1.5585936743391797,1.6860083314603602
129,AdaGrad,SGD,zero,0.01,0.7825252316721137,0.6574044944136773
129,AdaGrad,SGD,sparse,0.01,1.4648271862924316,1.4036208629418543
129,RMSProp,full,random,0.01,0.2782726771719827,0.009999990634590429
129,RMSProp,full,zero,0.01,0.2974387927420451,0.009999990634591477
129,RMSProp,full,sparse,0.01,0.2782726771719827,0.009999990634590429
129,RMSProp,mini-batch,random,0.01,0.263849599849217,0.05924619576982583
129,RMSProp,mini-batch,zero,0.01,0.2637189435082433,0.059104625562464645
129,RMSProp,mini-batch,sparse,0.01,0.26384542821371343,0.05922741227185331
129,RMSProp,SGD,random,0.01,0.37918402883194297,0.34733054064340624
129,RMSProp,SGD,zero,0.01,0.12425601438142227,0.21259364946443182
129,RMSProp,SGD,sparse,0.01,0.36625479375832753,0.334062208171384
129,Adam,full,random,0.01,0.28907256474825516,0.02868244367447929
129,Adam,full,zero,0.01,0.2878390514078326,1.1028558211234182e-05
129,Adam,full,sparse,0.01,0.2878415524754233,1.7875195415149442e-15
129,Adam,mini-batch,random,0.01,0.3044868979423474,0.08659598217565755
129,Adam,mini-batch,zero,0.01,0.29180738262570094,0.04511052069736837
129,Adam,mini-batch,sparse,0.01,0.29029105767805485,0.04565294648598864
129,Adam,SGD,random,0.01,0.5963832142929893,0.52869057122653
129,Adam,SGD,zero,0.01,0.23598422426161972,0.1685348281455914
129,Adam,SGD,sparse,0.01,0.5522145023933083,0.44691967902079877
129,GD,full,random,0.1,0.28784156316967024,4.864004485184548e-08
129,GD,full,zero,0.1,0.2878415423290071,3.639977330126674e-08
129,GD,full,sparse,0.1,0.28784157380629327,9.489441413957182e-08
129,GD,mini-batch,random,0.1,0.24452649539215177,0.06849092125665461
129,GD,mini-batch,zero,0.1,0.24452647225700194,0.06849092955782522
129,GD,mini-batch,sparse,0.1,0.24452651285239604,0.06849092494596658
129,GD,SGD,random,0.1,0.6195956280528238,0.5212655137127143
129,GD,SGD,zero,0.1,0.7218389246673371,0.6357303944348363
129,GD,SGD,sparse,0.1,0.5234455556126864,0.5319806346928062
129,AdaGrad,full,random,0.1,0.2955479542018221,0.0707001676164248
129,AdaGrad,full,zero,0.1,0.2878195031452016,9.78129151498779e-05
129,AdaGrad,full,sparse,0.1,0.28784156877310174,9.200644724113457e-08
129,AdaGrad,mini-batch,random,0.1,0.3132285425971024,0.14563061804221575
129,AdaGrad,mini-batch,zero,0.1,0.2753386179337432,0.04021122912483556
129,AdaGrad,mini-batch,sparse,0.1,0.2824402922877612,0.046525716387486045
129,AdaGrad,SGD,random,0.1,0.7536818951866533,0.7009395962242074
129,AdaGrad,SGD,zero,0.1,0.34306175647717335,0.3057723161351061
129,AdaGrad,SGD,sparse,0.1,0.7377094945979461,0.6482992978941339
129,RMSProp,full,random,0.1,0.3847383095056194,0.09999999063459149
129,RMSProp,full,zero,0.1,0.3847383095056194,0.09999999063459149
129,RMSProp,full,sparse,0.1,0.1941183868558532,0.09999999063459045
129,RMSProp,mini-batch,random,0.1,0.16711160410293519,0.2015045661484724
129,RMSProp,mini-batch,zero,0.1,0.16711160410293519,0.2015045661484724
129,RMSProp,mini-batch,sparse,0.1,0.16711160410293519,0.2015045661484724
129,RMSProp,SGD,random,0.1,0.6398916447406044,0.5296159599973617
129,RMSProp,SGD,zero,0.1,0.7269236657877437,0.6599541024403233
129,RMSProp,SGD,sparse,0.1,0.5731777871350926,0.5638902523048429
129,Adam,full,random,0.1,0.2878415524754235,9.238896857051836e-16
129,Adam,full,zero,0.1,0.2878415524754235,8.628884942808414e-16
129,Adam,full,sparse,0.1,0.2878415524754237,1.0851551576834373e-15
129,Adam,mini-batch,random,0.1,0.25344864895489416,0.14425380732403922
129,Adam,mini-batch,zero,0.1,0.24565667721886053,0.15705985207990988
129,Adam,mini-batch,sparse,0.1,0.24495614866990187,0.15860435139033413
129,Adam,SGD,random,0.1,0.7557208058393129,0.5880280829995711
129,Adam,SGD,zero,0.1,0.6590339277583845,0.4758288126573726
129,Adam,SGD,sparse,0.1,0.6672070730034847,0.619702036098956
130,GD,full,random,0.01,0.24377881873771098,0.1944958085152803
130,GD,full,zero,0.01,0.3334897242719058,0.07822089277370643
130,GD,full,sparse,0.01,0.4116770645953128,0.3136010473659376
130,GD,mini-batch,random,0.01,0.25178422443422516,0.17996152604157034
130,GD,mini-batch,zero,0.01,0.3463909129614484,0.08663485456352067
130,GD,mini-batch,sparse,0.01,0.4144191411231207,0.3020836209906092
130,GD,SGD,random,0.01,0.3453741172430805,0.3126879499080007
130,GD,SGD,zero,0.01,0.27550945806086935,0.08598678206782656
130,GD,SGD,sparse,0.01,0.41325554168851086,0.3582973552550589
130,AdaGrad,full,random,0.01,0.9584916852690105,1.2017660909342696
130,AdaGrad,full,zero,0.01,0.6513698005747929,0.406357617347025
130,AdaGrad,full,sparse,0.01,1.0102365495986916,1.0201161244629275
130,AdaGrad,mini-batch,random,0.01,0.9660757328870964,1.2108995298896137
130,AdaGrad,mini-batch,zero,0.01,0.6558091541128028,0.4080606941493556
130,AdaGrad,mini-batch,sparse,0.01,1.1830420342312284,1.1720232729218854
130,AdaGrad,SGD,random,0.01,1.0778046247602286,1.3338688475168485
130,AdaGrad,SGD,zero,0.01,0.8175144428187928,0.5494846188616048
130,AdaGrad,SGD,sparse,0.01,1.519190497711456,1.5209033770986764
130,RMSProp,full,random,0.01,0.29792752431578534,0.009999990636745119
130,RMSProp,full,zero,0.01,0.2979275243157852,0.009999990636744924
130,RMSProp,full,sparse,0.01,0.2979275243157854,0.009999990636745119
130,RMSProp,mini-batch,random,0.01,0.3366903710645023,0.07722252163384946
130,RMSProp,mini-batch,zero,0.01,0.33672766240997243,0.07718456136813437
130,RMSProp,mini-batch,sparse,0.01,0.33675248884316866,0.07727984764554449
130,RMSProp,SGD,random,0.01,0.21869314549713867,0.32086058532973893
130,RMSProp,SGD,zero,0.01,0.15313983100122863,0.19854799942515874
130,RMSProp,SGD,sparse,0.01,0.2212705171413973,0.27251973568088067
130,Adam,full,random,0.01,0.2837016622171948,0.01586752806181506
130,Adam,full,zero,0.01,0.2905675449560009,3.5117336627525825e-05
130,Adam,full,sparse,0.01,0.2905578693864411,7.494423731853618e-11
130,Adam,mini-batch,random,0.01,0.3081339897614715,0.05386063461853624
130,Adam,mini-batch,zero,0.01,0.32253333032987175,0.06533119630220713
130,Adam,mini-batch,sparse,0.01,0.3226077477017528,0.0736491080549619
130,Adam,SGD,random,0.01,0.28035945661248224,0.3300805654943562
130,Adam,SGD,zero,0.01,0.24317409434719134,0.10307520045091148
130,Adam,SGD,sparse,0.01,0.38703145469399375,0.31677685481172424
130,GD,full,random,0.1,0.2905578465436908,6.113259836650286e-08
130,GD,full,zero,0.1,0.2905578742891221,3.850682072886155e-08
130,GD,full,sparse,0.1,0.2905578834666046,1.8544098635847297e-07
130,GD,mini-batch,random,0.1,0.3440812162870735,0.09022820971984563
130,GD,mini-batch,zero,0.1,0.34408123086934794,0.09022817476848635
130,GD,mini-batch,sparse,0.1,0.34408126765922376,0.09022831588583642
130,GD,SGD,random,0.1,1.4417720440631234,1.2865588389444567
130,GD,SGD,zero,0.1,0.6590638225933518,0.5940391164280329
130,GD,SGD,sparse,0.1,0.3652910982222724,0.5317548049229766
130,AdaGrad,full,random,0.1,0.27460698825815755,0.038869256982091295
130,AdaGrad,full,zero,0.1,0.2906205750811808,0.00018944674194336776
130,AdaGrad,full,sparse,0.1,0.29055783651237865,1.8075274056150837e-07
130,AdaGrad,mini-batch,random,0.1,0.274902212544959,0.06279842844525273
130,AdaGrad,mini-batch,zero,0.1,0.31160927226923985,0.02917330982745754
130,AdaGrad,mini-batch,sparse,0.1,0.3110813496832867,0.03466240430996608
130,AdaGrad,SGD,random,0.1,0.397969893569161,0.4496604716040582
130,AdaGrad,SGD,zero,0.1,0.33403541893570593,0.09437796163009847
130,AdaGrad,SGD,sparse,0.1,0.6699308245876836,0.631352602166794
130,RMSProp,full,random,0.1,0.22815453899096003,0.09999999063674478
130,RMSProp,full,zero,0.1,0.2281545389909602,0.09999999063674445
130,RMSProp,full,sparse,0.1,0.3698557198768204,0.09999999063674522
130,RMSProp,mini-batch,random,0.1,0.30403839958539886,0.19942891646054184
130,RMSProp,mini-batch,zero,0.1,0.30403839958539886,0.19942891646054184
130,RMSProp,mini-batch,sparse,0.1,0.30403839958539886,0.19942891646054184
130,RMSProp,SGD,random,0.1,0.8561279033001254,0.7856230989394466
130,RMSProp,SGD,zero,0.1,0.5942483706310681,0.5683618738068087
130,RMSProp,SGD,sparse,0.1,0.33683301584703224,0.4819274044058807
130,Adam,full,random,0.1,0.2905578693935863,2.057659930537818e-15
130,Adam,full,zero,0.1,0.2905578693935863,1.9365357697989537e-15
130,Adam,full,sparse,0.1,0.29055796515123816,1.5113585179345986e-07
130,Adam,mini-batch,random,0.1,0.4972058805580887,0.2261216900621893
130,Adam,mini-batch,zero,0.1,0.4913409068273695,0.2247031961732114
130,Adam,mini-batch,sparse,0.1,0.4887796107954174,0.2239494769581111
130,Adam,SGD,random,0.1,0.4351746016127148,0.4887874127620607
130,Adam,SGD,zero,0.1,0.37010198355553386,0.5157902162825898
130,Adam,SGD,sparse,0.1,0.598866933767715,0.5410931596189079
131,GD,full,random,0.01,0.4440790081888235,0.2342625702590032
131,GD,full,zero,0.01,0.3127141125901595,0.09520442054344314
131,GD,full,sparse,0.01,0.5663812458811077,0.37737671149368385
131,GD,mini-batch,random,0.01,0.4479631938080509,0.24659082816163577
131,GD,mini-batch,zero,0.01,0.3071442539073983,0.09881868389938418
131,GD,mini-batch,sparse,0.01,0.5752313461016783,0.3926079730989142
131,GD,SGD,random,0.01,0.5127373361049781,0.26270953374275646
131,GD,SGD,zero,0.01,0.39972927374965445,0.14367726106946924
131,GD,SGD,sparse,0.01,0.5658465217737549,0.3770797228696954
131,AdaGrad,full,random,0.01,1.239566514282906,1.2168374880332957
131,AdaGrad,full,zero,0.01,0.7149854721849813,0.5318380300607697
131,AdaGrad,full,sparse,0.01,1.2006200990032156,1.0599522903814258
131,AdaGrad,mini-batch,random,0.01,1.2369705888583562,1.2182111066323047
131,AdaGrad,mini-batch,zero,0.01,0.7259792868625226,0.5400080333803651
131,AdaGrad,mini-batch,sparse,0.01,1.4646536737963982,1.3237532178017937
131,AdaGrad,SGD,random,0.01,1.3194558527375324,1.3597348199859305
131,AdaGrad,SGD,zero,0.01,0.9695614359120784,0.7342830664305748
131,AdaGrad,SGD,sparse,0.01,1.8790457300642207,1.7385709707574664
131,RMSProp,full,random,0.01,0.29335702290716165,0.00999999075371272
131,RMSProp,full,zero,0.01,0.3116971392787853,0.009999990753711968
131,RMSProp,full,sparse,0.01,0.3116971392787853,0.009999990753711968
131,RMSProp,mini-batch,random,0.01,0.2921226033642407,0.042690673287274064
131,RMSProp,mini-batch,zero,0.01,0.2915840445993366,0.042691633678674616
131,RMSProp,mini-batch,sparse,0.01,0.2921133994437887,0.04250845923161936
131,RMSProp,SGD,random,0.01,0.24100355680108793,0.18310245638968714
131,RMSProp,SGD,zero,0.01,0.13094864950631044,0.18154928278229057
131,RMSProp,SGD,sparse,0.01,0.3396805137637593,0.277022854803055
131,Adam,full,random,0.01,0.3080955905048454,0.014505187760068112
131,Adam,full,zero,0.01,0.30246666573876724,0.0003280899441139953
131,Adam,full,sparse,0.01,0.3025007850348344,2.0831479425843284e-15
131,Adam,mini-batch,random,0.01,0.29743574224616703,0.05193209749120391
131,Adam,mini-batch,zero,0.01,0.28315151254663096,0.04341888217018421
131,Adam,mini-batch,sparse,0.01,0.2845354780855321,0.042215522738613176
131,Adam,SGD,random,0.01,0.6045154466423778,0.394951276923865
131,Adam,SGD,zero,0.01,0.3685342767439285,0.14993338480615362
131,Adam,SGD,sparse,0.01,0.7115276065532138,0.5217531756105109
131,GD,full,random,0.1,0.3025008445115656,1.6875659445002523e-07
131,GD,full,zero,0.1,0.30250077434912903,5.4568253296688034e-08
131,GD,full,sparse,0.1,0.30250087392950414,2.4002690343878657e-07
131,GD,mini-batch,random,0.1,0.29184916229935864,0.052657994287493695
131,GD,mini-batch,zero,0.1,0.2918490736268573,0.05265797499606306
131,GD,mini-batch,sparse,0.1,0.29184919995318137,0.05265798983576786
131,GD,SGD,random,0.1,0.6318507178202554,0.6407711841727538
131,GD,SGD,zero,0.1,0.702820882475115,0.6907604870335042
131,GD,SGD,sparse,0.1,0.5001255015193067,0.6484172413231681
131,AdaGrad,full,random,0.1,0.31749631281060553,0.036185914807764105
131,AdaGrad,full,zero,0.1,0.3024180992526298,0.0011444885339258804
131,AdaGrad,full,sparse,0.1,0.3025008043754507,5.5979166052727835e-08
131,AdaGrad,mini-batch,random,0.1,0.3502372691832894,0.11411578713705302
131,AdaGrad,mini-batch,zero,0.1,0.295762717684184,0.0358023214896286
131,AdaGrad,mini-batch,sparse,0.1,0.30856843214242247,0.04709241891980893
131,AdaGrad,SGD,random,0.1,0.7411468236230737,0.5879074442829809
131,AdaGrad,SGD,zero,0.1,0.3427247842479386,0.2038250380958204
131,AdaGrad,SGD,sparse,0.1,1.0098255902340008,0.8690570456983765
131,RMSProp,full,random,0.1,0.39622037812226235,0.09999999075371203
131,RMSProp,full,zero,0.1,0.3962203781222625,0.09999999075371219
131,RMSProp,full,sparse,0.1,0.39622037812226224,0.09999999075371192
131,RMSProp,mini-batch,random,0.1,0.309884875255892,0.14475871112875136
131,RMSProp,mini-batch,zero,0.1,0.309884875255892,0.14475871112875136
131,RMSProp,mini-batch,sparse,0.1,0.309884875255892,0.14475871112875136
131,RMSProp,SGD,random,0.1,0.3636489051140431,0.24903598945801414
131,RMSProp,SGD,zero,0.1,0.5035785977791079,0.34995207981014337
131,RMSProp,SGD,sparse,0.1,0.15168122146045981,0.361221819676173
131,Adam,full,random,0.1,0.3025007850348349,5.768888059150692e-16
131,Adam,full,zero,0.1,0.3025007850348349,4.910462595695867e-16
131,Adam,full,sparse,0.1,0.30250078503483474,7.631521572941402e-16
131,Adam,mini-batch,random,0.1,0.4886707654597185,0.2151712380181069
131,Adam,mini-batch,zero,0.1,0.48976856430344107,0.21657854041886118
131,Adam,mini-batch,sparse,0.1,0.49244250133027795,0.22021499136181852
131,Adam,SGD,random,0.1,0.6071171958649376,0.4962841174880563
131,Adam,SGD,zero,0.1,0.8602287372573724,0.65462758143914
131,Adam,SGD,sparse,0.1,0.43078539032620355,0.5657527876308563
132,GD,full,random,0.01,0.40569137283472895,0.3008410715853396
132,GD,full,zero,0.01,0.270411605756797,0.1089787503061013
132,GD,full,sparse,0.01,0.504672033691866,0.40149889958800955
132,GD,mini-batch,random,0.01,0.3975593393460597,0.2888461736694649
132,GD,mini-batch,zero,0.01,0.2711363466980541,0.10681013923885059
132,GD,mini-batch,sparse,0.01,0.5045315698803726,0.39993146665459944
132,GD,SGD,random,0.01,0.3594553767034784,0.24642280126865795
132,GD,SGD,zero,0.01,0.26115749470203403,0.09586431157994693
132,GD,SGD,sparse,0.01,0.4711758283040583,0.3439401011968695
132,AdaGrad,full,random,0.01,1.8635620847307643,1.882151424092539
132,AdaGrad,full,zero,0.01,0.6699644353871687,0.5393838149989408
132,AdaGrad,full,sparse,0.01,1.9785870856730823,1.9093857767774018
132,AdaGrad,mini-batch,random,0.01,1.8710287146178632,1.890590404832421
132,AdaGrad,mini-batch,zero,0.01,0.6856129205458984,0.5542655482296699
132,AdaGrad,mini-batch,sparse,0.01,2.0479345111071803,1.972022788233574
132,AdaGrad,SGD,random,0.01,1.9527696466250561,1.9862279362637214
132,AdaGrad,SGD,zero,0.01,0.7967334199725166,0.6483840063620796
132,AdaGrad,SGD,sparse,0.01,2.2529490025559324,2.1810192358613483
132,RMSProp,full,random,0.01,0.2041165406889904,0.009999990776208658
132,RMSProp,full,zero,0.01,0.2041165406889905,0.009999990776208664
132,RMSProp,full,sparse,0.01,0.2041165406889905,0.009999990776208667
132,RMSProp,mini-batch,random,0.01,0.21556844768972225,0.040925153068108316
132,RMSProp,mini-batch,zero,0.01,0.21556388865489615,0.04092515789020398
132,RMSProp,mini-batch,sparse,0.01,0.21556202560311544,0.040925265283753245
132,RMSProp,SGD,random,0.01,0.14066591833505446,0.1183578144135262
132,RMSProp,SGD,zero,0.01,0.13376910208999887,0.13070187573464276
132,RMSProp,SGD,sparse,0.01,0.2034542038276392,0.07993982358439201
132,Adam,full,random,0.01,0.24297035190798544,0.10260053864103809
132,Adam,full,zero,0.01,0.19573492844985507,3.08924839803078e-09
132,Adam,full,sparse,0.01,0.195742517962982,3.6790825098892765e-05
132,Adam,mini-batch,random,0.01,0.250870107154372,0.10611660490252282
132,Adam,mini-batch,zero,0.01,0.19595363307439542,0.02085092080931786
132,Adam,mini-batch,sparse,0.01,0.19765929107802385,0.01996188050855132
132,Adam,SGD,random,0.01,0.45560234394904625,0.35257530879227694
132,Adam,SGD,zero,0.01,0.20363958998692178,0.06721614416262633
132,Adam,SGD,sparse,0.01,0.3780233667749416,0.24869665197654126
132,GD,full,random,0.1,0.19573493909549028,9.719726761671062e-08
132,GD,full,zero,0.1,0.19573493832940067,4.144840422780746e-08
132,GD,full,sparse,0.1,0.19573491319066066,1.5254974165453556e-07
132,GD,mini-batch,random,0.1,0.21621209477479345,0.040469172813111784
132,GD,mini-batch,zero,0.1,0.21621209536262584,0.04046917121080976
132,GD,mini-batch,sparse,0.1,0.2162120627409647,0.04046914256815326
132,GD,SGD,random,0.1,0.25587401788334735,0.32158294202632237
132,GD,SGD,zero,0.1,0.48058681772122097,0.38694130864264675
132,GD,SGD,sparse,0.1,0.4059110951296899,0.31026050206623124
132,AdaGrad,full,random,0.1,0.3239402319380216,0.21081345958654565
132,AdaGrad,full,zero,0.1,0.19573517853737618,6.742555194297011e-07
132,AdaGrad,full,sparse,0.1,0.19648660255077938,0.003416001505067359
132,AdaGrad,mini-batch,random,0.1,0.35909900771120784,0.24828676696169938
132,AdaGrad,mini-batch,zero,0.1,0.20343407942111472,0.018862025721698584
132,AdaGrad,mini-batch,sparse,0.1,0.20849589994674325,0.02521653099738925
132,AdaGrad,SGD,random,0.1,0.6796747394780032,0.5871118533784138
132,AdaGrad,SGD,zero,0.1,0.2994944704428286,0.14157080936735358
132,AdaGrad,SGD,sparse,0.1,0.8595415381107443,0.7594986215303358
132,RMSProp,full,random,0.1,0.1256906018747357,0.09999999077620934
132,RMSProp,full,zero,0.1,0.2842994767920241,0.09999999077620868
132,RMSProp,full,sparse,0.1,0.12569060187473566,0.09999999077620934
132,RMSProp,mini-batch,random,0.1,0.34742350472915606,0.1857162025186992
132,RMSProp,mini-batch,zero,0.1,0.34742350472915606,0.1857162025186992
132,RMSProp,mini-batch,sparse,0.1,0.34742350472915606,0.1857162025186992
132,RMSProp,SGD,random,0.1,0.15962882291998504,0.2529724965198435
132,RMSProp,SGD,zero,0.1,0.40082741115272585,0.297096437997076
132,RMSProp,SGD,sparse,0.1,0.368648690032488,0.24957469065248217
132,Adam,full,random,0.1,0.19573492738058795,8.308872743579057e-16
132,Adam,full,zero,0.1,0.19573492738058798,7.172363105755196e-16
132,Adam,full,sparse,0.1,0.19573492738058804,6.551469775790775e-16
132,Adam,mini-batch,random,0.1,0.2024860591364053,0.06270054517415406
132,Adam,mini-batch,zero,0.1,0.23282413744500993,0.07461648653507408
132,Adam,mini-batch,sparse,0.1,0.23256181843917265,0.07414045831773351
132,Adam,SGD,random,0.1,0.33532227862974584,0.3507914444813046
132,Adam,SGD,zero,0.1,0.32584420912849893,0.3657793482708591
132,Adam,SGD,sparse,0.1,0.35028822889827804,0.3206389962975965
133,GD,full,random,0.01,0.2885793914313494,0.29056417743653745
133,GD,full,zero,0.01,0.32555700588395303,0.0406465323037975
133,GD,full,sparse,0.01,0.33595647905061526,0.4014628836247167
133,GD,mini-batch,random,0.01,0.3041324890255775,0.3021719994018461
133,GD,mini-batch,zero,0.01,0.32829577601677246,0.05975346589835503
133,GD,mini-batch,sparse,0.01,0.32917845360147047,0.3913879282955921
133,GD,SGD,random,0.01,0.2066086188307559,0.3808029257319304
133,GD,SGD,zero,0.01,0.17836453133197278,0.185903519354404
133,GD,SGD,sparse,0.01,0.33902701954044934,0.4579809874997854
133,AdaGrad,full,random,0.01,1.4429022973864245,1.6807785735464085
133,AdaGrad,full,zero,0.01,0.46940485272692845,0.25415913342505114
133,AdaGrad,full,sparse,0.01,1.2357847017089496,1.412534805018333
133,AdaGrad,mini-batch,random,0.01,1.4435913391931656,1.6836723403191844
133,AdaGrad,mini-batch,zero,0.01,0.48598624318310935,0.2649826644218732
133,AdaGrad,mini-batch,sparse,0.01,1.365689435963073,1.5322932379762952
133,AdaGrad,SGD,random,0.01,1.554806978861207,1.810286855184582
133,AdaGrad,SGD,zero,0.01,0.6348330982829005,0.3848349569404239
133,AdaGrad,SGD,sparse,0.01,1.6735507473492883,1.8490388993077873
133,RMSProp,full,random,0.01,0.3297153786171402,0.009999990634908057
133,RMSProp,full,zero,0.01,0.3154556529413575,0.009999990634905587
133,RMSProp,full,sparse,0.01,0.3297153786171402,0.009999990634908057
133,RMSProp,mini-batch,random,0.01,0.307636051229765,0.06981219661741167
133,RMSProp,mini-batch,zero,0.01,0.30780656425847375,0.06976568880151014
133,RMSProp,mini-batch,sparse,0.01,0.3075785891453695,0.06971042514310441
133,RMSProp,SGD,random,0.01,0.057245333607303606,0.3394882758946544
133,RMSProp,SGD,zero,0.01,0.05389696430507845,0.2855807216454611
133,RMSProp,SGD,sparse,0.01,0.12929714615182247,0.3043716362174023
133,Adam,full,random,0.01,0.30300902919089284,0.03384532768549891
133,Adam,full,zero,0.01,0.3225095907022729,3.485718651083343e-06
133,Adam,full,sparse,0.01,0.3225093009896791,2.220165930268939e-09
133,Adam,mini-batch,random,0.01,0.30354607412442663,0.08822232122917097
133,Adam,mini-batch,zero,0.01,0.33495333991497406,0.08095974798758891
133,Adam,mini-batch,sparse,0.01,0.33471769171229815,0.08754802220997918
133,Adam,SGD,random,0.01,0.2825160339238566,0.46323980129040926
133,Adam,SGD,zero,0.01,0.19443858330544303,0.20172166944434775
133,Adam,SGD,sparse,0.01,0.3324196693215002,0.490670512757117
133,GD,full,random,0.1,0.3225092449462535,8.448456672059244e-08
133,GD,full,zero,0.1,0.3225093039124353,9.239907528761534e-09
133,GD,full,sparse,0.1,0.32250917350563585,2.4066974731497744e-07
133,GD,mini-batch,random,0.1,0.3010976848281868,0.07616307067184357
133,GD,mini-batch,zero,0.1,0.30109773149106017,0.07616303253653547
133,GD,mini-batch,sparse,0.1,0.301097589432165,0.07616295158568011
133,GD,SGD,random,0.1,0.0777615442562318,0.2782372182113752
133,GD,SGD,zero,0.1,0.09483106311455411,0.3158751106014241
133,GD,SGD,sparse,0.1,0.6220346560201706,0.3225741087636286
133,AdaGrad,full,random,0.1,0.28038976600564497,0.08215148023786398
133,AdaGrad,full,zero,0.1,0.32251091122789927,3.087448710938087e-05
133,AdaGrad,full,sparse,0.1,0.32248587081882185,3.755630560066387e-05
133,AdaGrad,mini-batch,random,0.1,0.2702811038634424,0.14539855711742247
133,AdaGrad,mini-batch,zero,0.1,0.3246140502915103,0.04503691754170952
133,AdaGrad,mini-batch,sparse,0.1,0.3116134333761843,0.04143968807234834
133,AdaGrad,SGD,random,0.1,0.4628711616492566,0.5994756350458142
133,AdaGrad,SGD,zero,0.1,0.29008534298195127,0.10345389775294825
133,AdaGrad,SGD,sparse,0.1,0.5695646833792933,0.7023456324203333
133,RMSProp,full,random,0.1,0.2607918703186643,0.09999999063490556
133,RMSProp,full,zero,0.1,0.40001512080615387,0.09999999063490811
133,RMSProp,full,sparse,0.1,0.2607918703186643,0.09999999063490556
133,RMSProp,mini-batch,random,0.1,0.2126510981490198,0.17626119703397458
133,RMSProp,mini-batch,zero,0.1,0.2126510981490198,0.17626119703397458
133,RMSProp,mini-batch,sparse,0.1,0.2126510981490198,0.17626119703397458
133,RMSProp,SGD,random,0.1,0.3887028632783631,0.40094973154500724
133,RMSProp,SGD,zero,0.1,0.13623536590496987,0.3270488589571893
133,RMSProp,SGD,sparse,0.1,0.5032943565062389,0.3140871590504409
133,Adam,full,random,0.1,0.3225093023804941,1.6184142622847343e-15
133,Adam,full,zero,0.1,0.322509302380494,1.6597741389874414e-15
133,Adam,full,sparse,0.1,0.322509302380494,1.6146017381145612e-15
133,Adam,mini-batch,random,0.1,0.38294329344937955,0.11030833994785826
133,Adam,mini-batch,zero,0.1,0.3977538943295097,0.11695246406993429
133,Adam,mini-batch,sparse,0.1,0.4010719628854667,0.11873565141775437
133,Adam,SGD,random,0.1,0.05755430187519688,0.32899109159970047
133,Adam,SGD,zero,0.1,0.08685147471002379,0.34135512695132963
133,Adam,SGD,sparse,0.1,0.298607246444713,0.1698810273096513
134,GD,full,random,0.01,0.3566047480826739,0.3219313556690429
134,GD,full,zero,0.01,0.17390636458955488,0.08754547464968647
134,GD,full,sparse,0.01,0.46833630345556665,0.41997340927030014
134,GD,mini-batch,random,0.01,0.37205959975064296,0.3416719216929476
134,GD,mini-batch,zero,0.01,0.17432115492793285,0.09664840040438863
134,GD,mini-batch,sparse,0.01,0.48127585879050616,0.4358051883559187
134,GD,SGD,random,0.01,0.3918343171672288,0.34921887401870694
134,GD,SGD,zero,0.01,0.19264540506938865,0.09114788737316051
134,GD,SGD,sparse,0.01,0.47611915400589605,0.41637033811019925
134,AdaGrad,full,random,0.01,1.8938127600888914,1.9515688783894114
134,AdaGrad,full,zero,0.01,0.395217386774664,0.34863424678473737
134,AdaGrad,full,sparse,0.01,1.986317292657792,1.9572487617954273
134,AdaGrad,mini-batch,random,0.01,1.901203169513515,1.9599985443554364
134,AdaGrad,mini-batch,zero,0.01,0.40219780972999586,0.35622942192139956
134,AdaGrad,mini-batch,sparse,0.01,2.0234356552734387,1.9939106898282977
134,AdaGrad,SGD,random,0.01,2.0162284344871213,2.085121316562931
134,AdaGrad,SGD,zero,0.01,0.5001397995981048,0.4257866011304615
134,AdaGrad,SGD,sparse,0.01,2.181773086700619,2.1599727675400144
134,RMSProp,full,random,0.01,0.13020112932909866,0.009999990865562972
134,RMSProp,full,zero,0.01,0.1494973997868847,0.009999990865563461
134,RMSProp,full,sparse,0.01,0.1494973997868847,0.009999990865563461
134,RMSProp,mini-batch,random,0.01,0.07605324154819257,0.07814587344384541
134,RMSProp,mini-batch,zero,0.01,0.07605330882625434,0.07814442678010959
134,RMSProp,mini-batch,sparse,0.01,0.07605385051305026,0.07814498741583732
134,RMSProp,SGD,random,0.01,0.1902239696609423,0.12579384754234527
134,RMSProp,SGD,zero,0.01,0.16437624773769524,0.08317723212355582
134,RMSProp,SGD,sparse,0.01,0.20330328248523102,0.10934738705204841
134,Adam,full,random,0.01,0.1943921866530008,0.12358163003352968
134,Adam,full,zero,0.01,0.13982454539032474,1.60714547719923e-10
134,Adam,full,sparse,0.01,0.13983401812765828,5.320026802361129e-05
134,Adam,mini-batch,random,0.01,0.2271277257506173,0.1656436753234244
134,Adam,mini-batch,zero,0.01,0.09790224036592603,0.07762012386404407
134,Adam,mini-batch,sparse,0.01,0.09461745747079595,0.06721511251047474
134,Adam,SGD,random,0.01,0.5570125584643412,0.5172995645902443
134,Adam,SGD,zero,0.01,0.1695293886091375,0.04949291258791849
134,Adam,SGD,sparse,0.01,0.466341815291679,0.40202415335951514
134,GD,full,random,0.1,0.13982454024786714,1.6373610829218232e-07
134,GD,full,zero,0.1,0.13982454717097745,4.930130549894468e-08
134,GD,full,sparse,0.1,0.1398245589358494,1.616650644279609e-07
134,GD,mini-batch,random,0.1,0.07804011187780716,0.07772287750323852
134,GD,mini-batch,zero,0.1,0.07804011571328306,0.07772284883769724
134,GD,mini-batch,sparse,0.1,0.07804014216393837,0.07772286664942987
134,GD,SGD,random,0.1,0.19363386053047074,0.19869250700767158
134,GD,SGD,zero,0.1,0.23231779903122016,0.1002909121535277
134,GD,SGD,sparse,0.1,0.2654813277128719,0.15758146383517085
134,AdaGrad,full,random,0.1,0.29048278971724095,0.24285392687449123
134,AdaGrad,full,zero,0.1,0.13982454658805818,1.143153098759608e-07
134,AdaGrad,full,sparse,0.1,0.14053229337503914,0.003782962606225571
134,AdaGrad,mini-batch,random,0.1,0.34963527084595697,0.3145410774897247
134,AdaGrad,mini-batch,zero,0.1,0.11954321994696195,0.042058065184053924
134,AdaGrad,mini-batch,sparse,0.1,0.13143300235792638,0.0524488938786819
134,AdaGrad,SGD,random,0.1,0.9134679596767213,0.8908097252424816
134,AdaGrad,SGD,zero,0.1,0.1969481462295367,0.1170707830850747
134,AdaGrad,SGD,sparse,0.1,0.9341734771214781,0.8930766085191527
134,RMSProp,full,random,0.1,0.05064767575684407,0.09999999086556292
134,RMSProp,full,zero,0.1,0.2377742969154671,0.09999999086556347
134,RMSProp,full,sparse,0.1,0.05064767575684399,0.09999999086556295
134,RMSProp,mini-batch,random,0.1,0.06887235628656341,0.12877023866547926
134,RMSProp,mini-batch,zero,0.1,0.06887235628656341,0.12877023866547926
134,RMSProp,mini-batch,sparse,0.1,0.06887235628656341,0.12877023866547926
134,RMSProp,SGD,random,0.1,0.28292647432190887,0.29949954088005115
134,RMSProp,SGD,zero,0.1,0.2518545055986955,0.15734314926354567
134,RMSProp,SGD,sparse,0.1,0.3344928430309818,0.24961242717263912
134,Adam,full,random,0.1,0.13982454538990927,1.0396538044169927e-15
134,Adam,full,zero,0.1,0.13982454538990932,9.943764229458376e-16
134,Adam,full,sparse,0.1,0.13982454538990932,9.938860440091779e-16
134,Adam,mini-batch,random,0.1,0.047750847044216484,0.13228701014670546
134,Adam,mini-batch,zero,0.1,0.11564964349526373,0.10727124033374179
134,Adam,mini-batch,sparse,0.1,0.11405120211763092,0.10399239598142324
134,Adam,SGD,random,0.1,0.24942311190328784,0.1281863065341751
134,Adam,SGD,zero,0.1,0.2940942325193074,0.1656674892038247
134,Adam,SGD,sparse,0.1,0.15192006788478712,0.1895964028275796
135,GD,full,random,0.01,0.375430909118033,0.2717492007327026
135,GD,full,zero,0.01,0.24300322576894443,0.06940268296727876
135,GD,full,sparse,0.01,0.5238740805647474,0.36932561346856146
135,GD,mini-batch,random,0.01,0.38066977866283247,0.2804424516979637
135,GD,mini-batch,zero,0.01,0.24178856854586148,0.08037725690829092
135,GD,mini-batch,sparse,0.01,0.5197474479770398,0.36689762795840036
135,GD,SGD,random,0.01,0.4449637788405942,0.3548782706665915
135,GD,SGD,zero,0.01,0.26020958840471964,0.13364077237485136
135,GD,SGD,sparse,0.01,0.5690660599892448,0.4365392042287713
135,AdaGrad,full,random,0.01,1.8909877680336482,1.9270693937123773
135,AdaGrad,full,zero,0.01,0.370134232401364,0.2466819303587621
135,AdaGrad,full,sparse,0.01,1.852684333957769,1.7359815719050353
135,AdaGrad,mini-batch,random,0.01,1.9004742372922694,1.9376463223964357
135,AdaGrad,mini-batch,zero,0.01,0.38615163859338336,0.26289125535141294
135,AdaGrad,mini-batch,sparse,0.01,1.878547850006685,1.7619997255442112
135,AdaGrad,SGD,random,0.01,2.018972613900879,2.0674934928740094
135,AdaGrad,SGD,zero,0.01,0.46076338915393295,0.3310903697060655
135,AdaGrad,SGD,sparse,0.01,1.9936846606305243,1.8865984682611878
135,RMSProp,full,random,0.01,0.21196740904592673,0.00999999052222642
135,RMSProp,full,zero,0.01,0.22450094761078587,0.009999990522227406
135,RMSProp,full,sparse,0.01,0.21196740904592673,0.00999999052222642
135,RMSProp,mini-batch,random,0.01,0.19638793614887984,0.06851247569642108
135,RMSProp,mini-batch,zero,0.01,0.19638666427431797,0.06851183102822571
135,RMSProp,mini-batch,sparse,0.01,0.19638789506118035,0.06851148837828828
135,RMSProp,SGD,random,0.01,0.29715128763966125,0.19923581045963937
135,RMSProp,SGD,zero,0.01,0.21059756361656753,0.13674328098960295
135,RMSProp,SGD,sparse,0.01,0.345015706558811,0.23454942002220208
135,Adam,full,random,0.01,0.2618773380157211,0.09754319382572119
135,Adam,full,zero,0.01,0.218095000349498,1.0735345726716592e-15
135,Adam,full,sparse,0.01,0.21811805674602727,4.554072486088152e-05
135,Adam,mini-batch,random,0.01,0.2746522815370293,0.13101749417576516
135,Adam,mini-batch,zero,0.01,0.19756297630542158,0.09285971995320264
135,Adam,mini-batch,sparse,0.01,0.19874994322455916,0.08262590710788419
135,Adam,SGD,random,0.01,0.5538543988783133,0.4605020380719021
135,Adam,SGD,zero,0.01,0.2703990564101087,0.12328909559193393
135,Adam,SGD,sparse,0.01,0.5026022812899864,0.36313513280296306
135,GD,full,random,0.1,0.21809500167762777,6.32654912453243e-08
135,GD,full,zero,0.1,0.21809499885090267,3.794585926197671e-08
135,GD,full,sparse,0.1,0.21809514671958422,2.1932455689661602e-07
135,GD,mini-batch,random,0.1,0.19651921017158097,0.07347417212919809
135,GD,mini-batch,zero,0.1,0.1965192001919574,0.07347415833023967
135,GD,mini-batch,sparse,0.1,0.1965192896832464,0.0734740383018004
135,GD,SGD,random,0.1,0.39013973210985037,0.2528246728324329
135,GD,SGD,zero,0.1,0.2578638593921711,0.14681020372513878
135,GD,SGD,sparse,0.1,0.31588537389409743,0.22637596513398675
135,AdaGrad,full,random,0.1,0.3329296613986766,0.2018170705994458
135,AdaGrad,full,zero,0.1,0.21809500052388212,2.4928202759451384e-10
135,AdaGrad,full,sparse,0.1,0.2192113305440566,0.0022237921771648614
135,AdaGrad,mini-batch,random,0.1,0.37109465647894413,0.25547919230909355
135,AdaGrad,mini-batch,zero,0.1,0.19973349806227744,0.03607249806960553
135,AdaGrad,mini-batch,sparse,0.1,0.20946004709098257,0.03319436806282949
135,AdaGrad,SGD,random,0.1,0.8385472716376152,0.7769125940494243
135,AdaGrad,SGD,zero,0.1,0.2312256135311169,0.10611738808674653
135,AdaGrad,SGD,sparse,0.1,0.763013644632471,0.6350351832419276
135,RMSProp,full,random,0.1,0.17381869519950713,0.09999999052222641
135,RMSProp,full,zero,0.1,0.2914067874345527,0.09999999052222744
135,RMSProp,full,sparse,0.1,0.17381869519950713,0.09999999052222637
135,RMSProp,mini-batch,random,0.1,0.17615223883444747,0.16519150037550942
135,RMSProp,mini-batch,zero,0.1,0.17615223883444747,0.16519150037550942
135,RMSProp,mini-batch,sparse,0.1,0.17615223883444742,0.16519150037550953
135,RMSProp,SGD,random,0.1,0.45097727489155137,0.36355382416058074
135,RMSProp,SGD,zero,0.1,0.21198594852850217,0.18178829726672335
135,RMSProp,SGD,sparse,0.1,0.21729599698616084,0.22083228432195798
135,Adam,full,random,0.1,0.21809500034949764,8.846630524056017e-16
135,Adam,full,zero,0.1,0.21809500034949766,8.681108150684021e-16
135,Adam,full,sparse,0.1,0.21809500034949766,8.714477956032307e-16
135,Adam,mini-batch,random,0.1,0.16679916592797214,0.1395739131023128
135,Adam,mini-batch,zero,0.1,0.20995520293113829,0.09736039816513652
135,Adam,mini-batch,sparse,0.1,0.21083353487590867,0.09752507756904498
135,Adam,SGD,random,0.1,0.3700143925707031,0.18084429641291486
135,Adam,SGD,zero,0.1,0.28518337031798974,0.26813405773444504
135,Adam,SGD,sparse,0.1,0.35782510591612343,0.20450488575160744
136,GD,full,random,0.01,0.46660452125930535,0.3097415397316334
136,GD,full,zero,0.01,0.235861621938529,0.06711203472036893
136,GD,full,sparse,0.01,0.5670338866939819,0.3885208221507553
136,GD,mini-batch,random,0.01,0.4622956418145859,0.30531984164574233
136,GD,mini-batch,zero,0.01,0.23592312962229509,0.06895335684690475
136,GD,mini-batch,sparse,0.01,0.5629900919898718,0.3851821654507354
136,GD,SGD,random,0.01,0.4879097000923744,0.32785482091492973
136,GD,SGD,zero,0.01,0.29497627340014543,0.1145829508454245
136,GD,SGD,sparse,0.01,0.5847729840395153,0.41085818598959767
136,AdaGrad,full,random,0.01,1.808768794846772,1.7706580368487217
136,AdaGrad,full,zero,0.01,0.38539036612503086,0.25625621519918285
136,AdaGrad,full,sparse,0.01,2.010399178052875,1.846512330765772
136,AdaGrad,mini-batch,random,0.01,1.8159532793856519,1.7781970605937854
136,AdaGrad,mini-batch,zero,0.01,0.4014317686855601,0.27387947468525853
136,AdaGrad,mini-batch,sparse,0.01,2.038938135585171,1.874993490016107
136,AdaGrad,SGD,random,0.01,1.9639836955761663,1.940030122479747
136,AdaGrad,SGD,zero,0.01,0.4769574192134768,0.3424349870374714
136,AdaGrad,SGD,sparse,0.01,2.151554948770744,1.999118674776024
136,RMSProp,full,random,0.01,0.21555405299980399,0.009999990623238144
136,RMSProp,full,zero,0.01,0.20318321045857157,0.00999999062323747
136,RMSProp,full,sparse,0.01,0.2031832104585716,0.00999999062323747
136,RMSProp,mini-batch,random,0.01,0.24126909405014652,0.08243002743629613
136,RMSProp,mini-batch,zero,0.01,0.24126814362031063,0.08243341015397203
136,RMSProp,mini-batch,sparse,0.01,0.24126876311730389,0.08243137943141077
136,RMSProp,SGD,random,0.01,0.25327105769242353,0.12262846013445283
136,RMSProp,SGD,zero,0.01,0.1834190096003153,0.04103457388208472
136,RMSProp,SGD,sparse,0.01,0.23035793914964123,0.10001889662675979
136,Adam,full,random,0.01,0.3153899445343196,0.13889575916296798
136,Adam,full,zero,0.01,0.20922113558620695,5.469785307859711e-15
136,Adam,full,sparse,0.01,0.20930200007905359,0.00011014346944221968
136,Adam,mini-batch,random,0.01,0.3079338807355775,0.13942524652007407
136,Adam,mini-batch,zero,0.01,0.1756478320298903,0.04038029284369623
136,Adam,mini-batch,sparse,0.01,0.18028823869004898,0.033936681771855264
136,Adam,SGD,random,0.01,0.6124833046081143,0.45935695431345813
136,Adam,SGD,zero,0.01,0.27615451371189315,0.07831502305063918
136,Adam,SGD,sparse,0.01,0.46053163856983864,0.2773904976495627
136,GD,full,random,0.1,0.2092214287581317,7.279669013065922e-07
136,GD,full,zero,0.1,0.20922109275648795,1.1841752442434036e-07
136,GD,full,sparse,0.1,0.20922139177150903,6.078256924218465e-07
136,GD,mini-batch,random,0.1,0.24326788778591274,0.07918656389587397
136,GD,mini-batch,zero,0.1,0.24326771613659123,0.07918689502413137
136,GD,mini-batch,sparse,0.1,0.2432678746282916,0.0791866019601061
136,GD,SGD,random,0.1,0.4533137613920996,0.30748718261404606
136,GD,SGD,zero,0.1,0.5491625064948568,0.3619250856495182
136,GD,SGD,sparse,0.1,0.35725097730642164,0.2460314585501982
136,AdaGrad,full,random,0.1,0.4184349013154829,0.25153189377532265
136,AdaGrad,full,zero,0.1,0.2092211354906362,7.252134442182167e-10
136,AdaGrad,full,sparse,0.1,0.21232345980927517,0.004173744285509806
136,AdaGrad,mini-batch,random,0.1,0.4362986423552886,0.2709903035093848
136,AdaGrad,mini-batch,zero,0.1,0.20764017773631274,0.019332151020583093
136,AdaGrad,mini-batch,sparse,0.1,0.22913439486661816,0.02140979056631968
136,AdaGrad,SGD,random,0.1,0.9138656368861467,0.766698881545059
136,AdaGrad,SGD,zero,0.1,0.2742955210608646,0.10553472477008538
136,AdaGrad,SGD,sparse,0.1,0.8256655065104627,0.6567470011874487
136,RMSProp,full,random,0.1,0.28226612840994747,0.09999999062323758
136,RMSProp,full,zero,0.1,0.28226612840994797,0.09999999062323808
136,RMSProp,full,sparse,0.1,0.16695147844124916,0.09999999062323754
136,RMSProp,mini-batch,random,0.1,0.3505643122582271,0.21940711490890563
136,RMSProp,mini-batch,zero,0.1,0.3505643122582271,0.21940711490890563
136,RMSProp,mini-batch,sparse,0.1,0.3505643122582271,0.21940711490890563
136,RMSProp,SGD,random,0.1,0.2931257874568259,0.22144930739481528
136,RMSProp,SGD,zero,0.1,0.43063195587754444,0.29879133015092785
136,RMSProp,SGD,sparse,0.1,0.22676788294130068,0.31160821848759523
136,Adam,full,random,0.1,0.20922113558620803,8.78695234256362e-16
136,Adam,full,zero,0.1,0.20922113558620797,8.466588009941957e-16
136,Adam,full,sparse,0.1,0.20922113558620797,8.655557453836436e-16
136,Adam,mini-batch,random,0.1,0.30781778687720696,0.1731517146657257
136,Adam,mini-batch,zero,0.1,0.32420351521586516,0.19567125263077528
136,Adam,mini-batch,sparse,0.1,0.32985887684307547,0.19873807145670264
136,Adam,SGD,random,0.1,0.519546167443309,0.37360744554457503
136,Adam,SGD,zero,0.1,0.509699910698125,0.31708867511873795
136,Adam,SGD,sparse,0.1,0.5471717023988607,0.468097906182786
137,GD,full,random,0.01,0.3373766564587989,0.300587982649433
137,GD,full,zero,0.01,0.2693780771268073,0.05541243422072386
137,GD,full,sparse,0.01,0.33079986653196386,0.35936903454587865
137,GD,mini-batch,random,0.01,0.32642770822209277,0.28972580760535377
137,GD,mini-batch,zero,0.01,0.26526065703716784,0.05270664461396398
137,GD,mini-batch,sparse,0.01,0.3084023906258277,0.3405127487400829
137,GD,SGD,random,0.01,0.38698433129373205,0.3401012575182911
137,GD,SGD,zero,0.01,0.3068049867323687,0.097048394159313
137,GD,SGD,sparse,0.01,0.36375545676294074,0.4000679305941509
137,AdaGrad,full,random,0.01,1.6174599422195028,1.7592899535268758
137,AdaGrad,full,zero,0.01,0.41424164439831496,0.2423891494869051
137,AdaGrad,full,sparse,0.01,1.3708043372571659,1.4772885319019797
137,AdaGrad,mini-batch,random,0.01,1.6252253379893484,1.768356252136639
137,AdaGrad,mini-batch,zero,0.01,0.4182354519904908,0.2465642865184582
137,AdaGrad,mini-batch,sparse,0.01,1.436865755194037,1.5395971296522426
137,AdaGrad,SGD,random,0.01,1.7431498906472385,1.9008722407502077
137,AdaGrad,SGD,zero,0.01,0.5510957762527662,0.3406832157087755
137,AdaGrad,SGD,sparse,0.01,1.6427739980198433,1.7549276190116812
137,RMSProp,full,random,0.01,0.2350972134691061,0.009999990735451785
137,RMSProp,full,zero,0.01,0.23509721346910603,0.00999999073545184
137,RMSProp,full,sparse,0.01,0.23509721346910595,0.009999990735451908
137,RMSProp,mini-batch,random,0.01,0.25371010336717686,0.07295890640118957
137,RMSProp,mini-batch,zero,0.01,0.25373356385675594,0.07298314644675881
137,RMSProp,mini-batch,sparse,0.01,0.2537113061171506,0.07296625659626998
137,RMSProp,SGD,random,0.01,0.24355180140168503,0.1869461344394876
137,RMSProp,SGD,zero,0.01,0.25971308566399565,0.08299893697486223
137,RMSProp,SGD,sparse,0.01,0.18702695228260027,0.23950891034010838
137,Adam,full,random,0.01,0.22817474043398772,0.07270472412946112
137,Adam,full,zero,0.01,0.24315005110328256,2.620605932266581e-09
137,Adam,full,sparse,0.01,0.24314993846033345,2.1643512490525438e-07
137,Adam,mini-batch,random,0.01,0.23621359943872397,0.06787110852915464
137,Adam,mini-batch,zero,0.01,0.2733573418580056,0.06618040500873192
137,Adam,mini-batch,sparse,0.01,0.2744435068796923,0.06842133143240332
137,Adam,SGD,random,0.01,0.5035840714786896,0.4835361628325412
137,Adam,SGD,zero,0.01,0.2732321861789459,0.08597521289596893
137,Adam,SGD,sparse,0.01,0.3723129625193697,0.390916406439997
137,GD,full,random,0.1,0.24315001955131624,1.3241491248190006e-07
137,GD,full,zero,0.1,0.24315005665739067,1.885370275554955e-08
137,GD,full,sparse,0.1,0.24315000180473959,1.2724945015979628e-07
137,GD,mini-batch,random,0.1,0.2513867528925115,0.08827637211855383
137,GD,mini-batch,zero,0.1,0.2513868001326418,0.08827641626098111
137,GD,mini-batch,sparse,0.1,0.2513867406444212,0.0882763799313085
137,GD,SGD,random,0.1,0.2649341475833146,0.28087076835051517
137,GD,SGD,zero,0.1,0.7886019395458911,0.6290563906270655
137,GD,SGD,sparse,0.1,0.21887300915830912,0.3122008118702497
137,AdaGrad,full,random,0.1,0.23803632507574068,0.14975326336355024
137,AdaGrad,full,zero,0.1,0.2431500838859449,2.6713375493256765e-07
137,AdaGrad,full,sparse,0.1,0.2430511604410751,0.00018917775515440668
137,AdaGrad,mini-batch,random,0.1,0.25685029204090887,0.19871031588177485
137,AdaGrad,mini-batch,zero,0.1,0.24470049619226197,0.024863437544139767
137,AdaGrad,mini-batch,sparse,0.1,0.23643450208011269,0.017736869783118562
137,AdaGrad,SGD,random,0.1,0.7306844522031996,0.74023635526935
137,AdaGrad,SGD,zero,0.1,0.30021041491567696,0.11103484974821337
137,AdaGrad,SGD,sparse,0.1,0.6907479774592247,0.764111028730038
137,RMSProp,full,random,0.1,0.17207393337023089,0.09999999073545178
137,RMSProp,full,zero,0.1,0.3295974096391644,0.09999999073545186
137,RMSProp,full,sparse,0.1,0.17207393337023094,0.09999999073545181
137,RMSProp,mini-batch,random,0.1,0.27939341127380724,0.12014914170912575
137,RMSProp,mini-batch,zero,0.1,0.27939341127380724,0.12014914170912575
137,RMSProp,mini-batch,sparse,0.1,0.27939341127380724,0.12014914170912575
137,RMSProp,SGD,random,0.1,0.2246990227638109,0.3043983724864257
137,RMSProp,SGD,zero,0.1,0.6570316610290436,0.5506036565960629
137,RMSProp,SGD,sparse,0.1,0.1821133160954277,0.31420378834023716
137,Adam,full,random,0.1,0.24315005109208665,3.532708032038494e-16
137,Adam,full,zero,0.1,0.2431500510920867,3.1646225226420963e-16
137,Adam,full,sparse,0.1,0.2431500510920867,3.1646225226420963e-16
137,Adam,mini-batch,random,0.1,0.2800811706821973,0.18781829697609462
137,Adam,mini-batch,zero,0.1,0.2875371920825422,0.18493214215188894
137,Adam,mini-batch,sparse,0.1,0.2884030443620323,0.18486687031779506
137,Adam,SGD,random,0.1,0.6056617532750045,0.542221354954744
137,Adam,SGD,zero,0.1,0.6541645196860519,0.6259175101906922
137,Adam,SGD,sparse,0.1,0.33649633216367086,0.4495772665163805
138,GD,full,random,0.01,0.4605282837850983,0.3461861139849305
138,GD,full,zero,0.01,0.27818897575895163,0.07253580387423623
138,GD,full,sparse,0.01,0.49750959675690504,0.4254003213101546
138,GD,mini-batch,random,0.01,0.46237890727327047,0.34350409505956336
138,GD,mini-batch,zero,0.01,0.28443922228784785,0.07850893612416968
138,GD,mini-batch,sparse,0.01,0.48682965860707833,0.4075888075921222
138,GD,SGD,random,0.01,0.5168748284810464,0.4179495205052299
138,GD,SGD,zero,0.01,0.37599407659798734,0.20039858072885552
138,GD,SGD,sparse,0.01,0.5527407550015734,0.4540828691195067
138,AdaGrad,full,random,0.01,1.8820883155257888,1.9323386170614383
138,AdaGrad,full,zero,0.01,0.4792487903056487,0.32645542635750696
138,AdaGrad,full,sparse,0.01,1.6929444865861105,1.6897072379607412
138,AdaGrad,mini-batch,random,0.01,1.8836971441665904,1.9340572346844838
138,AdaGrad,mini-batch,zero,0.01,0.4925934011018269,0.33401553502285986
138,AdaGrad,mini-batch,sparse,0.01,1.7873212079543772,1.7744779190809663
138,AdaGrad,SGD,random,0.01,1.9598611324144386,2.0331814783016187
138,AdaGrad,SGD,zero,0.01,0.661311276453119,0.4521590704938405
138,AdaGrad,SGD,sparse,0.01,2.0079654072864197,2.0020134059444046
138,RMSProp,full,random,0.01,0.2460884304227703,0.009999990773149463
138,RMSProp,full,zero,0.01,0.2650252257538191,0.009999990773149172
138,RMSProp,full,sparse,0.01,0.2650252257538191,0.009999990773149172
138,RMSProp,mini-batch,random,0.01,0.22940617582368336,0.06825569581327415
138,RMSProp,mini-batch,zero,0.01,0.229400538645447,0.06842681765306874
138,RMSProp,mini-batch,sparse,0.01,0.22937751859675018,0.06831173946528446
138,RMSProp,SGD,random,0.01,0.4888515231176234,0.43123955547155796
138,RMSProp,SGD,zero,0.01,0.2747133808316078,0.14849126094511383
138,RMSProp,SGD,sparse,0.01,0.4658029236320606,0.3972373837353595
138,Adam,full,random,0.01,0.27236692964601633,0.08358642139868774
138,Adam,full,zero,0.01,0.2555366129131517,3.907025806851212e-07
138,Adam,full,sparse,0.01,0.25553652745334166,7.785922882003017e-07
138,Adam,mini-batch,random,0.01,0.274611047049566,0.09667391501768201
138,Adam,mini-batch,zero,0.01,0.2245337576300467,0.06820271848072874
138,Adam,mini-batch,sparse,0.01,0.2226769439469448,0.0726450305245945
138,Adam,SGD,random,0.01,0.7103588917323604,0.6069388995803506
138,Adam,SGD,zero,0.01,0.38965685278021234,0.203206484992113
138,Adam,SGD,sparse,0.01,0.5532804799642659,0.46922754777292086
138,GD,full,random,0.1,0.2555365778590116,2.2874563616561398e-07
138,GD,full,zero,0.1,0.25553657928381035,4.40457372204464e-08
138,GD,full,sparse,0.1,0.2555365667587396,3.0397932963083345e-07
138,GD,mini-batch,random,0.1,0.2274895381634046,0.09316818802236457
138,GD,mini-batch,zero,0.1,0.22748953787846896,0.09316819192191403
138,GD,mini-batch,sparse,0.1,0.22748953165007194,0.09316820079089545
138,GD,SGD,random,0.1,0.5742953759386814,0.5564089494451484
138,GD,SGD,zero,0.1,0.578809174343529,0.5538606594051485
138,GD,SGD,sparse,0.1,0.7188506048648661,0.471759913979815
138,AdaGrad,full,random,0.1,0.31649871239159477,0.17222258810213573
138,AdaGrad,full,zero,0.1,0.2555376717203282,6.5949408968560524e-06
138,AdaGrad,full,sparse,0.1,0.2554986380876225,0.0005571233793338534
138,AdaGrad,mini-batch,random,0.1,0.3526794785620043,0.21648154287050328
138,AdaGrad,mini-batch,zero,0.1,0.2541154129861575,0.035238038317678785
138,AdaGrad,mini-batch,sparse,0.1,0.2540581611947716,0.03317724955396964
138,AdaGrad,SGD,random,0.1,1.0493546697360245,0.9689899799857309
138,AdaGrad,SGD,zero,0.1,0.4031254817578167,0.2168982706956715
138,AdaGrad,SGD,sparse,0.1,0.8892082620002321,0.8265978843760989
138,RMSProp,full,random,0.1,0.35170051902945537,0.0999999907731492
138,RMSProp,full,zero,0.1,0.35170051902945537,0.09999999077314918
138,RMSProp,full,sparse,0.1,0.1640263011426854,0.09999999077314946
138,RMSProp,mini-batch,random,0.1,0.19600783414528664,0.2725455073969533
138,RMSProp,mini-batch,zero,0.1,0.19600783414528664,0.2725455073969533
138,RMSProp,mini-batch,sparse,0.1,0.19600783414528664,0.2725455073969533
138,RMSProp,SGD,random,0.1,0.5930256593254247,0.5813130473113318
138,RMSProp,SGD,zero,0.1,0.6075706924099921,0.5903725119170453
138,RMSProp,SGD,sparse,0.1,0.7211039400587338,0.49767711893726974
138,Adam,full,random,0.1,0.2555365788325414,1.279468816630226e-15
138,Adam,full,zero,0.1,0.2555365788325414,1.3472180148700993e-15
138,Adam,full,sparse,0.1,0.25553657883254144,1.3913823270755058e-15
138,Adam,mini-batch,random,0.1,0.3344384741252083,0.29062124540679357
138,Adam,mini-batch,zero,0.1,0.3666081341790161,0.308236647289875
138,Adam,mini-batch,sparse,0.1,0.36699099284229514,0.30826676768056716
138,Adam,SGD,random,0.1,0.6748972018838282,0.6551243197429549
138,Adam,SGD,zero,0.1,0.7464474774264094,0.603924404410071
138,Adam,SGD,sparse,0.1,0.5777570348724296,0.5269692912192957
139,GD,full,random,0.01,0.5099244213733867,0.3232286015359034
139,GD,full,zero,0.01,0.280605068815072,0.07043133788777683
139,GD,full,sparse,0.01,0.5567415039973411,0.3972895238461623
139,GD,mini-batch,random,0.01,0.5098754012864276,0.32079329241032845
139,GD,mini-batch,zero,0.01,0.2833179028927973,0.0658720873231491
139,GD,mini-batch,sparse,0.01,0.561480553143669,0.4030700621535212
139,GD,SGD,random,0.01,0.45812699006123675,0.23730868528205784
139,GD,SGD,zero,0.01,0.15687973254616294,0.11370187668521586
139,GD,SGD,sparse,0.01,0.5257109718948739,0.3600091992515606
139,AdaGrad,full,random,0.01,2.040824460464306,1.983165901362571
139,AdaGrad,full,zero,0.01,0.46285259651919547,0.2844507914194928
139,AdaGrad,full,sparse,0.01,1.8943496521989913,1.7704090473880718
139,AdaGrad,mini-batch,random,0.01,2.0479705951896356,1.991549227919344
139,AdaGrad,mini-batch,zero,0.01,0.4677033578127252,0.287186149082798
139,AdaGrad,mini-batch,sparse,0.01,1.9366096441454277,1.810455666088888
139,AdaGrad,SGD,random,0.01,2.151494757938532,2.1128201188597755
139,AdaGrad,SGD,zero,0.01,0.5398563783235403,0.34451516774706453
139,AdaGrad,SGD,sparse,0.01,2.0419971636395062,1.9262224440552669
139,RMSProp,full,random,0.01,0.22978082771409317,0.009999990808642445
139,RMSProp,full,zero,0.01,0.22978082771409325,0.009999990808642306
139,RMSProp,full,sparse,0.01,0.2297808277140932,0.009999990808642384
139,RMSProp,mini-batch,random,0.01,0.22969269493137545,0.03768349359035978
139,RMSProp,mini-batch,zero,0.01,0.2296760623235676,0.03768497751389027
139,RMSProp,mini-batch,sparse,0.01,0.22968192864375944,0.03768662385633245
139,RMSProp,SGD,random,0.01,0.24225280880340816,0.030030639681846626
139,RMSProp,SGD,zero,0.01,0.05922748050212263,0.2049830421195583
139,RMSProp,SGD,sparse,0.01,0.2478032727903253,0.11334408084281711
139,Adam,full,random,0.01,0.31676554114087285,0.10991288127241518
139,Adam,full,zero,0.01,0.2371448656508826,1.2909785161935723e-13
139,Adam,full,sparse,0.01,0.23715271874822538,1.8647050864458813e-05
139,Adam,mini-batch,random,0.01,0.34563004926044316,0.14434958580604743
139,Adam,mini-batch,zero,0.01,0.24401072976509217,0.035140746932079414
139,Adam,mini-batch,sparse,0.01,0.24265312773066644,0.03662318667085745
139,Adam,SGD,random,0.01,0.5455615524345264,0.3591987003043899
139,Adam,SGD,zero,0.01,0.12393756647531569,0.13528660563578923
139,Adam,SGD,sparse,0.01,0.4196698656956967,0.2355330668264674
139,GD,full,random,0.1,0.2371449270248266,1.2326661306368196e-07
139,GD,full,zero,0.1,0.23714487912758553,3.522960586974723e-08
139,GD,full,sparse,0.1,0.2371449230170586,1.237401041877047e-07
139,GD,mini-batch,random,0.1,0.22241331400622294,0.0416209786814867
139,GD,mini-batch,zero,0.1,0.22241327897650595,0.04162100222805145
139,GD,mini-batch,sparse,0.1,0.2224133235047907,0.04162103401518803
139,GD,SGD,random,0.1,0.9313612904807284,0.7673598353454126
139,GD,SGD,zero,0.1,0.23404161059160108,0.30825756610748883
139,GD,SGD,sparse,0.1,0.3284465332699233,0.24406058602610164
139,AdaGrad,full,random,0.1,0.4104647802148652,0.2187956515406294
139,AdaGrad,full,zero,0.1,0.23714487074759028,1.0272725586176105e-08
139,AdaGrad,full,sparse,0.1,0.23788327318631616,0.00174177178636218
139,AdaGrad,mini-batch,random,0.1,0.46178684292959826,0.27238213554646834
139,AdaGrad,mini-batch,zero,0.1,0.24248133489047982,0.029999366899141646
139,AdaGrad,mini-batch,sparse,0.1,0.2535532887182715,0.045570882361360344
139,AdaGrad,SGD,random,0.1,0.8905513173594374,0.715285071098064
139,AdaGrad,SGD,zero,0.1,0.17463676791343438,0.10562649496315396
139,AdaGrad,SGD,sparse,0.1,0.6971116198286272,0.5588518017312265
139,RMSProp,full,random,0.1,0.17565042784402668,0.0999999908086422
139,RMSProp,full,zero,0.1,0.31878252482042835,0.09999999080864211
139,RMSProp,full,sparse,0.1,0.17565042784402662,0.09999999080864226
139,RMSProp,mini-batch,random,0.1,0.13656411077404834,0.20509282269918913
139,RMSProp,mini-batch,zero,0.1,0.13656411077404834,0.20509282269918913
139,RMSProp,mini-batch,sparse,0.1,0.13656411077404834,0.20509282269918913
139,RMSProp,SGD,random,0.1,0.954749438742008,0.7596196128519553
139,RMSProp,SGD,zero,0.1,0.26789321571088875,0.1879439846217134
139,RMSProp,SGD,sparse,0.1,0.2972189765495543,0.18059120402488574
139,Adam,full,random,0.1,0.23714486565095563,9.424642647609475e-16
139,Adam,full,zero,0.1,0.23714486565095563,9.586729210015212e-16
139,Adam,full,sparse,0.1,0.23714486565095563,9.470509886490462e-16
139,Adam,mini-batch,random,0.1,0.20290795998601122,0.12511579632918549
139,Adam,mini-batch,zero,0.1,0.2329200121114438,0.13956559546731376
139,Adam,mini-batch,sparse,0.1,0.23061412944834891,0.13876403861345682
139,Adam,SGD,random,0.1,1.3145911108562944,1.1599636947376222
139,Adam,SGD,zero,0.1,0.32004999694972186,0.3922932612674145
139,Adam,SGD,sparse,0.1,1.0259129454467137,0.8534190201959094
140,GD,full,random,0.01,0.4617067764152663,0.3481379690886658
140,GD,full,zero,0.01,0.3780292229328884,0.13715383922803792
140,GD,full,sparse,0.01,0.39617946427756384,0.34896451219052377
140,GD,mini-batch,random,0.01,0.4583791538805313,0.3396019056554354
140,GD,mini-batch,zero,0.01,0.38087446262152563,0.12987811816278946
140,GD,mini-batch,sparse,0.01,0.4072291372268714,0.3555663976345959
140,GD,SGD,random,0.01,0.4344608757722994,0.4152787348937582
140,GD,SGD,zero,0.01,0.2976890139602576,0.16669912934779474
140,GD,SGD,sparse,0.01,0.36831906963567107,0.4237566640412002
140,AdaGrad,full,random,0.01,1.7867984164292698,1.8592367043998657
140,AdaGrad,full,zero,0.01,0.8498267783996228,0.6480154056268564
140,AdaGrad,full,sparse,0.01,1.0143075585220536,1.0933806541549955
140,AdaGrad,mini-batch,random,0.01,1.7965536568412401,1.8707087726258713
140,AdaGrad,mini-batch,zero,0.01,0.8573633236087413,0.653588924778418
140,AdaGrad,mini-batch,sparse,0.01,1.2534973118028638,1.3079743251262888
140,AdaGrad,SGD,random,0.01,1.8509051124985219,1.9564143117408739
140,AdaGrad,SGD,zero,0.01,1.0019798417102581,0.75995847709595
140,AdaGrad,SGD,sparse,0.01,1.6626204776266063,1.7269785952176795
140,RMSProp,full,random,0.01,0.3052021625230037,0.009999990800338917
140,RMSProp,full,zero,0.01,0.3052021625230035,0.009999990800338983
140,RMSProp,full,sparse,0.01,0.32222108861428345,0.009999990800338924
140,RMSProp,mini-batch,random,0.01,0.29189316151987615,0.06616522368063801
140,RMSProp,mini-batch,zero,0.01,0.2920637653988735,0.06580146534336603
140,RMSProp,mini-batch,sparse,0.01,0.29177026403224227,0.06604476040118985
140,RMSProp,SGD,random,0.01,0.38947229453658044,0.4690814505459344
140,RMSProp,SGD,zero,0.01,0.14815654648227633,0.23587184692056315
140,RMSProp,SGD,sparse,0.01,0.35890822287120316,0.5005408310378141
140,Adam,full,random,0.01,0.31869546007937966,0.028778702417667466
140,Adam,full,zero,0.01,0.3137017337024205,0.00011094629730504598
140,Adam,full,sparse,0.01,0.3136676508061219,2.952666932575435e-14
140,Adam,mini-batch,random,0.01,0.3428155516903006,0.07382841200276254
140,Adam,mini-batch,zero,0.01,0.3374829521290195,0.045083988737006656
140,Adam,mini-batch,sparse,0.01,0.33832080626671734,0.051610698211638675
140,Adam,SGD,random,0.01,0.5875430433064107,0.5566626155517308
140,Adam,SGD,zero,0.01,0.3307071388837786,0.16074008747107127
140,Adam,SGD,sparse,0.01,0.4554808215037438,0.502408226292022
140,GD,full,random,0.1,0.3136676738881644,1.5125143121421088e-07
140,GD,full,zero,0.1,0.31366770374448033,1.2431764881697777e-07
140,GD,full,sparse,0.1,0.313667560833864,1.803915483024626e-07
140,GD,mini-batch,random,0.1,0.283140952675612,0.10945825854140705
140,GD,mini-batch,zero,0.1,0.2831409815680845,0.10945822798667204
140,GD,mini-batch,sparse,0.1,0.28314083357446834,0.10945821741794715
140,GD,SGD,random,0.1,0.34121423038883275,0.5305202508878811
140,GD,SGD,zero,0.1,0.40162451976647034,0.5335439026665301
140,GD,SGD,sparse,0.1,0.21968986028794601,0.4191507685021186
140,AdaGrad,full,random,0.1,0.32883994952151313,0.0725156433442341
140,AdaGrad,full,zero,0.1,0.313806666076176,0.0005127140794142318
140,AdaGrad,full,sparse,0.1,0.313667484195054,4.2360320439024786e-07
140,AdaGrad,mini-batch,random,0.1,0.3583330114751844,0.15150674950006762
140,AdaGrad,mini-batch,zero,0.1,0.3178435196174005,0.01903841830749839
140,AdaGrad,mini-batch,sparse,0.1,0.3075995006152252,0.037542915287565835
140,AdaGrad,SGD,random,0.1,0.8951961871654215,0.8651617013314744
140,AdaGrad,SGD,zero,0.1,0.41305346159213824,0.26843055915131725
140,AdaGrad,SGD,sparse,0.1,0.762675207318845,0.8009371851600047
140,RMSProp,full,random,0.1,0.40221609502034605,0.09999999080033907
140,RMSProp,full,zero,0.1,0.402216095020346,0.0999999908003389
140,RMSProp,full,sparse,0.1,0.40221609502034633,0.09999999080033924
140,RMSProp,mini-batch,random,0.1,0.23787247563912708,0.3262665710357522
140,RMSProp,mini-batch,zero,0.1,0.23787247563912708,0.3262665710357522
140,RMSProp,mini-batch,sparse,0.1,0.23787247563912708,0.3262665710357522
140,RMSProp,SGD,random,0.1,0.21461712570115135,0.5040733274828311
140,RMSProp,SGD,zero,0.1,0.2582543972842641,0.4196347482824623
140,RMSProp,SGD,sparse,0.1,0.12902849107924189,0.2490778600097078
140,Adam,full,random,0.1,0.31366765080613457,3.568319021798266e-15
140,Adam,full,zero,0.1,0.3136676508061344,3.688627499947193e-15
140,Adam,full,sparse,0.1,0.31366765077211595,4.926792344487476e-11
140,Adam,mini-batch,random,0.1,0.25056199369612747,0.15430978023077638
140,Adam,mini-batch,zero,0.1,0.24819412349470246,0.15995001776062134
140,Adam,mini-batch,sparse,0.1,0.24766077328484395,0.16084966560746913
140,Adam,SGD,random,0.1,0.3749058624773827,0.5659202271538234
140,Adam,SGD,zero,0.1,0.43600646149255995,0.6179531709107697
140,Adam,SGD,sparse,0.1,0.2966933100313831,0.4834277161547812
141,GD,full,random,0.01,0.3812118705585994,0.26819873588892124
141,GD,full,zero,0.01,0.2650810817992086,0.09614059740566296
141,GD,full,sparse,0.01,0.3835944577918626,0.32666628755170934
141,GD,mini-batch,random,0.01,0.4032931183347033,0.27521437975056434
141,GD,mini-batch,zero,0.01,0.2879169853130571,0.09433282465974802
141,GD,mini-batch,sparse,0.01,0.4046968306605633,0.3326770058730957
141,GD,SGD,random,0.01,0.5254885611127267,0.4231255759117792
141,GD,SGD,zero,0.01,0.3580482996867832,0.18031979160401393
141,GD,SGD,sparse,0.01,0.5545113657863944,0.4742755186619469
141,AdaGrad,full,random,0.01,1.6614288778336128,1.7130852806702335
141,AdaGrad,full,zero,0.01,0.576629277869618,0.4744698510309038
141,AdaGrad,full,sparse,0.01,1.176960547450685,1.181026071829025
141,AdaGrad,mini-batch,random,0.01,1.6633995537773065,1.716097591587526
141,AdaGrad,mini-batch,zero,0.01,0.5842672903465644,0.47731452012156483
141,AdaGrad,mini-batch,sparse,0.01,1.2860626160756685,1.283581395215856
141,AdaGrad,SGD,random,0.01,1.7797302761891012,1.8534375546321107
141,AdaGrad,SGD,zero,0.01,0.7004452073436465,0.5541967310372363
141,AdaGrad,SGD,sparse,0.01,1.4744437019250214,1.4831653071008994
141,RMSProp,full,random,0.01,0.2361114944151149,0.009999990977505091
141,RMSProp,full,zero,0.01,0.23611149441511486,0.009999990977505063
141,RMSProp,full,sparse,0.01,0.2182785129036083,0.009999990977504782
141,RMSProp,mini-batch,random,0.01,0.29293954354516194,0.06885912326967919
141,RMSProp,mini-batch,zero,0.01,0.29294889484954983,0.06889131729967975
141,RMSProp,mini-batch,sparse,0.01,0.2929271182960757,0.06885759226931469
141,RMSProp,SGD,random,0.01,0.4266777554311698,0.350808770819359
141,RMSProp,SGD,zero,0.01,0.2813903100710585,0.16441200199308897
141,RMSProp,SGD,sparse,0.01,0.4118090335891057,0.3480521441922969
141,Adam,full,random,0.01,0.24829792469675963,0.05723021168314509
141,Adam,full,zero,0.01,0.22714993269275124,2.7356527482851685e-07
141,Adam,full,sparse,0.01,0.22714989248088327,3.286948929216423e-10
141,Adam,mini-batch,random,0.01,0.2903092462487685,0.08491491910919098
141,Adam,mini-batch,zero,0.01,0.2823465289157434,0.05786746954572244
141,Adam,mini-batch,sparse,0.01,0.28401377491626356,0.0594316921582709
141,Adam,SGD,random,0.01,0.6729105847389362,0.5787143161573443
141,Adam,SGD,zero,0.01,0.37586434829414395,0.2164152442407453
141,Adam,SGD,sparse,0.01,0.508945076268667,0.435326512964897
141,GD,full,random,0.1,0.2271498889176069,8.98861431015858e-08
141,GD,full,zero,0.1,0.22714990318897313,3.803045772566898e-08
141,GD,full,sparse,0.1,0.2271498544671908,1.9094514584356754e-07
141,GD,mini-batch,random,0.1,0.30124873263880525,0.08039667769671346
141,GD,mini-batch,zero,0.1,0.3012487602296548,0.08039673966415453
141,GD,mini-batch,sparse,0.1,0.30124868870775917,0.08039661593649446
141,GD,SGD,random,0.1,0.5780804562693598,0.4384023787404849
141,GD,SGD,zero,0.1,0.43844356633524256,0.47190453669159654
141,GD,SGD,sparse,0.1,0.6516002676664108,0.47452202163893614
141,AdaGrad,full,random,0.1,0.28406344968689173,0.12208785602041275
141,AdaGrad,full,zero,0.1,0.22715075648411154,5.708385907185575e-06
141,AdaGrad,full,sparse,0.1,0.22714840760801597,1.0263355825267434e-05
141,AdaGrad,mini-batch,random,0.1,0.33315445560438667,0.16881795103495373
141,AdaGrad,mini-batch,zero,0.1,0.26752054857323304,0.04430146259717253
141,AdaGrad,mini-batch,sparse,0.1,0.26581700811815434,0.04819869124606518
141,AdaGrad,SGD,random,0.1,0.802803399053062,0.7130211092907309
141,AdaGrad,SGD,zero,0.1,0.3368712729611801,0.14353165230369597
141,AdaGrad,SGD,sparse,0.1,0.6341074994583052,0.5846152014932227
141,RMSProp,full,random,0.1,0.31955085338985734,0.09999999097750502
141,RMSProp,full,zero,0.1,0.31955085338985734,0.09999999097750502
141,RMSProp,full,sparse,0.1,0.14519433818184949,0.09999999097750473
141,RMSProp,mini-batch,random,0.1,0.1349982721327408,0.09883436198351357
141,RMSProp,mini-batch,zero,0.1,0.1349982721327408,0.09883436198351357
141,RMSProp,mini-batch,sparse,0.1,0.1349982721327408,0.09883436198351357
141,RMSProp,SGD,random,0.1,0.6129064649441203,0.48882828476544815
141,RMSProp,SGD,zero,0.1,0.49228101157227966,0.5500505310468251
141,RMSProp,SGD,sparse,0.1,0.631693560078463,0.4802502783430795
141,Adam,full,random,0.1,0.2271498925283139,6.626552854390357e-16
141,Adam,full,zero,0.1,0.22714989252831397,5.4672143489065705e-16
141,Adam,full,sparse,0.1,0.22714989252831397,6.335707921447371e-16
141,Adam,mini-batch,random,0.1,0.46262252852568375,0.25508702388283416
141,Adam,mini-batch,zero,0.1,0.4498522513029155,0.2426543530833955
141,Adam,mini-batch,sparse,0.1,0.44925883504705083,0.24204920809091765
141,Adam,SGD,random,0.1,0.3005378306731009,0.3722839393318441
141,Adam,SGD,zero,0.1,0.38483006693174227,0.38170650763129627
141,Adam,SGD,sparse,0.1,0.5088897448513091,0.38007198196927483
142,GD,full,random,0.01,0.4169715531331329,0.23399376529073815
142,GD,full,zero,0.01,0.19353160647406795,0.06496059124363698
142,GD,full,sparse,0.01,0.4820292807644978,0.34021569695592396
142,GD,mini-batch,random,0.01,0.4261161276020496,0.24192593066859866
142,GD,mini-batch,zero,0.01,0.20031268126707866,0.054334800717126326
142,GD,mini-batch,sparse,0.01,0.49075328599562323,0.3477048813263425
142,GD,SGD,random,0.01,0.4682098521809062,0.2907772557255814
142,GD,SGD,zero,0.01,0.28662174362406845,0.10422085357906034
142,GD,SGD,sparse,0.01,0.5189523871526098,0.3799539653195627
142,AdaGrad,full,random,0.01,1.6551957515189875,1.625223753684916
142,AdaGrad,full,zero,0.01,0.21517999499792684,0.2547171510769851
142,AdaGrad,full,sparse,0.01,1.5737750026241577,1.4676751754774058
142,AdaGrad,mini-batch,random,0.01,1.658850045440898,1.6295201038594793
142,AdaGrad,mini-batch,zero,0.01,0.22269079161646904,0.26247901963948733
142,AdaGrad,mini-batch,sparse,0.01,1.5946049543580751,1.4899686412612754
142,AdaGrad,SGD,random,0.01,1.7931289662927137,1.7847763406848982
142,AdaGrad,SGD,zero,0.01,0.31633836129971876,0.3220954294779611
142,AdaGrad,SGD,sparse,0.01,1.695210299492752,1.605634810514902
142,RMSProp,full,random,0.01,0.23290641140436819,0.009999990791701024
142,RMSProp,full,zero,0.01,0.22032521148810164,0.009999990791700913
142,RMSProp,full,sparse,0.01,0.22032521148810166,0.009999990791700913
142,RMSProp,mini-batch,random,0.01,0.24114890987538276,0.039054931385182026
142,RMSProp,mini-batch,zero,0.01,0.24114725135270285,0.039053970376499825
142,RMSProp,mini-batch,sparse,0.01,0.24114806762254024,0.03905411518760245
142,RMSProp,SGD,random,0.01,0.29672979298866037,0.1196565772397741
142,RMSProp,SGD,zero,0.01,0.2721918433176541,0.0686014263159635
142,RMSProp,SGD,sparse,0.01,0.27425648898614025,0.12387734791102001
142,Adam,full,random,0.01,0.2908357415456905,0.09052889748081513
142,Adam,full,zero,0.01,0.2264824448592801,1.2080978961722256e-14
142,Adam,full,sparse,0.01,0.22648564343831876,6.9534850146890965e-06
142,Adam,mini-batch,random,0.01,0.308264579094617,0.1063458417668826
142,Adam,mini-batch,zero,0.01,0.25110991511217956,0.040261455792998044
142,Adam,mini-batch,sparse,0.01,0.2507662042130131,0.04152027429161755
142,Adam,SGD,random,0.01,0.5692410240373285,0.39094415071692934
142,Adam,SGD,zero,0.01,0.34055832170575234,0.14182533786678378
142,Adam,SGD,sparse,0.01,0.43277319540666426,0.27322564212774614
142,GD,full,random,0.1,0.22648250307890289,8.958292494633954e-08
142,GD,full,zero,0.1,0.22648242932549087,2.7596965904021408e-08
142,GD,full,sparse,0.1,0.22648252623421408,1.6585059309175905e-07
142,GD,mini-batch,random,0.1,0.23538942512093255,0.03525407194164885
142,GD,mini-batch,zero,0.1,0.2353893618643558,0.035254071630405885
142,GD,mini-batch,sparse,0.1,0.23538943874723525,0.0352540223032879
142,GD,SGD,random,0.1,0.29081260273414833,0.21298211760906005
142,GD,SGD,zero,0.1,0.42520985055408356,0.25595868843629027
142,GD,SGD,sparse,0.1,0.24066104682834497,0.11959304000025008
142,AdaGrad,full,random,0.1,0.36026529022191106,0.17384174086014312
142,AdaGrad,full,zero,0.1,0.22648244416541075,1.6615059289276948e-09
142,AdaGrad,full,sparse,0.1,0.22673471140988258,0.0005531511037196091
142,AdaGrad,mini-batch,random,0.1,0.38796310861694216,0.20090168535414107
142,AdaGrad,mini-batch,zero,0.1,0.2384404099630281,0.02383440792849426
142,AdaGrad,mini-batch,sparse,0.1,0.2439125123849259,0.03029497906042719
142,AdaGrad,SGD,random,0.1,0.7035942536306222,0.5428912876826127
142,AdaGrad,SGD,zero,0.1,0.24806573722029732,0.0951943000751944
142,AdaGrad,SGD,sparse,0.1,0.6734553132755167,0.5477764342030603
142,RMSProp,full,random,0.1,0.29967533811931146,0.09999999079170097
142,RMSProp,full,zero,0.1,0.29967533811931146,0.09999999079170097
142,RMSProp,full,sparse,0.1,0.1810615467144426,0.09999999079170088
142,RMSProp,mini-batch,random,0.1,0.2703397585072595,0.1382879120028341
142,RMSProp,mini-batch,zero,0.1,0.2703397585072595,0.1382879120028341
142,RMSProp,mini-batch,sparse,0.1,0.2703397585072595,0.1382879120028341
142,RMSProp,SGD,random,0.1,0.33733081558279115,0.2336297805851726
142,RMSProp,SGD,zero,0.1,0.46168315074105415,0.26724880155168623
142,RMSProp,SGD,sparse,0.1,0.3214181108178593,0.20523638151667054
142,Adam,full,random,0.1,0.22648244485927527,8.830679670797666e-16
142,Adam,full,zero,0.1,0.2264824448592752,9.079085946270895e-16
142,Adam,full,sparse,0.1,0.2264824448592752,9.079085946270895e-16
142,Adam,mini-batch,random,0.1,0.21217936126862705,0.22199545844357302
142,Adam,mini-batch,zero,0.1,0.2587003714853005,0.23848732165681963
142,Adam,mini-batch,sparse,0.1,0.25651039357352157,0.23870333217540737
142,Adam,SGD,random,0.1,0.2930355108721372,0.2922407537241846
142,Adam,SGD,zero,0.1,0.29216687594779184,0.3127848078871616
142,Adam,SGD,sparse,0.1,0.22883824152891608,0.11959806486662669
143,GD,full,random,0.01,0.2327819215394061,0.20535834016355162
143,GD,full,zero,0.01,0.17082733607863537,0.08600283984252047
143,GD,full,sparse,0.01,0.3467809644027633,0.3702720601052494
143,GD,mini-batch,random,0.01,0.23444814441016246,0.20943782159720833
143,GD,mini-batch,zero,0.01,0.15984867578131598,0.06866244646952453
143,GD,mini-batch,sparse,0.01,0.343297344310836,0.36863849719175273
143,GD,SGD,random,0.01,0.2576528660823981,0.2414186692296979
143,GD,SGD,zero,0.01,0.22462828844534719,0.1321571157866603
143,GD,SGD,sparse,0.01,0.367445184857827,0.39374621235084867
143,AdaGrad,full,random,0.01,1.3418597718476752,1.4627377479573218
143,AdaGrad,full,zero,0.01,0.387131681666944,0.3702530724130276
143,AdaGrad,full,sparse,0.01,1.5100112949614721,1.5638709638915453
143,AdaGrad,mini-batch,random,0.01,1.3459332877224446,1.4670729024869997
143,AdaGrad,mini-batch,zero,0.01,0.3997357869091747,0.3817711538927748
143,AdaGrad,mini-batch,sparse,0.01,1.55634870206307,1.609719428066899
143,AdaGrad,SGD,random,0.01,1.4646979836442449,1.5933778575045223
143,AdaGrad,SGD,zero,0.01,0.5085700953850208,0.45120276347937205
143,AdaGrad,SGD,sparse,0.01,1.7412223718793076,1.8024050299483494
143,RMSProp,full,random,0.01,0.1727547662968563,0.00999999074288886
143,RMSProp,full,zero,0.01,0.15444455560074904,0.009999990742889394
143,RMSProp,full,sparse,0.01,0.17275476629685632,0.00999999074288886
143,RMSProp,mini-batch,random,0.01,0.18585148281569538,0.07466892913250174
143,RMSProp,mini-batch,zero,0.01,0.18585372212913942,0.07467023472171248
143,RMSProp,mini-batch,sparse,0.01,0.18585005095711105,0.07466666922916146
143,RMSProp,SGD,random,0.01,0.16386114386291636,0.15704024914312453
143,RMSProp,SGD,zero,0.01,0.1743485737478617,0.09866927683414382
143,RMSProp,SGD,sparse,0.01,0.17866261525299454,0.1848960269616453
143,Adam,full,random,0.01,0.15888761462672688,0.06691425636086486
143,Adam,full,zero,0.01,0.16355019154810632,3.7832202052100043e-10
143,Adam,full,sparse,0.01,0.1635497628095922,1.239702553401315e-06
143,Adam,mini-batch,random,0.01,0.16016383007239973,0.08695442467678705
143,Adam,mini-batch,zero,0.01,0.17468006203534006,0.07603666599436716
143,Adam,mini-batch,sparse,0.01,0.17723211496248273,0.07993447805884285
143,Adam,SGD,random,0.01,0.3035882673541251,0.28490603862538444
143,Adam,SGD,zero,0.01,0.18660254826483613,0.07420218058134777
143,Adam,SGD,sparse,0.01,0.3086310775204568,0.31121289798786655
143,GD,full,random,0.1,0.1635501787455011,5.081046460108974e-08
143,GD,full,zero,0.1,0.16355017896102808,4.599936894465549e-08
143,GD,full,sparse,0.1,0.1635501333446358,1.4619877378310996e-07
143,GD,mini-batch,random,0.1,0.18821244009749796,0.07689474750941801
143,GD,mini-batch,zero,0.1,0.188212429745847,0.07689471434517088
143,GD,mini-batch,sparse,0.1,0.1882123454185709,0.07689462443905529
143,GD,SGD,random,0.1,0.24612791489375482,0.3260976389000274
143,GD,SGD,zero,0.1,0.5948813584266038,0.4911415224869315
143,GD,SGD,sparse,0.1,0.29212284169142405,0.2632400609658746
143,AdaGrad,full,random,0.1,0.1818453928714238,0.13517948349856848
143,AdaGrad,full,zero,0.1,0.16355015494750172,1.171041371800561e-07
143,AdaGrad,full,sparse,0.1,0.1634104534785297,0.0004006092450864491
143,AdaGrad,mini-batch,random,0.1,0.19018709357756328,0.15480330163519498
143,AdaGrad,mini-batch,zero,0.1,0.16526812437092347,0.04168805216676673
143,AdaGrad,mini-batch,sparse,0.1,0.16327324199160795,0.04231779876545079
143,AdaGrad,SGD,random,0.1,0.4978080406899814,0.5159497773598136
143,AdaGrad,SGD,zero,0.1,0.20467505036912595,0.1452297681476058
143,AdaGrad,SGD,sparse,0.1,0.5931000072818271,0.6389101336963616
143,RMSProp,full,random,0.1,0.25827142873066405,0.09999999074288884
143,RMSProp,full,zero,0.1,0.08242084567544726,0.09999999074288936
143,RMSProp,full,sparse,0.1,0.08242084567544732,0.09999999074288941
143,RMSProp,mini-batch,random,0.1,0.31533288740925647,0.17239674155980894
143,RMSProp,mini-batch,zero,0.1,0.31533288740925647,0.17239674155980894
143,RMSProp,mini-batch,sparse,0.1,0.31533288740925647,0.17239674155980894
143,RMSProp,SGD,random,0.1,0.18864012155194174,0.2466182471343752
143,RMSProp,SGD,zero,0.1,0.49206199235814124,0.35650673889601303
143,RMSProp,SGD,sparse,0.1,0.3170656586979517,0.23461430007556397
143,Adam,full,random,0.1,0.16355019168939933,3.6862771821808505e-16
143,Adam,full,zero,0.1,0.16355019168939938,3.2385015444498e-16
143,Adam,full,sparse,0.1,0.16355019168939938,3.3395116535531564e-16
143,Adam,mini-batch,random,0.1,0.21281737965407133,0.125509355466886
143,Adam,mini-batch,zero,0.1,0.22197755397085567,0.126394225815275
143,Adam,mini-batch,sparse,0.1,0.22307829099645773,0.12635500201688626
143,Adam,SGD,random,0.1,0.47470428366018247,0.5004822814619982
143,Adam,SGD,zero,0.1,0.4829609379842455,0.39333794604448563
143,Adam,SGD,sparse,0.1,0.4916379936718237,0.5432781253187737
144,GD,full,random,0.01,0.48716699865312135,0.37049366451850146
144,GD,full,zero,0.01,0.36173968828556907,0.11792137199822554
144,GD,full,sparse,0.01,0.6144161919447804,0.45240045976528526
144,GD,mini-batch,random,0.01,0.4798961121540908,0.348445346777657
144,GD,mini-batch,zero,0.01,0.36926971747294013,0.10597928993975317
144,GD,mini-batch,sparse,0.01,0.6140623003956228,0.442039728071352
144,GD,SGD,random,0.01,0.5659739091842964,0.5654625385848072
144,GD,SGD,zero,0.01,0.3843690486781082,0.3164767855719507
144,GD,SGD,sparse,0.01,0.6265200113094838,0.565599180431692
144,AdaGrad,full,random,0.01,2.0227862655581075,2.1127816652031686
144,AdaGrad,full,zero,0.01,0.7640025056996312,0.6412627528316196
144,AdaGrad,full,sparse,0.01,1.9508484351319437,1.8571876790312123
144,AdaGrad,mini-batch,random,0.01,2.0203269236531227,2.1128604750883264
144,AdaGrad,mini-batch,zero,0.01,0.7745348048063911,0.6412020831519628
144,AdaGrad,mini-batch,sparse,0.01,2.051836027158218,1.9726639409470064
144,AdaGrad,SGD,random,0.01,2.0862263832518777,2.2072182462694565
144,AdaGrad,SGD,zero,0.01,0.9535893179938784,0.7671215189000716
144,AdaGrad,SGD,sparse,0.01,2.438206677035245,2.373467706624519
144,RMSProp,full,random,0.01,0.36082899298349635,0.009999990558445611
144,RMSProp,full,zero,0.01,0.34451371048407553,0.009999990558447098
144,RMSProp,full,sparse,0.01,0.3608289929834963,0.009999990558445505
144,RMSProp,mini-batch,random,0.01,0.3544795374027553,0.0855451907348573
144,RMSProp,mini-batch,zero,0.01,0.35493790903496747,0.08711804917681713
144,RMSProp,mini-batch,sparse,0.01,0.3553698358919024,0.0869014013650248
144,RMSProp,SGD,random,0.01,0.6010275100629893,0.6599078330661978
144,RMSProp,SGD,zero,0.01,0.26226226194851077,0.338664741135127
144,RMSProp,SGD,sparse,0.01,0.6948445435746802,0.6798745454472049
144,Adam,full,random,0.01,0.3585287328680577,0.04369372775344004
144,Adam,full,zero,0.01,0.3526137815470483,3.6952804393770364e-05
144,Adam,full,sparse,0.01,0.35262443619787903,2.8621646509501878e-06
144,Adam,mini-batch,random,0.01,0.3796995726364408,0.05289210186367506
144,Adam,mini-batch,zero,0.01,0.38854032587168275,0.08131200244363247
144,Adam,mini-batch,sparse,0.01,0.3907006411408761,0.08529352857207047
144,Adam,SGD,random,0.01,0.8374807007382338,0.8232569755795345
144,Adam,SGD,zero,0.01,0.3544574231394737,0.31449207830432363
144,Adam,SGD,sparse,0.01,0.8362066200412914,0.7615049784647067
144,GD,full,random,0.1,0.352623897047334,1.7025816930493132e-07
144,GD,full,zero,0.1,0.35262391757449446,2.2520261292418795e-08
144,GD,full,sparse,0.1,0.35262396599468343,1.1086374188633868e-07
144,GD,mini-batch,random,0.1,0.35920997245099906,0.10682015120115392
144,GD,mini-batch,zero,0.1,0.3592100286952425,0.10682028897380333
144,GD,mini-batch,sparse,0.1,0.35921007928428333,0.10682029763676643
144,GD,SGD,random,0.1,0.5058660487447332,0.5967826878239139
144,GD,SGD,zero,0.1,0.8963478818519937,0.7549386702538962
144,GD,SGD,sparse,0.1,0.5136448787055443,0.6860201061421453
144,AdaGrad,full,random,0.1,0.37823191768735315,0.11632266270431431
144,AdaGrad,full,zero,0.1,0.35256378814045314,0.00021185579841257753
144,AdaGrad,full,sparse,0.1,0.35283580444142676,0.0011807689399042254
144,AdaGrad,mini-batch,random,0.1,0.41306773921868,0.20737843654618873
144,AdaGrad,mini-batch,zero,0.1,0.3634514715656771,0.04006730812897091
144,AdaGrad,mini-batch,sparse,0.1,0.37948395049889705,0.060533259302038865
144,AdaGrad,SGD,random,0.1,1.159926114326679,1.1359969876428277
144,AdaGrad,SGD,zero,0.1,0.4788385025110704,0.373032896045121
144,AdaGrad,SGD,sparse,0.1,1.3343125384086643,1.2560629684978333
144,RMSProp,full,random,0.1,0.4380445227166182,0.09999999055844551
144,RMSProp,full,zero,0.1,0.27713579993930804,0.09999999055844716
144,RMSProp,full,sparse,0.1,0.4380445227166182,0.09999999055844551
144,RMSProp,mini-batch,random,0.1,0.45791568928560916,0.19265249150173233
144,RMSProp,mini-batch,zero,0.1,0.45791568928560916,0.19265249150173233
144,RMSProp,mini-batch,sparse,0.1,0.45791568928560916,0.19265249150173233
144,RMSProp,SGD,random,0.1,0.19057149824219757,0.37495974521147535
144,RMSProp,SGD,zero,0.1,0.5737021367741743,0.3770003489496301
144,RMSProp,SGD,sparse,0.1,0.29182427912228603,0.5324249246844953
144,Adam,full,random,0.1,0.352623920960172,1.0236279711428504e-15
144,Adam,full,zero,0.1,0.3526239209601721,9.43689570931383e-16
144,Adam,full,sparse,0.1,0.35261879785718403,6.8175977082207346e-06
144,Adam,mini-batch,random,0.1,0.24038431959105344,0.23596664658078578
144,Adam,mini-batch,zero,0.1,0.24312373854262662,0.22991535309929664
144,Adam,mini-batch,sparse,0.1,0.24415864442595583,0.228461998117421
144,Adam,SGD,random,0.1,0.6444784203838008,0.6254570895043071
144,Adam,SGD,zero,0.1,0.44425721214731506,0.5144434937462269
144,Adam,SGD,sparse,0.1,0.6030802235791651,0.6677244759540247
145,GD,full,random,0.01,0.4076568582214114,0.2875541264257474
145,GD,full,zero,0.01,0.2035853864770593,0.04688850909978258
145,GD,full,sparse,0.01,0.46587824442903014,0.3540544885011405
145,GD,mini-batch,random,0.01,0.41668464527474364,0.2957754407004851
145,GD,mini-batch,zero,0.01,0.21189333782601238,0.05417322625539364
145,GD,mini-batch,sparse,0.01,0.4765353558025076,0.36329556676507335
145,GD,SGD,random,0.01,0.3824131307965776,0.26702925951860423
145,GD,SGD,zero,0.01,0.21890228357436295,0.03984208897981319
145,GD,SGD,sparse,0.01,0.4340293833549249,0.3397237753874723
145,AdaGrad,full,random,0.01,1.7745824628229325,1.7917703647271421
145,AdaGrad,full,zero,0.01,0.26919590838253166,0.1923599914104384
145,AdaGrad,full,sparse,0.01,1.611358105604679,1.5310678715822008
145,AdaGrad,mini-batch,random,0.01,1.7849330138763242,1.8033767707041146
145,AdaGrad,mini-batch,zero,0.01,0.2781823652781735,0.20272453861517928
145,AdaGrad,mini-batch,sparse,0.01,1.6444088535944703,1.5627595716494431
145,AdaGrad,SGD,random,0.01,1.8818770248379266,1.9143722071526053
145,AdaGrad,SGD,zero,0.01,0.3640335868169154,0.2520768726252761
145,AdaGrad,SGD,sparse,0.01,1.7778168168463706,1.705679338637188
145,RMSProp,full,random,0.01,0.20996258343395985,0.009999990564622857
145,RMSProp,full,zero,0.01,0.1935170054297566,0.009999990564622337
145,RMSProp,full,sparse,0.01,0.20996258343395985,0.009999990564622857
145,RMSProp,mini-batch,random,0.01,0.16947333823876654,0.05905191415338442
145,RMSProp,mini-batch,zero,0.01,0.16946836932586348,0.059047868339233
145,RMSProp,mini-batch,sparse,0.01,0.16947002571979353,0.059049403992720344
145,RMSProp,SGD,random,0.01,0.1784707637517105,0.0892998875198522
145,RMSProp,SGD,zero,0.01,0.17210455383142528,0.09123961554600908
145,RMSProp,SGD,sparse,0.01,0.15406901022163197,0.11632444233118806
145,Adam,full,random,0.01,0.2425525349908025,0.0893291641977136
145,Adam,full,zero,0.01,0.20165951280584127,5.9399525739835805e-15
145,Adam,full,sparse,0.01,0.20166010925351593,1.8459479815112323e-06
145,Adam,mini-batch,random,0.01,0.27213416233668986,0.1226476247379206
145,Adam,mini-batch,zero,0.01,0.17637278960996955,0.051206638594459605
145,Adam,mini-batch,sparse,0.01,0.17469459961137865,0.04988920269454338
145,Adam,SGD,random,0.01,0.474491842789855,0.35853973914729703
145,Adam,SGD,zero,0.01,0.2607460688023983,0.07059640984503923
145,Adam,SGD,sparse,0.01,0.2977798917720936,0.17311306810450336
145,GD,full,random,0.1,0.20165953437509723,1.4242735776140023e-07
145,GD,full,zero,0.1,0.2016595123575036,1.1558117708951371e-08
145,GD,full,sparse,0.1,0.20165953691430932,1.678351174541933e-07
145,GD,mini-batch,random,0.1,0.1611576180784362,0.056094626947181314
145,GD,mini-batch,zero,0.1,0.1611575636122772,0.056094573351476676
145,GD,mini-batch,sparse,0.1,0.16115763154784296,0.056094638781372025
145,GD,SGD,random,0.1,0.1190940543509271,0.17696354340997214
145,GD,SGD,zero,0.1,0.1802325774114328,0.10166925674573254
145,GD,SGD,sparse,0.1,0.15113782730785671,0.16238702945999142
145,AdaGrad,full,random,0.1,0.3068795125234246,0.17780688298592395
145,AdaGrad,full,zero,0.1,0.20165951268352741,6.494494307404847e-10
145,AdaGrad,full,sparse,0.1,0.20179781711852013,0.00042630245100249266
145,AdaGrad,mini-batch,random,0.1,0.3556912709965434,0.23243275151830994
145,AdaGrad,mini-batch,zero,0.1,0.19481364450852887,0.020263537930022092
145,AdaGrad,mini-batch,sparse,0.1,0.19908998883129614,0.02103945087658615
145,AdaGrad,SGD,random,0.1,0.6688258530252515,0.5683703277932969
145,AdaGrad,SGD,zero,0.1,0.1938052939114811,0.04184504200799839
145,AdaGrad,SGD,sparse,0.1,0.5776094935127023,0.4835867677770968
145,RMSProp,full,random,0.1,0.2895580439911001,0.09999999056462258
145,RMSProp,full,zero,0.1,0.28955804399110047,0.09999999056462308
145,RMSProp,full,sparse,0.1,0.13224694172673734,0.09999999056462218
145,RMSProp,mini-batch,random,0.1,0.12916919450830122,0.13858350095190736
145,RMSProp,mini-batch,zero,0.1,0.12916919450830122,0.13858350095190733
145,RMSProp,mini-batch,sparse,0.1,0.12916919450830122,0.13858350095190733
145,RMSProp,SGD,random,0.1,0.10078301429054196,0.2253839874559227
145,RMSProp,SGD,zero,0.1,0.13697734641601167,0.22567178080833505
145,RMSProp,SGD,sparse,0.1,0.22919524790780776,0.24884146878669014
145,Adam,full,random,0.1,0.2016595128058404,3.521787733787174e-16
145,Adam,full,zero,0.1,0.2016595128058405,3.433175098891678e-16
145,Adam,full,sparse,0.1,0.2016595128058405,3.433175098891678e-16
145,Adam,mini-batch,random,0.1,0.1380336864481074,0.11730542883459688
145,Adam,mini-batch,zero,0.1,0.12942792524491498,0.1272868098384922
145,Adam,mini-batch,sparse,0.1,0.13005419173239963,0.12655230910576848
145,Adam,SGD,random,0.1,0.07244371989109649,0.1644444038763899
145,Adam,SGD,zero,0.1,0.19735608924408748,0.1339520085782443
145,Adam,SGD,sparse,0.1,0.11784721026406858,0.27082958090501996
146,GD,full,random,0.01,0.4360611348476696,0.3665833504641833
146,GD,full,zero,0.01,0.18308692750980687,0.08623015725856965
146,GD,full,sparse,0.01,0.46723984144325453,0.44711005457533454
146,GD,mini-batch,random,0.01,0.44611601691490627,0.3782131119459502
146,GD,mini-batch,zero,0.01,0.1865665874468632,0.09071505991603482
146,GD,mini-batch,sparse,0.01,0.47191425023856887,0.4524156366274563
146,GD,SGD,random,0.01,0.5166829849175141,0.44677405473644977
146,GD,SGD,zero,0.01,0.22734258383413353,0.12318881841110531
146,GD,SGD,sparse,0.01,0.5297683190060957,0.5134185728840543
146,AdaGrad,full,random,0.01,2.139557138700143,2.156304188244811
146,AdaGrad,full,zero,0.01,0.3132265283135288,0.2510809648239765
146,AdaGrad,full,sparse,0.01,2.0403898498890567,2.0425260359792903
146,AdaGrad,mini-batch,random,0.01,2.1406738972411263,2.1574473471220874
146,AdaGrad,mini-batch,zero,0.01,0.3451012005140551,0.28490943836820226
146,AdaGrad,mini-batch,sparse,0.01,2.050423725434142,2.052425813940342
146,AdaGrad,SGD,random,0.01,2.230167828543402,2.2533911941738585
146,AdaGrad,SGD,zero,0.01,0.4501213475689374,0.3893420201306848
146,AdaGrad,SGD,sparse,0.01,2.1098574359754316,2.119028629481555
146,RMSProp,full,random,0.01,0.1402623737301966,0.009999990691618742
146,RMSProp,full,zero,0.01,0.1402623737301965,0.009999990691618797
146,RMSProp,full,sparse,0.01,0.15545850169489442,0.009999990691618745
146,RMSProp,mini-batch,random,0.01,0.15957792559492415,0.02776076422545849
146,RMSProp,mini-batch,zero,0.01,0.15957771400377693,0.02776078886796944
146,RMSProp,mini-batch,sparse,0.01,0.15957772387738356,0.02776066273030048
146,RMSProp,SGD,random,0.01,0.2733296551186726,0.20149251367526638
146,RMSProp,SGD,zero,0.01,0.17757694572211347,0.08373184715327059
146,RMSProp,SGD,sparse,0.01,0.2249775848685868,0.20883802383423516
146,Adam,full,random,0.01,0.2531675896637945,0.17506733515480022
146,Adam,full,zero,0.01,0.14771743229217368,3.8102363000257653e-16
146,Adam,full,sparse,0.01,0.1476743245514926,0.0004881124869525287
146,Adam,mini-batch,random,0.01,0.26264645805015546,0.18596617205742724
146,Adam,mini-batch,zero,0.01,0.14971725203292738,0.0498519503785297
146,Adam,mini-batch,sparse,0.01,0.1510137260834958,0.049013944546314525
146,Adam,SGD,random,0.01,0.5418533589022578,0.4726770944498964
146,Adam,SGD,zero,0.01,0.24471386985913796,0.11312984161634415
146,Adam,SGD,sparse,0.01,0.31061280456155926,0.2637162198478978
146,GD,full,random,0.1,0.1477174692722813,1.781072325983974e-07
146,GD,full,zero,0.1,0.14771743575664892,4.756434805099451e-08
146,GD,full,sparse,0.1,0.14771741333014898,2.2103172015675592e-07
146,GD,mini-batch,random,0.1,0.1618441055742535,0.02754913431784436
146,GD,mini-batch,zero,0.1,0.16184408331821,0.02754917828618292
146,GD,mini-batch,sparse,0.1,0.161844030653064,0.027549036978619833
146,GD,SGD,random,0.1,0.33242480517671885,0.19947358478006827
146,GD,SGD,zero,0.1,0.3418448528180364,0.27988351092584796
146,GD,SGD,sparse,0.1,0.20254914127735307,0.18634813797697067
146,AdaGrad,full,random,0.1,0.3884452776748577,0.3265942278863354
146,AdaGrad,full,zero,0.1,0.1477174322920376,3.8442472656898733e-13
146,AdaGrad,full,sparse,0.1,0.14713377707943254,0.010226287303408415
146,AdaGrad,mini-batch,random,0.1,0.40079599003167066,0.3399277362233139
146,AdaGrad,mini-batch,zero,0.1,0.15623628658332153,0.026186588398707553
146,AdaGrad,mini-batch,sparse,0.1,0.15524084393157242,0.035806328621824916
146,AdaGrad,SGD,random,0.1,0.7720633155604517,0.7087414501411724
146,AdaGrad,SGD,zero,0.1,0.19691884482041117,0.07152810610657045
146,AdaGrad,SGD,sparse,0.1,0.5841157999371867,0.5646564262961874
146,RMSProp,full,random,0.1,0.23300111143905666,0.09999999069161872
146,RMSProp,full,zero,0.1,0.2330011114390567,0.09999999069161875
146,RMSProp,full,sparse,0.1,0.09670241957054632,0.09999999069161881
146,RMSProp,mini-batch,random,0.1,0.0646182785136157,0.10130971575942321
146,RMSProp,mini-batch,zero,0.1,0.0646182785136157,0.1013097157594232
146,RMSProp,mini-batch,sparse,0.1,0.0646182785136157,0.10130971575942321
146,RMSProp,SGD,random,0.1,0.3502002102152371,0.25116541340542475
146,RMSProp,SGD,zero,0.1,0.2667237095924039,0.22567227479281332
146,RMSProp,SGD,sparse,0.1,0.3152208145743808,0.3586125869635116
146,Adam,full,random,0.1,0.1477174322921737,3.378927855336746e-16
146,Adam,full,zero,0.1,0.1477174322921738,2.1624982418987668e-16
146,Adam,full,sparse,0.1,0.1477174322921738,2.133075126106637e-16
146,Adam,mini-batch,random,0.1,0.15441089541259298,0.07222525846517835
146,Adam,mini-batch,zero,0.1,0.17780157365892763,0.09955916730512393
146,Adam,mini-batch,sparse,0.1,0.17213100940353987,0.09564768486819358
146,Adam,SGD,random,0.1,0.3638067411776521,0.2827913293696965
146,Adam,SGD,zero,0.1,0.42569186142707605,0.396949900329954
146,Adam,SGD,sparse,0.1,0.3795430805630819,0.27160649370899276
147,GD,full,random,0.01,0.3483740152872345,0.24184329523209167
147,GD,full,zero,0.01,0.23256735447705962,0.08329531624393992
147,GD,full,sparse,0.01,0.4920127678917654,0.34287608384269896
147,GD,mini-batch,random,0.01,0.35420614847909854,0.25011836590288977
147,GD,mini-batch,zero,0.01,0.22902014011946706,0.0808717710045749
147,GD,mini-batch,sparse,0.01,0.4973722731904173,0.351034015804305
147,GD,SGD,random,0.01,0.4902136239041033,0.33465602374605746
147,GD,SGD,zero,0.01,0.40413121275044567,0.24334102938000696
147,GD,SGD,sparse,0.01,0.5622939996846119,0.37339944223676813
147,AdaGrad,full,random,0.01,1.414821441007036,1.4419738588734063
147,AdaGrad,full,zero,0.01,0.4607819604259996,0.35689539031175166
147,AdaGrad,full,sparse,0.01,1.4543376029742092,1.338656705157308
147,AdaGrad,mini-batch,random,0.01,1.4209542168226028,1.4488501677503849
147,AdaGrad,mini-batch,zero,0.01,0.46556211889212384,0.3608405503259622
147,AdaGrad,mini-batch,sparse,0.01,1.5378355943011628,1.4119461405496012
147,AdaGrad,SGD,random,0.01,1.5139787159110996,1.551953646310785
147,AdaGrad,SGD,zero,0.01,0.5663467573720615,0.4332840076272326
147,AdaGrad,SGD,sparse,0.01,1.8151909368951569,1.6903029637952267
147,RMSProp,full,random,0.01,0.19467205801771675,0.009999990507531436
147,RMSProp,full,zero,0.01,0.19467205801771675,0.009999990507531436
147,RMSProp,full,sparse,0.01,0.20851468223479022,0.009999990507531852
147,RMSProp,mini-batch,random,0.01,0.2458931693963452,0.06042012924257835
147,RMSProp,mini-batch,zero,0.01,0.2458951945291239,0.06042017203979379
147,RMSProp,mini-batch,sparse,0.01,0.24589625653989258,0.060421667977485834
147,RMSProp,SGD,random,0.01,0.32387547177499093,0.20458975622579323
147,RMSProp,SGD,zero,0.01,0.27885798122270544,0.1739686202010166
147,RMSProp,SGD,sparse,0.01,0.3263197361657717,0.15226490889720373
147,Adam,full,random,0.01,0.21649554056341191,0.04410483518009018
147,Adam,full,zero,0.01,0.20146419682474073,1.962987607677685e-07
147,Adam,full,sparse,0.01,0.2014641213589169,2.7989589262379077e-09
147,Adam,mini-batch,random,0.01,0.22489528242728382,0.06794374732638615
147,Adam,mini-batch,zero,0.01,0.21774096158253012,0.04077872459279744
147,Adam,mini-batch,sparse,0.01,0.22043946316057164,0.04076923544461206
147,Adam,SGD,random,0.01,0.50746713622612,0.3463957777489387
147,Adam,SGD,zero,0.01,0.40674971956612554,0.24926752141400121
147,Adam,SGD,sparse,0.01,0.5237261543308604,0.33500876842825894
147,GD,full,random,0.1,0.2014641181855886,1.4095430299164158e-07
147,GD,full,zero,0.1,0.20146413058815638,5.803677925929891e-08
147,GD,full,sparse,0.1,0.20146415521669475,1.0146011663779755e-07
147,GD,mini-batch,random,0.1,0.2468232184168629,0.058567472166072526
147,GD,mini-batch,zero,0.1,0.24682320657966378,0.05856743372195316
147,GD,mini-batch,sparse,0.1,0.24682325270389405,0.05856749966014877
147,GD,SGD,random,0.1,0.7403549062272733,0.5813624011338793
147,GD,SGD,zero,0.1,0.5733787395846799,0.4338701075015746
147,GD,SGD,sparse,0.1,0.38236626940778573,0.28519057839024314
147,AdaGrad,full,random,0.1,0.24488977958207195,0.09509935211393218
147,AdaGrad,full,zero,0.1,0.2014658854021082,4.425721762667396e-06
147,AdaGrad,full,sparse,0.1,0.2014838460270206,3.9520503991563836e-05
147,AdaGrad,mini-batch,random,0.1,0.2588841707672652,0.1251415050370176
147,AdaGrad,mini-batch,zero,0.1,0.20705285452329492,0.01873418952383209
147,AdaGrad,mini-batch,sparse,0.1,0.20871536095011725,0.020767459117743987
147,AdaGrad,SGD,random,0.1,0.5350272106516308,0.4126518451320013
147,AdaGrad,SGD,zero,0.1,0.3226328181609611,0.15333335407045973
147,AdaGrad,SGD,sparse,0.1,0.6920206524129461,0.5284647580364117
147,RMSProp,full,random,0.1,0.1506052911820346,0.09999999050753156
147,RMSProp,full,zero,0.1,0.15060529118203456,0.09999999050753142
147,RMSProp,full,sparse,0.1,0.15060529118203456,0.09999999050753142
147,RMSProp,mini-batch,random,0.1,0.27149384279957955,0.15858598007196528
147,RMSProp,mini-batch,zero,0.1,0.27149384279957955,0.1585859800719653
147,RMSProp,mini-batch,sparse,0.1,0.27149384279957955,0.1585859800719653
147,RMSProp,SGD,random,0.1,0.679646082229546,0.5216868328945691
147,RMSProp,SGD,zero,0.1,0.6129569995995158,0.4583324665997672
147,RMSProp,SGD,sparse,0.1,0.35759027356740763,0.24742819303723604
147,Adam,full,random,0.1,0.20146411995691355,4.1932970789410407e-16
147,Adam,full,zero,0.1,0.20146411995691366,3.1432500083045447e-16
147,Adam,full,sparse,0.1,0.2014641199569137,3.5571561302006606e-16
147,Adam,mini-batch,random,0.1,0.3087241393610818,0.12809921116417153
147,Adam,mini-batch,zero,0.1,0.31448385425964487,0.13255146379391122
147,Adam,mini-batch,sparse,0.1,0.3156365537507603,0.13314678776135008
147,Adam,SGD,random,0.1,0.7491166868470585,0.6025241853437475
147,Adam,SGD,zero,0.1,1.020591348875534,0.8651539906915073
147,Adam,SGD,sparse,0.1,0.5757008914720975,0.4841709606688085
148,GD,full,random,0.01,0.4220845819277945,0.2605834024747751
148,GD,full,zero,0.01,0.3216037457011741,0.09671238871293251
148,GD,full,sparse,0.01,0.5594567235960133,0.4351218351671337
148,GD,mini-batch,random,0.01,0.4561436124692924,0.293672162310757
148,GD,mini-batch,zero,0.01,0.3473033876855226,0.11739685264282622
148,GD,mini-batch,sparse,0.01,0.5913429657534269,0.46215246074327576
148,GD,SGD,random,0.01,0.3403309325035177,0.21473678012638756
148,GD,SGD,zero,0.01,0.2676018942399902,0.11573257309865435
148,GD,SGD,sparse,0.01,0.5599401760335052,0.4492592269049771
148,AdaGrad,full,random,0.01,1.6926930287679347,1.6779888696414367
148,AdaGrad,full,zero,0.01,0.7424667654799965,0.5355062828316095
148,AdaGrad,full,sparse,0.01,1.5429947926284402,1.4850973353248387
148,AdaGrad,mini-batch,random,0.01,1.6955385928522289,1.6818609293766718
148,AdaGrad,mini-batch,zero,0.01,0.7486943690588488,0.5380028320338452
148,AdaGrad,mini-batch,sparse,0.01,1.6982285138483826,1.608722288511212
148,AdaGrad,SGD,random,0.01,1.7542383227762064,1.7690767613788194
148,AdaGrad,SGD,zero,0.01,0.8905374850491096,0.6510369961393401
148,AdaGrad,SGD,sparse,0.01,2.0194942623108374,1.9314798529088613
148,RMSProp,full,random,0.01,0.2656861274434187,0.009999990459201066
148,RMSProp,full,zero,0.01,0.2656861274434187,0.009999990459201052
148,RMSProp,full,sparse,0.01,0.2496314756303466,0.009999990459198973
148,RMSProp,mini-batch,random,0.01,0.3219878341138793,0.08842219842136963
148,RMSProp,mini-batch,zero,0.01,0.3219392972122377,0.08831900727299022
148,RMSProp,mini-batch,sparse,0.01,0.3219306467011019,0.08829271450190213
148,RMSProp,SGD,random,0.01,0.14372782392706387,0.17117187010738613
148,RMSProp,SGD,zero,0.01,0.12374744038079778,0.1954366692919075
148,RMSProp,SGD,sparse,0.01,0.3287557231543814,0.28618521971846933
148,Adam,full,random,0.01,0.2653339319117159,0.036140067596226746
148,Adam,full,zero,0.01,0.2575912306553392,8.661730751580155e-06
148,Adam,full,sparse,0.01,0.257589785675914,2.6092102297404215e-08
148,Adam,mini-batch,random,0.01,0.314396558611681,0.09080169490677541
148,Adam,mini-batch,zero,0.01,0.32346321013033924,0.08055159351499343
148,Adam,mini-batch,sparse,0.01,0.33208514882777956,0.09022099763307254
148,Adam,SGD,random,0.01,0.37639771880937034,0.24371644518925104
148,Adam,SGD,zero,0.01,0.24354702277037296,0.11277395841113275
148,Adam,SGD,sparse,0.01,0.47009362826095347,0.3592300717570893
148,GD,full,random,0.1,0.25758978063116417,1.6671122549867192e-07
148,GD,full,zero,0.1,0.25758978954625933,1.892204494466329e-08
148,GD,full,sparse,0.1,0.2575897738650416,7.002804352518728e-07
148,GD,mini-batch,random,0.1,0.34755898408759345,0.12258587762496385
148,GD,mini-batch,zero,0.1,0.3475590149005237,0.12258592061107075
148,GD,mini-batch,sparse,0.1,0.34755889886608904,0.12258569978543205
148,GD,SGD,random,0.1,0.1563283758299895,0.23720452619235355
148,GD,SGD,zero,0.1,0.22525867812755218,0.20308166185799253
148,GD,SGD,sparse,0.1,0.4970347342204791,0.449621899522493
148,AdaGrad,full,random,0.1,0.2853280410736313,0.0844035456747714
148,AdaGrad,full,zero,0.1,0.2576069812587951,6.114420799650912e-05
148,AdaGrad,full,sparse,0.1,0.25760097920530983,8.60646675347167e-05
148,AdaGrad,mini-batch,random,0.1,0.35113893211735164,0.16047905824260097
148,AdaGrad,mini-batch,zero,0.1,0.2934736419302402,0.0461199585381921
148,AdaGrad,mini-batch,sparse,0.1,0.2963513696749712,0.057152519675362105
148,AdaGrad,SGD,random,0.1,0.6357477960523901,0.5059306299740278
148,AdaGrad,SGD,zero,0.1,0.3870466100757941,0.19857986262004673
148,AdaGrad,SGD,sparse,0.1,0.7711320831320954,0.6596300336990523
148,RMSProp,full,random,0.1,0.18704607872001047,0.09999999045919845
148,RMSProp,full,zero,0.1,0.18704607872001017,0.0999999904591991
148,RMSProp,full,sparse,0.1,0.18704607872001006,0.09999999045919906
148,RMSProp,mini-batch,random,0.1,0.5252874017236111,0.2976809473780397
148,RMSProp,mini-batch,zero,0.1,0.5252874017236111,0.2976809473780397
148,RMSProp,mini-batch,sparse,0.1,0.5252874017236111,0.2976809473780397
148,RMSProp,SGD,random,0.1,0.13579630919247207,0.19517108956013987
148,RMSProp,SGD,zero,0.1,0.20694102668489864,0.15260267660789825
148,RMSProp,SGD,sparse,0.1,0.36117799180033233,0.29496434090622536
148,Adam,full,random,0.1,0.2575897827194402,1.5978300543325406e-15
148,Adam,full,zero,0.1,0.25758978271944005,1.3590492871547996e-15
148,Adam,full,sparse,0.1,0.25758978271944,1.4109690937483662e-15
148,Adam,mini-batch,random,0.1,0.42854480534173944,0.27845243255218566
148,Adam,mini-batch,zero,0.1,0.4569591894118416,0.3027682398315656
148,Adam,mini-batch,sparse,0.1,0.4604950569047334,0.30575462857596286
148,Adam,SGD,random,0.1,0.17934809622894346,0.3045196143934491
148,Adam,SGD,zero,0.1,0.560287767603729,0.5188267331439566
148,Adam,SGD,sparse,0.1,0.27700354662102133,0.320235015287655
149,GD,full,random,0.01,0.5137337276099785,0.3692467536163705
149,GD,full,zero,0.01,0.28888476467957874,0.10785367311646475
149,GD,full,sparse,0.01,0.5304871608690642,0.42894324555452396
149,GD,mini-batch,random,0.01,0.5136638619463326,0.3670351970574702
149,GD,mini-batch,zero,0.01,0.292020154715821,0.11020980606815962
149,GD,mini-batch,sparse,0.01,0.5417095183855438,0.4417416306352695
149,GD,SGD,random,0.01,0.3843036174758272,0.26295643353679776
149,GD,SGD,zero,0.01,0.20645529981348346,0.09480699192822314
149,GD,SGD,sparse,0.01,0.4143926902024603,0.31697743943783624
149,AdaGrad,full,random,0.01,2.21222134020951,2.181997866929955
149,AdaGrad,full,zero,0.01,0.6862633511735083,0.546480460870478
149,AdaGrad,full,sparse,0.01,1.9449123557431982,1.896097542203219
149,AdaGrad,mini-batch,random,0.01,2.2181532467300618,2.189211090457046
149,AdaGrad,mini-batch,zero,0.01,0.6962976431261987,0.5530482796410723
149,AdaGrad,mini-batch,sparse,0.01,2.0607076430365754,2.0017436365678947
149,AdaGrad,SGD,random,0.01,2.3273580682705743,2.317270175064078
149,AdaGrad,SGD,zero,0.01,0.7694440167401482,0.5987178088424147
149,AdaGrad,SGD,sparse,0.01,2.2773712792846927,2.222529363287281
149,RMSProp,full,random,0.01,0.23298685959258733,0.009999990804622003
149,RMSProp,full,zero,0.01,0.21603866222360665,0.009999990804621666
149,RMSProp,full,sparse,0.01,0.21603866222360665,0.009999990804621666
149,RMSProp,mini-batch,random,0.01,0.21127403526051763,0.06014397654066211
149,RMSProp,mini-batch,zero,0.01,0.21121147299118165,0.06015494406340431
149,RMSProp,mini-batch,sparse,0.01,0.21123591803737582,0.060193848536868655
149,RMSProp,SGD,random,0.01,0.32120606793480166,0.24440910970902585
149,RMSProp,SGD,zero,0.01,0.16133557103844987,0.17483224336899472
149,RMSProp,SGD,sparse,0.01,0.2612679068191414,0.20248082083093646
149,Adam,full,random,0.01,0.2687713888540086,0.08385583939153039
149,Adam,full,zero,0.01,0.22445001749817978,1.209308864990351e-07
149,Adam,full,sparse,0.01,0.2244511519889499,9.004027754792433e-06
149,Adam,mini-batch,random,0.01,0.2902824888074802,0.12267195102967836
149,Adam,mini-batch,zero,0.01,0.19650748899650836,0.05220502556821366
149,Adam,mini-batch,sparse,0.01,0.19556419805769132,0.04982173882869689
149,Adam,SGD,random,0.01,0.644020885429997,0.5265886165085744
149,Adam,SGD,zero,0.01,0.2095884235029763,0.12449621637509367
149,Adam,SGD,sparse,0.01,0.43876771323440983,0.3524934873037753
149,GD,full,random,0.1,0.22445002103765024,1.0341779596442661e-07
149,GD,full,zero,0.1,0.22444998414275316,2.2476018596683368e-08
149,GD,full,sparse,0.1,0.22444999008875433,7.675374810015459e-08
149,GD,mini-batch,random,0.1,0.21985474731278348,0.05262226609534854
149,GD,mini-batch,zero,0.1,0.21985471544689675,0.052622282347331926
149,GD,mini-batch,sparse,0.1,0.21985473017691468,0.05262233985970126
149,GD,SGD,random,0.1,0.23773129707150636,0.29361425556607385
149,GD,SGD,zero,0.1,0.3096408601814248,0.3238096302082262
149,GD,SGD,sparse,0.1,0.4010891821977351,0.2496898710215819
149,AdaGrad,full,random,0.1,0.3445090908092718,0.18811339816991596
149,AdaGrad,full,zero,0.1,0.22445125790951073,2.6656985606511676e-06
149,AdaGrad,full,sparse,0.1,0.2247369904010882,0.002141107672418325
149,AdaGrad,mini-batch,random,0.1,0.4083103809432055,0.25958701152076497
149,AdaGrad,mini-batch,zero,0.1,0.2204428766697965,0.02942997645119704
149,AdaGrad,mini-batch,sparse,0.1,0.23187493899511002,0.05491934029467325
149,AdaGrad,SGD,random,0.1,1.0979239493333666,0.9821172469948259
149,AdaGrad,SGD,zero,0.1,0.25851225219110124,0.09096998871886525
149,AdaGrad,SGD,sparse,0.1,0.864911336550248,0.7807157906025206
149,RMSProp,full,random,0.1,0.31373346254875634,0.099999990804622
149,RMSProp,full,zero,0.1,0.31373346254875634,0.099999990804622
149,RMSProp,full,sparse,0.1,0.14942185745403355,0.09999999080462169
149,RMSProp,mini-batch,random,0.1,0.23390013458944645,0.1433441366918424
149,RMSProp,mini-batch,zero,0.1,0.23390013458944645,0.1433441366918424
149,RMSProp,mini-batch,sparse,0.1,0.23390013458944645,0.1433441366918424
149,RMSProp,SGD,random,0.1,0.20590523515815834,0.2595327420882216
149,RMSProp,SGD,zero,0.1,0.30517925789718864,0.28865403096625486
149,RMSProp,SGD,sparse,0.1,0.34835997571243893,0.2042089889487943
149,Adam,full,random,0.1,0.22444997291823907,1.2684328423456628e-15
149,Adam,full,zero,0.1,0.22444997291823912,1.2822423049738363e-15
149,Adam,full,sparse,0.1,0.22444997291823915,1.3042732769225067e-15
149,Adam,mini-batch,random,0.1,0.23111964780003985,0.1704920525176277
149,Adam,mini-batch,zero,0.1,0.26597429997422944,0.19972262843666036
149,Adam,mini-batch,sparse,0.1,0.2666924451319506,0.20097996795675727
149,Adam,SGD,random,0.1,0.2737741556008404,0.26615634727740584
149,Adam,SGD,zero,0.1,0.3080259364651099,0.3166004864970586
149,Adam,SGD,sparse,0.1,0.397450663093395,0.24787855192800065
150,GD,full,random,0.01,0.3143722037140576,0.2781340885508183
150,GD,full,zero,0.01,0.22527899078488467,0.09177330674673685
150,GD,full,sparse,0.01,0.4948740296753846,0.4203664243445023
150,GD,mini-batch,random,0.01,0.301537806037274,0.25925063619536903
150,GD,mini-batch,zero,0.01,0.23025483272778693,0.09263396369458128
150,GD,mini-batch,sparse,0.01,0.4836899580324463,0.4047485658351686
150,GD,SGD,random,0.01,0.31147060697257145,0.2611519856248194
150,GD,SGD,zero,0.01,0.2384702957220576,0.10331778179934879
150,GD,SGD,sparse,0.01,0.49871042917073066,0.41972869205232144
150,AdaGrad,full,random,0.01,1.6903708408698135,1.766760929292354
150,AdaGrad,full,zero,0.01,0.4655429749741708,0.35554541955746166
150,AdaGrad,full,sparse,0.01,1.921506157458206,1.8749882864972431
150,AdaGrad,mini-batch,random,0.01,1.6993510671696876,1.775983548653733
150,AdaGrad,mini-batch,zero,0.01,0.47940724126972223,0.3713498862345701
150,AdaGrad,mini-batch,sparse,0.01,1.964286975270754,1.91532220554292
150,AdaGrad,SGD,random,0.01,1.8107605982499648,1.896477729687637
150,AdaGrad,SGD,zero,0.01,0.5728145860793101,0.4495140841037044
150,AdaGrad,SGD,sparse,0.01,2.1099398083030754,2.066074843168747
150,RMSProp,full,random,0.01,0.15445953694302492,0.00999999072040711
150,RMSProp,full,zero,0.01,0.15445953694302492,0.009999990720407111
150,RMSProp,full,sparse,0.01,0.15445953694302483,0.009999990720407125
150,RMSProp,mini-batch,random,0.01,0.22562971210378624,0.08241418593017162
150,RMSProp,mini-batch,zero,0.01,0.22563132449397236,0.08241486211078944
150,RMSProp,mini-batch,sparse,0.01,0.22563237383359572,0.082414202199956
150,RMSProp,SGD,random,0.01,0.18652673568027092,0.1543230400552104
150,RMSProp,SGD,zero,0.01,0.15557619061315103,0.09493933695186732
150,RMSProp,SGD,sparse,0.01,0.22697868276966757,0.17104548452690715
150,Adam,full,random,0.01,0.19506993085419388,0.10411955560684757
150,Adam,full,zero,0.01,0.1623982109728104,2.8756565123643097e-13
150,Adam,full,sparse,0.01,0.16240548431696342,3.9018189795063487e-05
150,Adam,mini-batch,random,0.01,0.21027298604461986,0.10678317158306937
150,Adam,mini-batch,zero,0.01,0.2029288725239691,0.05115796898679317
150,Adam,mini-batch,sparse,0.01,0.20316209933557372,0.04641606921548393
150,Adam,SGD,random,0.01,0.3934939491524504,0.36038670789904115
150,Adam,SGD,zero,0.01,0.23620308141266508,0.10279711848439806
150,Adam,SGD,sparse,0.01,0.39286771160884354,0.29505603252364276
150,GD,full,random,0.1,0.1623981883070594,1.07134141392304e-07
150,GD,full,zero,0.1,0.1623982416020224,6.487707975938725e-08
150,GD,full,sparse,0.1,0.1623982566969275,1.225288024224507e-07
150,GD,mini-batch,random,0.1,0.2367231782408619,0.08425383170151655
150,GD,mini-batch,zero,0.1,0.23672323516778213,0.08425388456695987
150,GD,mini-batch,sparse,0.1,0.23672322601041737,0.08425384915128764
150,GD,SGD,random,0.1,0.2837228229583668,0.3208112385322766
150,GD,SGD,zero,0.1,0.24907997514228017,0.24720184696747946
150,GD,SGD,sparse,0.1,0.22692807593220424,0.3145952638183148
150,AdaGrad,full,random,0.1,0.26734154871087884,0.20793647757090833
150,AdaGrad,full,zero,0.1,0.1623982258762373,2.7727051221950294e-08
150,AdaGrad,full,sparse,0.1,0.16298745725133587,0.0030243465654661715
150,AdaGrad,mini-batch,random,0.1,0.2863902587677227,0.22382668488802104
150,AdaGrad,mini-batch,zero,0.1,0.19265160752729837,0.038331182788235926
150,AdaGrad,mini-batch,sparse,0.1,0.19526544120972608,0.03452770276916841
150,AdaGrad,SGD,random,0.1,0.5662555894384411,0.551464301113329
150,AdaGrad,SGD,zero,0.1,0.27707434112799234,0.15579970366102175
150,AdaGrad,SGD,sparse,0.1,0.7507731957342753,0.6781718084685993
150,RMSProp,full,random,0.1,0.10108834431895196,0.09999999072040719
150,RMSProp,full,zero,0.1,0.2500549955214981,0.09999999072040704
150,RMSProp,full,sparse,0.1,0.10108834431895197,0.09999999072040724
150,RMSProp,mini-batch,random,0.1,0.2631176975105432,0.13955352903219526
150,RMSProp,mini-batch,zero,0.1,0.2631176975105432,0.13955352903219526
150,RMSProp,mini-batch,sparse,0.1,0.2631176975105432,0.13955352903219526
150,RMSProp,SGD,random,0.1,0.3486404074242294,0.4235171791795663
150,RMSProp,SGD,zero,0.1,0.2832454649094275,0.3024209932544535
150,RMSProp,SGD,sparse,0.1,0.30942958331231624,0.424885013416517
150,Adam,full,random,0.1,0.16239821097265877,6.509259464525838e-16
150,Adam,full,zero,0.1,0.16239821097265886,5.922092897556705e-16
150,Adam,full,sparse,0.1,0.16239821097265883,5.737084865119032e-16
150,Adam,mini-batch,random,0.1,0.3086511051566851,0.15634610002391539
150,Adam,mini-batch,zero,0.1,0.3121828526359635,0.16793524717955388
150,Adam,mini-batch,sparse,0.1,0.3119089501444658,0.1671067909131354
150,Adam,SGD,random,0.1,0.37435632137522995,0.35426256629962644
150,Adam,SGD,zero,0.1,0.3698080209669513,0.3312147617695077
150,Adam,SGD,sparse,0.1,0.2997805156911479,0.3438018591561659
151,GD,full,random,0.01,0.277277949979325,0.18576609723564527
151,GD,full,zero,0.01,0.25718571301862686,0.08671773457518217
151,GD,full,sparse,0.01,0.3089084400847916,0.29066468113855076
151,GD,mini-batch,random,0.01,0.2816659611842312,0.18374182166892908
151,GD,mini-batch,zero,0.01,0.26374671681548834,0.089985789345934
151,GD,mini-batch,sparse,0.01,0.3110147317065074,0.2862156640591158
151,GD,SGD,random,0.01,0.3013778749359874,0.2518497087041986
151,GD,SGD,zero,0.01,0.16401138462773304,0.116710550054353
151,GD,SGD,sparse,0.01,0.30666421762703566,0.2938450897954486
151,AdaGrad,full,random,0.01,1.2029944640678716,1.3405507449810463
151,AdaGrad,full,zero,0.01,0.531136850064525,0.414505223779709
151,AdaGrad,full,sparse,0.01,1.1015891939760474,1.1531509722792075
151,AdaGrad,mini-batch,random,0.01,1.2096304662327946,1.348466788470386
151,AdaGrad,mini-batch,zero,0.01,0.5456684214710171,0.4229089097975371
151,AdaGrad,mini-batch,sparse,0.01,1.1725782120464834,1.2209378955833425
151,AdaGrad,SGD,random,0.01,1.3440482113106331,1.498218879954972
151,AdaGrad,SGD,zero,0.01,0.6524129697635644,0.4866736480128758
151,AdaGrad,SGD,sparse,0.01,1.3652355506999045,1.4260343302686576
151,RMSProp,full,random,0.01,0.22857762325670303,0.009999990697153516
151,RMSProp,full,zero,0.01,0.2098937142233144,0.009999990697153377
151,RMSProp,full,sparse,0.01,0.22857762325670303,0.009999990697153516
151,RMSProp,mini-batch,random,0.01,0.235842487643049,0.03394100603897489
151,RMSProp,mini-batch,zero,0.01,0.23585134376435918,0.03394451490864246
151,RMSProp,mini-batch,sparse,0.01,0.2358211415283123,0.033887010132328
151,RMSProp,SGD,random,0.01,0.2159757860216504,0.20588270372005354
151,RMSProp,SGD,zero,0.01,0.10210319467056553,0.15007058044928845
151,RMSProp,SGD,sparse,0.01,0.20687720621001035,0.20593018072813163
151,Adam,full,random,0.01,0.21769363306998504,0.036643526727561486
151,Adam,full,zero,0.01,0.21920665822481777,6.120577060603886e-08
151,Adam,full,sparse,0.01,0.21920663928206913,3.013231516682768e-10
151,Adam,mini-batch,random,0.01,0.2265792353415005,0.04169398448915156
151,Adam,mini-batch,zero,0.01,0.21634903778720194,0.015959934976712057
151,Adam,mini-batch,sparse,0.01,0.2138293756071455,0.018022547858232322
151,Adam,SGD,random,0.01,0.38845185016773276,0.377398435464153
151,Adam,SGD,zero,0.01,0.1602050117826635,0.13429694639106243
151,Adam,SGD,sparse,0.01,0.32591972060267177,0.3231484384557872
151,GD,full,random,0.1,0.21920664081778904,4.3772118417967066e-08
151,GD,full,zero,0.1,0.2192066465651857,2.1355628842210425e-08
151,GD,full,sparse,0.1,0.2192066120619191,8.695041478446342e-08
151,GD,mini-batch,random,0.1,0.25267923497551925,0.047632970608317296
151,GD,mini-batch,zero,0.1,0.25267924029961186,0.04763297587599218
151,GD,mini-batch,sparse,0.1,0.25267919421495094,0.04763288778024992
151,GD,SGD,random,0.1,0.5185874750882064,0.3641173029962687
151,GD,SGD,zero,0.1,0.33026233514918196,0.23329328960486373
151,GD,SGD,sparse,0.1,0.49906263929371275,0.3612679329300907
151,AdaGrad,full,random,0.1,0.22343131811077196,0.07873160314895725
151,AdaGrad,full,zero,0.1,0.2192075105455038,2.8206218094233703e-06
151,AdaGrad,full,sparse,0.1,0.21920390586030344,8.35380385721831e-06
151,AdaGrad,mini-batch,random,0.1,0.241221418828888,0.11118637275931581
151,AdaGrad,mini-batch,zero,0.1,0.2278588354019712,0.013308945127746333
151,AdaGrad,mini-batch,sparse,0.1,0.22458638340403078,0.005877779805761984
151,AdaGrad,SGD,random,0.1,0.49861116364880964,0.48592677650132904
151,AdaGrad,SGD,zero,0.1,0.19549214777520205,0.11690738593257691
151,AdaGrad,SGD,sparse,0.1,0.5677594620237372,0.6085573672738874
151,RMSProp,full,random,0.1,0.1307276623354249,0.09999999069715336
151,RMSProp,full,zero,0.1,0.1307276623354249,0.09999999069715336
151,RMSProp,full,sparse,0.1,0.13072766233542488,0.09999999069715339
151,RMSProp,mini-batch,random,0.1,0.4066683683574066,0.22607553787607135
151,RMSProp,mini-batch,zero,0.1,0.4066683683574066,0.22607553787607135
151,RMSProp,mini-batch,sparse,0.1,0.4066683683574066,0.22607553787607135
151,RMSProp,SGD,random,0.1,0.4029217874530692,0.2550003965556049
151,RMSProp,SGD,zero,0.1,0.22550155167651906,0.15486756957738806
151,RMSProp,SGD,sparse,0.1,0.41177434329132,0.2834305058556484
151,Adam,full,random,0.1,0.2192066393796677,8.256992190338329e-16
151,Adam,full,zero,0.1,0.21920663937966764,9.59877536665409e-16
151,Adam,full,sparse,0.1,0.21920663937966767,8.256992190338329e-16
151,Adam,mini-batch,random,0.1,0.3659147481284964,0.18521439909739654
151,Adam,mini-batch,zero,0.1,0.4271963591633245,0.23774435811370478
151,Adam,mini-batch,sparse,0.1,0.4304593826963564,0.24054159227379765
151,Adam,SGD,random,0.1,0.7157941456861117,0.5377927613120245
151,Adam,SGD,zero,0.1,0.5181260217419396,0.41096823431586804
151,Adam,SGD,sparse,0.1,0.5140072247805122,0.37681154949648665
152,GD,full,random,0.01,0.4496589066534666,0.23240608445296496
152,GD,full,zero,0.01,0.35228994790291623,0.05953708771107639
152,GD,full,sparse,0.01,0.5347997039227496,0.33538296134167916
152,GD,mini-batch,random,0.01,0.43663970065189234,0.2515172546394435
152,GD,mini-batch,zero,0.01,0.3273739214170323,0.08164385052264449
152,GD,mini-batch,sparse,0.01,0.5072857704480203,0.320370245455738
152,GD,SGD,random,0.01,0.3453474889416711,0.23695269815292874
152,GD,SGD,zero,0.01,0.2860470786830025,0.16155599954637315
152,GD,SGD,sparse,0.01,0.43668404073692174,0.3507547103974903
152,AdaGrad,full,random,0.01,1.4415076130046056,1.4341037706417596
152,AdaGrad,full,zero,0.01,0.6667778612138949,0.37770761199006564
152,AdaGrad,full,sparse,0.01,1.3289593897750713,1.2163715638104577
152,AdaGrad,mini-batch,random,0.01,1.446340715908128,1.4420744396859684
152,AdaGrad,mini-batch,zero,0.01,0.6821502740285764,0.3889693888237313
152,AdaGrad,mini-batch,sparse,0.01,1.50215774627256,1.3715974324685518
152,AdaGrad,SGD,random,0.01,1.5006293120359804,1.5344697907607199
152,AdaGrad,SGD,zero,0.01,0.8618978529092252,0.5504759326740148
152,AdaGrad,SGD,sparse,0.01,1.8787866699435785,1.7558173010751108
152,RMSProp,full,random,0.01,0.3199962157419022,0.009999990486690482
152,RMSProp,full,zero,0.01,0.3380442733109768,0.009999990486691259
152,RMSProp,full,sparse,0.01,0.3199962157419022,0.009999990486690482
152,RMSProp,mini-batch,random,0.01,0.29010875737539016,0.13905733772076947
152,RMSProp,mini-batch,zero,0.01,0.289907315480004,0.13883502755995714
152,RMSProp,mini-batch,sparse,0.01,0.28989578075077954,0.1386317966041855
152,RMSProp,SGD,random,0.01,0.24841358071767172,0.29850689170978517
152,RMSProp,SGD,zero,0.01,0.13539550882588797,0.21757817996949338
152,RMSProp,SGD,sparse,0.01,0.33167731745580104,0.383810764469375
152,Adam,full,random,0.01,0.33161967435034423,0.012233715874232706
152,Adam,full,zero,0.01,0.3290111230725493,6.812960267504135e-05
152,Adam,full,sparse,0.01,0.3289920281614978,1.351998228705739e-12
152,Adam,mini-batch,random,0.01,0.3150668563067356,0.1140232162468944
152,Adam,mini-batch,zero,0.01,0.31661626848784896,0.12373156435843907
152,Adam,mini-batch,sparse,0.01,0.32247271812229705,0.13424450347548272
152,Adam,SGD,random,0.01,0.45451318417960473,0.3078067626549136
152,Adam,SGD,zero,0.01,0.3169951786119129,0.12767965101721027
152,Adam,SGD,sparse,0.01,0.4597779783198601,0.344367741951092
152,GD,full,random,0.1,0.3289920343102466,2.9389958339468634e-08
152,GD,full,zero,0.1,0.3289920314148329,1.521267719401326e-08
152,GD,full,sparse,0.1,0.32899203051718623,5.755904285261437e-08
152,GD,mini-batch,random,0.1,0.2826865027105238,0.16983747627017712
152,GD,mini-batch,zero,0.1,0.2826864949642275,0.1698374698464996
152,GD,mini-batch,sparse,0.1,0.2826864776582626,0.1698374364221857
152,GD,SGD,random,0.1,0.5502371590663516,0.6488708636038856
152,GD,SGD,zero,0.1,0.5826811758106905,0.6764053830859351
152,GD,SGD,sparse,0.1,0.5364203884027595,0.6815375271131818
152,AdaGrad,full,random,0.1,0.3383099376233179,0.03515647013784774
152,AdaGrad,full,zero,0.1,0.3290853472154039,0.00031511493583140246
152,AdaGrad,full,sparse,0.1,0.32899253510758303,2.354536570603617e-06
152,AdaGrad,mini-batch,random,0.1,0.3340686212358642,0.11578780309355957
152,AdaGrad,mini-batch,zero,0.1,0.30080218931352,0.08313825729071558
152,AdaGrad,mini-batch,sparse,0.1,0.30120899968690185,0.08048630714684687
152,AdaGrad,SGD,random,0.1,0.6707049043349713,0.5300486036249109
152,AdaGrad,SGD,zero,0.1,0.3409666466421652,0.10121665373865782
152,AdaGrad,SGD,sparse,0.1,0.6872114559659795,0.5404064999830583
152,RMSProp,full,random,0.1,0.24259830670916738,0.0999999904866905
152,RMSProp,full,zero,0.1,0.4214469918798068,0.09999999048669134
152,RMSProp,full,sparse,0.1,0.4214469918798067,0.09999999048669125
152,RMSProp,mini-batch,random,0.1,0.2681133519246933,0.15648893618450807
152,RMSProp,mini-batch,zero,0.1,0.2681133519246933,0.15648893618450807
152,RMSProp,mini-batch,sparse,0.1,0.2681133519246933,0.15648893618450807
152,RMSProp,SGD,random,0.1,0.3039776270131865,0.4386747426420045
152,RMSProp,SGD,zero,0.1,0.34522081187640935,0.4922631288656623
152,RMSProp,SGD,sparse,0.1,0.38466400846128274,0.5562636902587278
152,Adam,full,random,0.1,0.32899202816179035,1.3148059621411757e-15
152,Adam,full,zero,0.1,0.32899202816179035,1.3148059621411757e-15
152,Adam,full,sparse,0.1,0.32898974170347545,2.4535316185913285e-06
152,Adam,mini-batch,random,0.1,0.2464402219868206,0.2964969645393028
152,Adam,mini-batch,zero,0.1,0.240808977033594,0.3067566101902059
152,Adam,mini-batch,sparse,0.1,0.237681795123154,0.3123281373120995
152,Adam,SGD,random,0.1,0.5082876210193905,0.6175838336034437
152,Adam,SGD,zero,0.1,0.6253589950830434,0.7959904135913654
152,Adam,SGD,sparse,0.1,0.47132783971731607,0.5400005284416571
153,GD,full,random,0.01,0.3140717253557138,0.23068750392829887
153,GD,full,zero,0.01,0.23447597990260918,0.1136236019250155
153,GD,full,sparse,0.01,0.36870322818929463,0.33534682622299716
153,GD,mini-batch,random,0.01,0.30712978596275403,0.20926041548439978
153,GD,mini-batch,zero,0.01,0.24834064607053064,0.11723346360560738
153,GD,mini-batch,sparse,0.01,0.3625434449569688,0.3208705904728742
153,GD,SGD,random,0.01,0.3949893707724717,0.3190048973412381
153,GD,SGD,zero,0.01,0.25351151880044,0.14008960278928884
153,GD,SGD,sparse,0.01,0.4401573762507711,0.40585558508829095
153,AdaGrad,full,random,0.01,1.2966877048704748,1.3752994112000754
153,AdaGrad,full,zero,0.01,0.6802080799244912,0.612419312221413
153,AdaGrad,full,sparse,0.01,1.0423984937603623,1.0550195146938037
153,AdaGrad,mini-batch,random,0.01,1.3019039498722862,1.3818729040914346
153,AdaGrad,mini-batch,zero,0.01,0.6890614628920111,0.6153164751201664
153,AdaGrad,mini-batch,sparse,0.01,1.2090238848019597,1.2207508634402173
153,AdaGrad,SGD,random,0.01,1.4326275849187013,1.5314191647347206
153,AdaGrad,SGD,zero,0.01,0.8344990184023666,0.7200955721453633
153,AdaGrad,SGD,sparse,0.01,1.5705279946581285,1.590563625314295
153,RMSProp,full,random,0.01,0.21509897811607354,0.009999990760001664
153,RMSProp,full,zero,0.01,0.21509897811607354,0.009999990760001664
153,RMSProp,full,sparse,0.01,0.21509897811607354,0.009999990760001664
153,RMSProp,mini-batch,random,0.01,0.20232680156754163,0.04171052170006362
153,RMSProp,mini-batch,zero,0.01,0.20232182668204288,0.04161582170721767
153,RMSProp,mini-batch,sparse,0.01,0.20232332001689748,0.04174741960472578
153,RMSProp,SGD,random,0.01,0.31128693227281184,0.2754971079607086
153,RMSProp,SGD,zero,0.01,0.1642684518643998,0.11622747876663117
153,RMSProp,SGD,sparse,0.01,0.3300285121054927,0.32867359648440564
153,Adam,full,random,0.01,0.20723375821194584,0.02685144733796209
153,Adam,full,zero,0.01,0.2053550284266222,2.2635362848735747e-05
153,Adam,full,sparse,0.01,0.2053540579938829,1.3675952585882674e-14
153,Adam,mini-batch,random,0.01,0.23130398245414158,0.03985336446070096
153,Adam,mini-batch,zero,0.01,0.22307258230987634,0.027976107428053086
153,Adam,mini-batch,sparse,0.01,0.2217531746916531,0.029929276248091136
153,Adam,SGD,random,0.01,0.5217616384904038,0.4631671660395143
153,Adam,SGD,zero,0.01,0.27186703586669164,0.14383261289208227
153,Adam,SGD,sparse,0.01,0.481714937476249,0.44668860875782124
153,GD,full,random,0.1,0.20535405549560676,9.829904446723241e-08
153,GD,full,zero,0.1,0.2053540599626399,3.2710511031448236e-08
153,GD,full,sparse,0.1,0.20535404116343062,1.383709342064304e-07
153,GD,mini-batch,random,0.1,0.19899695277640594,0.047031410620080316
153,GD,mini-batch,zero,0.1,0.1989969506286013,0.04703137956778721
153,GD,mini-batch,sparse,0.1,0.198996949196274,0.04703146472773452
153,GD,SGD,random,0.1,0.3305815552995366,0.2599804709040368
153,GD,SGD,zero,0.1,0.3705761413154098,0.31372334857640133
153,GD,SGD,sparse,0.1,0.4001586376952496,0.390619747537724
153,AdaGrad,full,random,0.1,0.21494778868654757,0.061313323041210815
153,AdaGrad,full,zero,0.1,0.20536166328958552,0.00014868649374931935
153,AdaGrad,full,sparse,0.1,0.20535400662669698,3.3359576700751733e-07
153,AdaGrad,mini-batch,random,0.1,0.23631124123506103,0.08636211874529003
153,AdaGrad,mini-batch,zero,0.1,0.22174559112504327,0.023314101638954712
153,AdaGrad,mini-batch,sparse,0.1,0.21974873447260343,0.020533426053381657
153,AdaGrad,SGD,random,0.1,0.7310812505693186,0.6936931706733115
153,AdaGrad,SGD,zero,0.1,0.343541595223108,0.28922051339115706
153,AdaGrad,SGD,sparse,0.1,0.7680580860285264,0.7678806079465281
153,RMSProp,full,random,0.1,0.11044201982091455,0.09999999076000173
153,RMSProp,full,zero,0.1,0.3035508768410815,0.09999999076000168
153,RMSProp,full,sparse,0.1,0.1104420198209144,0.09999999076000181
153,RMSProp,mini-batch,random,0.1,0.3206929779884928,0.14415440412670003
153,RMSProp,mini-batch,zero,0.1,0.3206929779884928,0.14415440412670003
153,RMSProp,mini-batch,sparse,0.1,0.3206929779884928,0.14415440412670003
153,RMSProp,SGD,random,0.1,0.20311704543238754,0.15465005025929213
153,RMSProp,SGD,zero,0.1,0.31885326600366243,0.28175745998837415
153,RMSProp,SGD,sparse,0.1,0.3167265622857009,0.336779597559012
153,Adam,full,random,0.1,0.20535405799388504,5.688200336284365e-16
153,Adam,full,zero,0.1,0.20535405799388506,4.017973090853895e-16
153,Adam,full,sparse,0.1,0.2053540579938852,3.009432764406106e-16
153,Adam,mini-batch,random,0.1,0.2586149635515539,0.15531932167471238
153,Adam,mini-batch,zero,0.1,0.2614358014211726,0.15951734659715527
153,Adam,mini-batch,sparse,0.1,0.2622282799068853,0.16016859669664196
153,Adam,SGD,random,0.1,0.37203773722643285,0.2835346259014189
153,Adam,SGD,zero,0.1,0.37678278498309065,0.3987275429895798
153,Adam,SGD,sparse,0.1,0.41013905452324695,0.3459477597233945
154,GD,full,random,0.01,0.40897853482003604,0.2937988785521834
154,GD,full,zero,0.01,0.2384278318879971,0.08524776845327967
154,GD,full,sparse,0.01,0.5192731940701587,0.4186793814845317
154,GD,mini-batch,random,0.01,0.4064412675324281,0.2869114990265174
154,GD,mini-batch,zero,0.01,0.23695432523993093,0.06541970846193598
154,GD,mini-batch,sparse,0.01,0.5034958578033193,0.3980491786313191
154,GD,SGD,random,0.01,0.49102359916552063,0.3795351558411721
154,GD,SGD,zero,0.01,0.3102790763759247,0.15165462785930597
154,GD,SGD,sparse,0.01,0.5588520503112766,0.4618143286015708
154,AdaGrad,full,random,0.01,1.805543759450656,1.8096088501254854
154,AdaGrad,full,zero,0.01,0.5101318122813961,0.38518561385400896
154,AdaGrad,full,sparse,0.01,1.7568947790151936,1.6919912495598275
154,AdaGrad,mini-batch,random,0.01,1.811962670059406,1.8169590490091432
154,AdaGrad,mini-batch,zero,0.01,0.5115783179332841,0.38271327296438445
154,AdaGrad,mini-batch,sparse,0.01,1.847115858009015,1.776014606894326
154,AdaGrad,SGD,random,0.01,1.905987967575052,1.9296696928052182
154,AdaGrad,SGD,zero,0.01,0.6488340206770783,0.48567100575381883
154,AdaGrad,SGD,sparse,0.01,2.0836100559016257,2.017294137471357
154,RMSProp,full,random,0.01,0.19991533963115626,0.009999990638497588
154,RMSProp,full,zero,0.01,0.18197793266959206,0.009999990638497784
154,RMSProp,full,sparse,0.01,0.18197793266959203,0.00999999063849781
154,RMSProp,mini-batch,random,0.01,0.22114404809976249,0.04548304423233271
154,RMSProp,mini-batch,zero,0.01,0.221133143707575,0.045484201515921314
154,RMSProp,mini-batch,sparse,0.01,0.2211397761642686,0.04548310742039968
154,RMSProp,SGD,random,0.01,0.22294610866938414,0.14028220239445685
154,RMSProp,SGD,zero,0.01,0.16314600802003718,0.1008797856237592
154,RMSProp,SGD,sparse,0.01,0.202172006881208,0.1601349637185009
154,Adam,full,random,0.01,0.22342933546594074,0.06301427706139047
154,Adam,full,zero,0.01,0.1908956542300549,6.520008006415546e-07
154,Adam,full,sparse,0.01,0.1908956102925994,7.118269993124851e-07
154,Adam,mini-batch,random,0.01,0.2503073974566111,0.08910600809109957
154,Adam,mini-batch,zero,0.01,0.22806176306010886,0.05431688832126831
154,Adam,mini-batch,sparse,0.01,0.22782522207795924,0.05407724643596525
154,Adam,SGD,random,0.01,0.6055004075339572,0.4913591608592084
154,Adam,SGD,zero,0.01,0.339980480437959,0.17434877918077973
154,Adam,SGD,sparse,0.01,0.4649395923556734,0.35383047136330376
154,GD,full,random,0.1,0.19089544340879125,8.809571253025647e-08
154,GD,full,zero,0.1,0.19089542128823342,4.09912613257749e-08
154,GD,full,sparse,0.1,0.19089546434899438,1.4713823055676007e-07
154,GD,mini-batch,random,0.1,0.22751473472516145,0.05828386918882752
154,GD,mini-batch,zero,0.1,0.22751472125844063,0.05828387331727587
154,GD,mini-batch,sparse,0.1,0.22751474423396914,0.05828386239233777
154,GD,SGD,random,0.1,0.3221020357439232,0.29514150043250204
154,GD,SGD,zero,0.1,0.4126736923780817,0.35425774435439045
154,GD,SGD,sparse,0.1,0.2865118042512816,0.2862384927935021
154,AdaGrad,full,random,0.1,0.2776440978707807,0.14072139160321048
154,AdaGrad,full,zero,0.1,0.1909001360446697,1.226264052744614e-05
154,AdaGrad,full,sparse,0.1,0.19106195373873758,0.0005811433589089898
154,AdaGrad,mini-batch,random,0.1,0.3121951429958728,0.17638039842003425
154,AdaGrad,mini-batch,zero,0.1,0.21100066221267103,0.04450305355779481
154,AdaGrad,mini-batch,sparse,0.1,0.21488619561623287,0.04531578042472082
154,AdaGrad,SGD,random,0.1,0.8702650782721454,0.7785398035256427
154,AdaGrad,SGD,zero,0.1,0.3235868641593719,0.16085897889402434
154,AdaGrad,SGD,sparse,0.1,0.7804005732590217,0.6866561779247884
154,RMSProp,full,random,0.1,0.11040901105247164,0.09999999063849772
154,RMSProp,full,zero,0.1,0.11040901105247163,0.09999999063849775
154,RMSProp,full,sparse,0.1,0.11040901105247161,0.09999999063849778
154,RMSProp,mini-batch,random,0.1,0.13211219277618952,0.11912260287253806
154,RMSProp,mini-batch,zero,0.1,0.13211219277618952,0.11912260287253806
154,RMSProp,mini-batch,sparse,0.1,0.13211219277618957,0.11912260287253802
154,RMSProp,SGD,random,0.1,0.10644486098759358,0.19579987798089254
154,RMSProp,SGD,zero,0.1,0.28144900023183833,0.23497720872276925
154,RMSProp,SGD,sparse,0.1,0.10870906904915469,0.1849927618048078
154,Adam,full,random,0.1,0.19089540509530215,5.495323605393213e-16
154,Adam,full,zero,0.1,0.19089540509530217,5.266250202865052e-16
154,Adam,full,sparse,0.1,0.19089540509530212,5.606351459942525e-16
154,Adam,mini-batch,random,0.1,0.15454844910837326,0.10175830440010877
154,Adam,mini-batch,zero,0.1,0.15711893104650285,0.10505144505113374
154,Adam,mini-batch,sparse,0.1,0.15770483372842167,0.10454177605937903
154,Adam,SGD,random,0.1,0.4698305393669223,0.4243091862807304
154,Adam,SGD,zero,0.1,0.60534487163559,0.5394252432371285
154,Adam,SGD,sparse,0.1,0.3516566110498155,0.3211682272733104
155,GD,full,random,0.01,0.31028848720822205,0.3139346380297927
155,GD,full,zero,0.01,0.17376474737130726,0.06410496653521908
155,GD,full,sparse,0.01,0.48150444036622525,0.4433489593199012
155,GD,mini-batch,random,0.01,0.3138786932802667,0.3204471041017107
155,GD,mini-batch,zero,0.01,0.16815226204883338,0.0655697867674607
155,GD,mini-batch,sparse,0.01,0.4808706646972648,0.44464205455584377
155,GD,SGD,random,0.01,0.38515979000973266,0.37373434060224603
155,GD,SGD,zero,0.01,0.21142208541189075,0.1037961900956675
155,GD,SGD,sparse,0.01,0.5472036192095755,0.505061955973996
155,AdaGrad,full,random,0.01,1.8143266637431463,1.8976534216927872
155,AdaGrad,full,zero,0.01,0.30060843522319297,0.21293567926994672
155,AdaGrad,full,sparse,0.01,1.9710770599603133,1.9542858037529491
155,AdaGrad,mini-batch,random,0.01,1.8162479704523677,1.8997734917329547
155,AdaGrad,mini-batch,zero,0.01,0.3075071957752907,0.22145420576275762
155,AdaGrad,mini-batch,sparse,0.01,1.9853552202621618,1.9680320471072394
155,AdaGrad,SGD,random,0.01,1.9524382549012758,2.0397620133603227
155,AdaGrad,SGD,zero,0.01,0.376443136831054,0.2838414648654197
155,AdaGrad,SGD,sparse,0.01,2.1013724262763076,2.091268661352696
155,RMSProp,full,random,0.01,0.12946036913516396,0.009999990612926507
155,RMSProp,full,zero,0.01,0.129460369135164,0.009999990612926479
155,RMSProp,full,sparse,0.01,0.1436538844384397,0.009999990612926253
155,RMSProp,mini-batch,random,0.01,0.12678941006656877,0.013784692886569128
155,RMSProp,mini-batch,zero,0.01,0.12678938424547037,0.013784801763028797
155,RMSProp,mini-batch,sparse,0.01,0.12678954409256996,0.013784619110187376
155,RMSProp,SGD,random,0.01,0.191254332938074,0.11096314759303023
155,RMSProp,SGD,zero,0.01,0.1652316815809076,0.07333922838730005
155,RMSProp,SGD,sparse,0.01,0.2374746056653513,0.15024166643410722
155,Adam,full,random,0.01,0.17927442733054827,0.13987227879434094
155,Adam,full,zero,0.01,0.13637526547425682,3.122502256758253e-16
155,Adam,full,sparse,0.01,0.13638782339513486,0.0001930464669745936
155,Adam,mini-batch,random,0.01,0.1858207028075863,0.15465121092583564
155,Adam,mini-batch,zero,0.01,0.13990363956592658,0.023413720516838394
155,Adam,mini-batch,sparse,0.01,0.14302309609460512,0.020485296153893533
155,Adam,SGD,random,0.01,0.49265106802310626,0.4846613295363643
155,Adam,SGD,zero,0.01,0.2164644559031352,0.09525026891576324
155,Adam,SGD,sparse,0.01,0.42021239250141906,0.3566964857755507
155,GD,full,random,0.1,0.1363752560759694,1.832598801991801e-07
155,GD,full,zero,0.1,0.13637528178407446,4.461007789482151e-08
155,GD,full,sparse,0.1,0.13637533215709596,2.9382640052228803e-07
155,GD,mini-batch,random,0.1,0.1294210412326069,0.014263423255278724
155,GD,mini-batch,zero,0.1,0.12942107559667046,0.014263454794919172
155,GD,mini-batch,sparse,0.1,0.12942111975104906,0.014263379139092753
155,GD,SGD,random,0.1,0.38053658095937914,0.27177800891141646
155,GD,SGD,zero,0.1,0.29348838247804604,0.20230930051614418
155,GD,SGD,sparse,0.1,0.4558905504629282,0.3552489561781316
155,AdaGrad,full,random,0.1,0.2748935496219638,0.2634214174367115
155,AdaGrad,full,zero,0.1,0.1363752654909797,2.4862915497788896e-11
155,AdaGrad,full,sparse,0.1,0.1368693970249906,0.006074912393275578
155,AdaGrad,mini-batch,random,0.1,0.28869747579399735,0.282827649837423
155,AdaGrad,mini-batch,zero,0.1,0.1306799303430912,0.013321540150575446
155,AdaGrad,mini-batch,sparse,0.1,0.13356174105768312,0.02181744726095997
155,AdaGrad,SGD,random,0.1,0.7054966451154476,0.7255877426116385
155,AdaGrad,SGD,zero,0.1,0.17999427085968933,0.07753374046080685
155,AdaGrad,SGD,sparse,0.1,0.7627632805343827,0.7385805993794595
155,RMSProp,full,random,0.1,0.09599967757859514,0.09999999061292654
155,RMSProp,full,zero,0.1,0.21904447999510246,0.09999999061292625
155,RMSProp,full,sparse,0.1,0.09599967757859514,0.09999999061292651
155,RMSProp,mini-batch,random,0.1,0.19111042078554522,0.13670848491745052
155,RMSProp,mini-batch,zero,0.1,0.19111042078554522,0.13670848491745052
155,RMSProp,mini-batch,sparse,0.1,0.19111042078554522,0.13670848491745052
155,RMSProp,SGD,random,0.1,0.23155958657599682,0.11594074734534322
155,RMSProp,SGD,zero,0.1,0.25271607380532457,0.2359270483850109
155,RMSProp,SGD,sparse,0.1,0.41623105392259374,0.3594188983534344
155,Adam,full,random,0.1,0.13637526547425724,3.8012220939804657e-16
155,Adam,full,zero,0.1,0.13637526547425724,4.112721694520661e-16
155,Adam,full,sparse,0.1,0.13637526547425718,3.757268488191713e-16
155,Adam,mini-batch,random,0.1,0.17271892592036062,0.10062735750171252
155,Adam,mini-batch,zero,0.1,0.19242474951520105,0.11618957996803818
155,Adam,mini-batch,sparse,0.1,0.19107885875612043,0.11533912660737997
155,Adam,SGD,random,0.1,0.29663312143178777,0.1892345997013862
155,Adam,SGD,zero,0.1,0.3734155462491473,0.28966152378171667
155,Adam,SGD,sparse,0.1,0.3300320122766371,0.23349506482318896
156,GD,full,random,0.01,0.5287868475369835,0.34281235088739953
156,GD,full,zero,0.01,0.30767024479160965,0.09312497531374389
156,GD,full,sparse,0.01,0.5494669606376125,0.4188635979357658
156,GD,mini-batch,random,0.01,0.5290024382921669,0.34428719338947467
156,GD,mini-batch,zero,0.01,0.30492897154011306,0.09348517735144671
156,GD,mini-batch,sparse,0.01,0.5524712768315002,0.42372959634562657
156,GD,SGD,random,0.01,0.5594410667341169,0.36284846032199636
156,GD,SGD,zero,0.01,0.34946031135542627,0.12386670666436189
156,GD,SGD,sparse,0.01,0.5228362492440628,0.3739598883324687
156,AdaGrad,full,random,0.01,2.2544613377691634,2.1853075320296367
156,AdaGrad,full,zero,0.01,0.6010947325016358,0.4164696647928966
156,AdaGrad,full,sparse,0.01,2.070142342929092,1.9876697957117044
156,AdaGrad,mini-batch,random,0.01,2.259836901800692,2.191701640535096
156,AdaGrad,mini-batch,zero,0.01,0.6174410359986046,0.43029408576129724
156,AdaGrad,mini-batch,sparse,0.01,2.1188784543170778,2.030157278276221
156,AdaGrad,SGD,random,0.01,2.352216243128144,2.302538069238758
156,AdaGrad,SGD,zero,0.01,0.7413192871060507,0.5365898062675434
156,AdaGrad,SGD,sparse,0.01,2.2721158960904217,2.1880133867836182
156,RMSProp,full,random,0.01,0.2484585011452756,0.009999990814661163
156,RMSProp,full,zero,0.01,0.24845850114527546,0.009999990814661037
156,RMSProp,full,sparse,0.01,0.24845850114527546,0.00999999081466103
156,RMSProp,mini-batch,random,0.01,0.20694078211854047,0.06626857593875711
156,RMSProp,mini-batch,zero,0.01,0.20691771205120257,0.06626574988101183
156,RMSProp,mini-batch,sparse,0.01,0.20692657185638985,0.06626947734373013
156,RMSProp,SGD,random,0.01,0.40670961192803734,0.2261792107478079
156,RMSProp,SGD,zero,0.01,0.2048392645547065,0.08505327233164903
156,RMSProp,SGD,sparse,0.01,0.29730565488324207,0.1807694840815319
156,Adam,full,random,0.01,0.3192352233260392,0.11469602094040322
156,Adam,full,zero,0.01,0.24141601052945272,1.3653886867769706e-12
156,Adam,full,sparse,0.01,0.24143022373872333,6.700664510417269e-05
156,Adam,mini-batch,random,0.01,0.32616390799831296,0.1431272343429707
156,Adam,mini-batch,zero,0.01,0.2097129645930414,0.0603934176573938
156,Adam,mini-batch,sparse,0.01,0.20288514641495053,0.055768877291400294
156,Adam,SGD,random,0.01,0.7652126496073139,0.579770507512339
156,Adam,SGD,zero,0.01,0.35964502549438343,0.1303474040678029
156,Adam,SGD,sparse,0.01,0.4923581386416772,0.32538277418066863
156,GD,full,random,0.1,0.24141603579614299,5.41896548707074e-08
156,GD,full,zero,0.1,0.24141601670252247,1.7786412253022962e-08
156,GD,full,sparse,0.1,0.24141602473648208,8.899067534316732e-08
156,GD,mini-batch,random,0.1,0.20584558561690794,0.06185604331739179
156,GD,mini-batch,zero,0.1,0.20584555826260817,0.06185603959940885
156,GD,mini-batch,sparse,0.1,0.20584558253311247,0.06185607049922667
156,GD,SGD,random,0.1,0.45074985961099057,0.4825914046043245
156,GD,SGD,zero,0.1,0.462894894512447,0.48958135929080016
156,GD,SGD,sparse,0.1,0.43563348772593996,0.49423945053792806
156,AdaGrad,full,random,0.1,0.42464274991120554,0.24000271251330083
156,AdaGrad,full,zero,0.1,0.24141602397037676,3.400672517540624e-08
156,AdaGrad,full,sparse,0.1,0.24243806480371247,0.004601756791659392
156,AdaGrad,mini-batch,random,0.1,0.4787529837058402,0.2986153245037377
156,AdaGrad,mini-batch,zero,0.1,0.22639001127260144,0.03380957825062195
156,AdaGrad,mini-batch,sparse,0.1,0.23585026430561476,0.04396344896922257
156,AdaGrad,SGD,random,0.1,1.0848741483204227,0.9121112705523353
156,AdaGrad,SGD,zero,0.1,0.3971381693387433,0.18161590772318378
156,AdaGrad,SGD,sparse,0.1,0.9174632346035387,0.7921099190795399
156,RMSProp,full,random,0.1,0.3190314785314011,0.09999999081466131
156,RMSProp,full,zero,0.1,0.31903147853140085,0.09999999081466095
156,RMSProp,full,sparse,0.1,0.18650011343537656,0.09999999081466181
156,RMSProp,mini-batch,random,0.1,0.2082750231630021,0.0583261649831914
156,RMSProp,mini-batch,zero,0.1,0.2082750231630021,0.0583261649831914
156,RMSProp,mini-batch,sparse,0.1,0.2082750231630021,0.0583261649831914
156,RMSProp,SGD,random,0.1,0.34330960676697736,0.4368790790126536
156,RMSProp,SGD,zero,0.1,0.3577556704519198,0.45490634024670146
156,RMSProp,SGD,sparse,0.1,0.33655632217381226,0.448921937045528
156,Adam,full,random,0.1,0.241416010528999,3.787898901196402e-16
156,Adam,full,zero,0.1,0.24141601052899897,3.433175098891678e-16
156,Adam,full,sparse,0.1,0.24141601052899897,3.491753177729841e-16
156,Adam,mini-batch,random,0.1,0.1702645256401496,0.1094652248582814
156,Adam,mini-batch,zero,0.1,0.16431394893349102,0.10418388435661523
156,Adam,mini-batch,sparse,0.1,0.16485715898785747,0.10333417926671495
156,Adam,SGD,random,0.1,0.42964941812023,0.5329459376751035
156,Adam,SGD,zero,0.1,0.4875216052382405,0.42745720027760203
156,Adam,SGD,sparse,0.1,0.4479243828549476,0.5734161242165187
157,GD,full,random,0.01,0.46008611008849637,0.3448976930377183
157,GD,full,zero,0.01,0.32760470613891796,0.11356386435296005
157,GD,full,sparse,0.01,0.5846778327065669,0.48428688757854477
157,GD,mini-batch,random,0.01,0.45628053579071287,0.3357655420537613
157,GD,mini-batch,zero,0.01,0.3286835200663049,0.11169262253790602
157,GD,mini-batch,sparse,0.01,0.5828158452989001,0.4797583484636851
157,GD,SGD,random,0.01,0.47457741103343287,0.4145440602000972
157,GD,SGD,zero,0.01,0.3026728042465303,0.1970109024773854
157,GD,SGD,sparse,0.01,0.5570010192313306,0.4958320456507028
157,AdaGrad,full,random,0.01,2.0025427583289006,2.0485445612761786
157,AdaGrad,full,zero,0.01,0.7364487999213473,0.5892414299480693
157,AdaGrad,full,sparse,0.01,1.9089963509120071,1.8791375388915306
157,AdaGrad,mini-batch,random,0.01,2.004865747985136,2.0528355923676362
157,AdaGrad,mini-batch,zero,0.01,0.7467149429138986,0.5954565178796717
157,AdaGrad,mini-batch,sparse,0.01,2.0353984961090776,1.9965518687585648
157,AdaGrad,SGD,random,0.01,2.066933553457958,2.137232581899411
157,AdaGrad,SGD,zero,0.01,0.8763540161456372,0.6926222067092251
157,AdaGrad,SGD,sparse,0.01,2.3499228799153196,2.3187926290928784
157,RMSProp,full,random,0.01,0.29923005103684547,0.009999990650905247
157,RMSProp,full,zero,0.01,0.2839714957247509,0.00999999065090499
157,RMSProp,full,sparse,0.01,0.2839714957247509,0.009999990650904992
157,RMSProp,mini-batch,random,0.01,0.29193836081448293,0.018285709818529405
157,RMSProp,mini-batch,zero,0.01,0.29191406167696937,0.018290597122793247
157,RMSProp,mini-batch,sparse,0.01,0.2919746829824858,0.01838396814961344
157,RMSProp,SGD,random,0.01,0.3032682332912531,0.316918754821661
157,RMSProp,SGD,zero,0.01,0.14830784968167812,0.1825008234038625
157,RMSProp,SGD,sparse,0.01,0.3266946239119416,0.3057343707627379
157,Adam,full,random,0.01,0.29720221270301045,0.05398226252893479
157,Adam,full,zero,0.01,0.29153603940421907,1.534563462697792e-05
157,Adam,full,sparse,0.01,0.2915291891410193,3.414127787643761e-06
157,Adam,mini-batch,random,0.01,0.31486917844286055,0.08689777313642527
157,Adam,mini-batch,zero,0.01,0.3032294937136707,0.021237744566027922
157,Adam,mini-batch,sparse,0.01,0.3041172734935874,0.023086028873729274
157,Adam,SGD,random,0.01,0.559211121205091,0.522134268851057
157,Adam,SGD,zero,0.01,0.2633271501369628,0.20434124860514646
157,Adam,SGD,sparse,0.01,0.5531338532110132,0.48864221081281195
157,GD,full,random,0.1,0.29152910890663253,8.20542366840197e-08
157,GD,full,zero,0.1,0.29152910794123665,4.0482093853643786e-08
157,GD,full,sparse,0.1,0.29152912225497174,1.9772796983755259e-07
157,GD,mini-batch,random,0.1,0.2786763319069266,0.02488463089004934
157,GD,mini-batch,zero,0.1,0.2786763326498016,0.024884639718261246
157,GD,mini-batch,sparse,0.1,0.27867634167945676,0.02488464332338568
157,GD,SGD,random,0.1,0.3052419699504031,0.34022789318935426
157,GD,SGD,zero,0.1,0.7441522490796912,0.5926264514192312
157,GD,SGD,sparse,0.1,0.27719478047656587,0.4426263029533072
157,AdaGrad,full,random,0.1,0.3220209795754702,0.1336882045651639
157,AdaGrad,full,zero,0.1,0.2915743043811238,0.00011563525102118904
157,AdaGrad,full,sparse,0.1,0.2915666608189482,0.0013671137446324298
157,AdaGrad,mini-batch,random,0.1,0.3515536037607234,0.18980906969230282
157,AdaGrad,mini-batch,zero,0.1,0.2961643580203164,0.012136302565811522
157,AdaGrad,mini-batch,sparse,0.1,0.3047446106673035,0.05115342263158145
157,AdaGrad,SGD,random,0.1,0.8959629822626403,0.8613927099437606
157,AdaGrad,SGD,zero,0.1,0.370077121421883,0.2629413902342468
157,AdaGrad,SGD,sparse,0.1,0.9749306913890006,0.9227551577093144
157,RMSProp,full,random,0.1,0.3734746545084814,0.09999999065090527
157,RMSProp,full,zero,0.1,0.224711176628493,0.09999999065090501
157,RMSProp,full,sparse,0.1,0.224711176628493,0.09999999065090502
157,RMSProp,mini-batch,random,0.1,0.3505747332226681,0.15725960257376484
157,RMSProp,mini-batch,zero,0.1,0.3505747332226681,0.15725960257376484
157,RMSProp,mini-batch,sparse,0.1,0.3505747332226681,0.15725960257376484
157,RMSProp,SGD,random,0.1,0.2794012785294837,0.38113166478672694
157,RMSProp,SGD,zero,0.1,0.6066603147219276,0.5019219039207979
157,RMSProp,SGD,sparse,0.1,0.243807002824106,0.4127390246581864
157,Adam,full,random,0.1,0.29152910163620804,9.716201519912766e-16
157,Adam,full,zero,0.1,0.291529101636208,7.519981249449377e-16
157,Adam,full,sparse,0.1,0.29154070555680844,1.6389366773783137e-05
157,Adam,mini-batch,random,0.1,0.2769948969848852,0.11429433797697502
157,Adam,mini-batch,zero,0.1,0.2829980467893159,0.12111928728807421
157,Adam,mini-batch,sparse,0.1,0.28444548779852913,0.12302098249561258
157,Adam,SGD,random,0.1,0.55284599827935,0.4918464882925494
157,Adam,SGD,zero,0.1,0.40758569087525415,0.471443494567779
157,Adam,SGD,sparse,0.1,0.48658686533013124,0.46192915190242656
158,GD,full,random,0.01,0.49024990753201475,0.2755511549694611
158,GD,full,zero,0.01,0.4279675764973906,0.06104789833797938
158,GD,full,sparse,0.01,0.5672937412383977,0.36238219706731994
158,GD,mini-batch,random,0.01,0.49880646420601327,0.2957604333402972
158,GD,mini-batch,zero,0.01,0.4267034217580902,0.07670466925982594
158,GD,mini-batch,sparse,0.01,0.568936966253071,0.3672875122727391
158,GD,SGD,random,0.01,0.5594259674338733,0.2363187242139486
158,GD,SGD,zero,0.01,0.5685972575317301,0.2050666399336944
158,GD,SGD,sparse,0.01,0.7051855979545439,0.42711057912985195
158,AdaGrad,full,random,0.01,1.69736071949883,1.7674475415541904
158,AdaGrad,full,zero,0.01,0.6251473510100605,0.28653729825546176
158,AdaGrad,full,sparse,0.01,1.6279459649512595,1.5695450562944468
158,AdaGrad,mini-batch,random,0.01,1.7003294749306408,1.7715627516728938
158,AdaGrad,mini-batch,zero,0.01,0.6326616112202208,0.29275360592412825
158,AdaGrad,mini-batch,sparse,0.01,1.766045778386608,1.684277653477743
158,AdaGrad,SGD,random,0.01,1.8137856925943758,1.9149874087095278
158,AdaGrad,SGD,zero,0.01,0.783467864143741,0.4106051785614969
158,AdaGrad,SGD,sparse,0.01,2.029760886077036,1.9598196924826077
158,RMSProp,full,random,0.01,0.38171473614269896,0.009999991014988956
158,RMSProp,full,zero,0.01,0.38171473614269896,0.009999991014988956
158,RMSProp,full,sparse,0.01,0.381714736142699,0.009999991014988914
158,RMSProp,mini-batch,random,0.01,0.38154886801291304,0.04449307659217873
158,RMSProp,mini-batch,zero,0.01,0.3813608279912937,0.04378386671519426
158,RMSProp,mini-batch,sparse,0.01,0.3815257462944565,0.04380252818142349
158,RMSProp,SGD,random,0.01,0.42008960135728746,0.30371979455880493
158,RMSProp,SGD,zero,0.01,0.3515737723922202,0.18886566479987418
158,RMSProp,SGD,sparse,0.01,0.5600838746177129,0.417719368925791
158,Adam,full,random,0.01,0.39067377237316764,0.05184888615641668
158,Adam,full,zero,0.01,0.3884816661370423,8.759772329944702e-07
158,Adam,full,sparse,0.01,0.38848117137134125,1.223980600674765e-07
158,Adam,mini-batch,random,0.01,0.3784324455945703,0.10194479969627625
158,Adam,mini-batch,zero,0.01,0.35934223068503934,0.0593149107867072
158,Adam,mini-batch,sparse,0.01,0.35892171766368447,0.0592824511493893
158,Adam,SGD,random,0.01,0.7041470671047165,0.5134100021096233
158,Adam,SGD,zero,0.01,0.5051067067539065,0.14957676045584894
158,Adam,SGD,sparse,0.01,0.7830207511664377,0.5399265354719603
158,GD,full,random,0.1,0.388481193207969,6.359737644247153e-08
158,GD,full,zero,0.1,0.3884811951385716,3.9047354771473015e-08
158,GD,full,sparse,0.1,0.38848119119100505,5.975558416211702e-08
158,GD,mini-batch,random,0.1,0.3810577591639648,0.06230885122204705
158,GD,mini-batch,zero,0.1,0.38105775253119706,0.06230882418641795
158,GD,mini-batch,sparse,0.1,0.38105774730156783,0.062308828745863465
158,GD,SGD,random,0.1,0.8002202548585109,0.6414170887597545
158,GD,SGD,zero,0.1,1.232330485608233,0.8813924300739583
158,GD,SGD,sparse,0.1,0.9481096937872417,0.6358170214710633
158,AdaGrad,full,random,0.1,0.4042126849271237,0.11885023825238335
158,AdaGrad,full,zero,0.1,0.3884873173605652,1.0987540744590334e-05
158,AdaGrad,full,sparse,0.1,0.388484755929654,0.00024132121954650618
158,AdaGrad,mini-batch,random,0.1,0.4392013323166331,0.20003568486459788
158,AdaGrad,mini-batch,zero,0.1,0.38335868665420164,0.03153294562784335
158,AdaGrad,mini-batch,sparse,0.1,0.3891202984967375,0.0481454264907429
158,AdaGrad,SGD,random,0.1,0.9225743645104574,0.7924039519746525
158,AdaGrad,SGD,zero,0.1,0.5289841950138785,0.17637055894343454
158,AdaGrad,SGD,sparse,0.1,1.1291895419198292,0.9818583291012025
158,RMSProp,full,random,0.1,0.4626364111324656,0.09999999101498866
158,RMSProp,full,zero,0.1,0.4626364111324657,0.09999999101498867
158,RMSProp,full,sparse,0.1,0.3283333447829553,0.09999999101498902
158,RMSProp,mini-batch,random,0.1,0.26227358198913714,0.20969052985728312
158,RMSProp,mini-batch,zero,0.1,0.26227358198913714,0.20969052985728312
158,RMSProp,mini-batch,sparse,0.1,0.26227358198913714,0.20969052985728312
158,RMSProp,SGD,random,0.1,0.4976271552464901,0.26613145703592184
158,RMSProp,SGD,zero,0.1,0.8489019008855213,0.5626519142857145
158,RMSProp,SGD,sparse,0.1,0.627520728192288,0.273938829535048
158,Adam,full,random,0.1,0.3884811692964637,4.2001807449902774e-16
158,Adam,full,zero,0.1,0.38848116929646376,2.7336071744532853e-16
158,Adam,full,sparse,0.1,0.3884811692964637,4.4147945634195513e-16
158,Adam,mini-batch,random,0.1,0.4660996011197315,0.1019210534070913
158,Adam,mini-batch,zero,0.1,0.4740862822577104,0.11311952417487507
158,Adam,mini-batch,sparse,0.1,0.47501569390035,0.11413644210772489
158,Adam,SGD,random,0.1,0.7845927528123008,0.4715708639746325
158,Adam,SGD,zero,0.1,0.9599792322889577,0.6997079302493036
158,Adam,SGD,sparse,0.1,0.7087429986948064,0.4204122860147701
159,GD,full,random,0.01,0.4030788520907617,0.1907566397794104
159,GD,full,zero,0.01,0.3496787584637518,0.10344341582107665
159,GD,full,sparse,0.01,0.5720569564355863,0.3263903437515642
159,GD,mini-batch,random,0.01,0.39362358456636526,0.1913933258131459
159,GD,mini-batch,zero,0.01,0.33879083722210984,0.1068214663560305
159,GD,mini-batch,sparse,0.01,0.5616649291765788,0.3193108136482696
159,GD,SGD,random,0.01,0.442680115257168,0.30049242545075033
159,GD,SGD,zero,0.01,0.3068144883707125,0.041836427656277514
159,GD,SGD,sparse,0.01,0.6031745139520245,0.3455026607003074
159,AdaGrad,full,random,0.01,1.0855297320936266,1.1539163737506388
159,AdaGrad,full,zero,0.01,0.6680555339580492,0.5006950170535832
159,AdaGrad,full,sparse,0.01,1.2401293874497248,1.0695508678106442
159,AdaGrad,mini-batch,random,0.01,1.0877901270356973,1.1587265158914584
159,AdaGrad,mini-batch,zero,0.01,0.6850734734334561,0.511728945684478
159,AdaGrad,mini-batch,sparse,0.01,1.4100870412957116,1.21416633647061
159,AdaGrad,SGD,random,0.01,1.1892080322762135,1.304102774863133
159,AdaGrad,SGD,zero,0.01,0.8230481910573842,0.6014812117350986
159,AdaGrad,SGD,sparse,0.01,1.7713470369660518,1.5836781211934916
159,RMSProp,full,random,0.01,0.32098281162589176,0.009999990620393556
159,RMSProp,full,zero,0.01,0.33705921468207833,0.009999990620394542
159,RMSProp,full,sparse,0.01,0.32098281162589176,0.009999990620393556
159,RMSProp,mini-batch,random,0.01,0.3153894743276758,0.03463413690028368
159,RMSProp,mini-batch,zero,0.01,0.31534642908252114,0.03462203190238519
159,RMSProp,mini-batch,sparse,0.01,0.3155301435262713,0.03458996775320066
159,RMSProp,SGD,random,0.01,0.3397782748976643,0.2991104529276342
159,RMSProp,SGD,zero,0.01,0.20843270816783202,0.1748908918775044
159,RMSProp,SGD,sparse,0.01,0.4662531576788714,0.2766089776521242
159,Adam,full,random,0.01,0.3349036444098403,0.022880616540012996
159,Adam,full,zero,0.01,0.32896093695860923,2.3184337555587388e-05
159,Adam,full,sparse,0.01,0.3289672323625581,3.010548655499027e-14
159,Adam,mini-batch,random,0.01,0.31953278529006207,0.03262311422171397
159,Adam,mini-batch,zero,0.01,0.3006318475635518,0.037930960801901316
159,Adam,mini-batch,sparse,0.01,0.2970701688964492,0.04396722186394379
159,Adam,SGD,random,0.01,0.47152354370009414,0.34833219050806863
159,Adam,SGD,zero,0.01,0.29935502471246217,0.05736029022137836
159,Adam,SGD,sparse,0.01,0.6342523475864486,0.3947917692318144
159,GD,full,random,0.1,0.3289672441436978,8.969678547054028e-08
159,GD,full,zero,0.1,0.32896722749133517,5.4950936569119663e-08
159,GD,full,sparse,0.1,0.32896728006320297,1.414068897381302e-07
159,GD,mini-batch,random,0.1,0.31824164415514306,0.05857904328064234
159,GD,mini-batch,zero,0.1,0.3182416404503147,0.05857909406034002
159,GD,mini-batch,sparse,0.1,0.31824167742261866,0.05857900560562477
159,GD,SGD,random,0.1,0.5695092254808437,0.4053972387682551
159,GD,SGD,zero,0.1,0.681863167632637,0.3967300303242175
159,GD,SGD,sparse,0.1,0.6431738428874502,0.4190363887288058
159,AdaGrad,full,random,0.1,0.34434912553764846,0.05158750038114792
159,AdaGrad,full,zero,0.1,0.328935513748572,0.00014035453208222128
159,AdaGrad,full,sparse,0.1,0.32896740607713487,4.144592359649817e-07
159,AdaGrad,mini-batch,random,0.1,0.3401262464292216,0.08258915016593392
159,AdaGrad,mini-batch,zero,0.1,0.314982171521276,0.02222041796159196
159,AdaGrad,mini-batch,sparse,0.1,0.31957789466345426,0.015669637279088384
159,AdaGrad,SGD,random,0.1,0.6248577075980718,0.5142200338837571
159,AdaGrad,SGD,zero,0.1,0.3291680605123288,0.11436700954463888
159,AdaGrad,SGD,sparse,0.1,0.9746068852526577,0.7624146853015711
159,RMSProp,full,random,0.1,0.2555868717959507,0.09999999062039354
159,RMSProp,full,zero,0.1,0.4136595546464078,0.09999999062039457
159,RMSProp,full,sparse,0.1,0.2555868717959507,0.09999999062039358
159,RMSProp,mini-batch,random,0.1,0.4033912171246676,0.10138372278874892
159,RMSProp,mini-batch,zero,0.1,0.4033912171246676,0.10138372278874892
159,RMSProp,mini-batch,sparse,0.1,0.4033912171246676,0.10138372278874892
159,RMSProp,SGD,random,0.1,0.5079205183602249,0.3719640631156147
159,RMSProp,SGD,zero,0.1,0.5783476858902193,0.27865060714389506
159,RMSProp,SGD,sparse,0.1,0.5628070144364045,0.3217276096240939
159,Adam,full,random,0.1,0.32896723236254566,1.1887198156827853e-15
159,Adam,full,zero,0.1,0.3289672323625457,1.178305095002461e-15
159,Adam,full,sparse,0.1,0.3289672323625457,1.1673851243905792e-15
159,Adam,mini-batch,random,0.1,0.3831867512542728,0.14737898260801263
159,Adam,mini-batch,zero,0.1,0.38192472597211224,0.14556065944712507
159,Adam,mini-batch,sparse,0.1,0.38119328636837146,0.1438474670709242
159,Adam,SGD,random,0.1,0.576999378878681,0.30141244772957615
159,Adam,SGD,zero,0.1,0.36564208970974554,0.3193987297833103
159,Adam,SGD,sparse,0.1,0.9743766791847406,0.6836805244621251
160,GD,full,random,0.01,0.268425467148696,0.2601522163148414
160,GD,full,zero,0.01,0.2433710863041757,0.07932045816755794
160,GD,full,sparse,0.01,0.294875888312732,0.3302012917408297
160,GD,mini-batch,random,0.01,0.2711658850039042,0.2716047864322831
160,GD,mini-batch,zero,0.01,0.23126003993303104,0.07274874840869527
160,GD,mini-batch,sparse,0.01,0.2965254796263486,0.3387616516857275
160,GD,SGD,random,0.01,0.26460935199568075,0.2750254780157885
160,GD,SGD,zero,0.01,0.20371826165024087,0.05437356050431469
160,GD,SGD,sparse,0.01,0.27861256413453017,0.33980160619212313
160,AdaGrad,full,random,0.01,1.51854540569485,1.6642542268028044
160,AdaGrad,full,zero,0.01,0.4317953575403628,0.3013499983780071
160,AdaGrad,full,sparse,0.01,1.2682389802356606,1.3548286313074953
160,AdaGrad,mini-batch,random,0.01,1.5255145213909604,1.6719949427122587
160,AdaGrad,mini-batch,zero,0.01,0.4381381407869182,0.3084871089987893
160,AdaGrad,mini-batch,sparse,0.01,1.29992947996877,1.3868518875992997
160,AdaGrad,SGD,random,0.01,1.661888926508242,1.8171631995367703
160,AdaGrad,SGD,zero,0.01,0.5333694153826637,0.3809453852391078
160,AdaGrad,SGD,sparse,0.01,1.4280847865335053,1.5278283910925192
160,RMSProp,full,random,0.01,0.18942098333020774,0.009999990799732166
160,RMSProp,full,zero,0.01,0.18942098333020774,0.009999990799732166
160,RMSProp,full,sparse,0.01,0.20592177433957473,0.009999990799732308
160,RMSProp,mini-batch,random,0.01,0.18797704637825952,0.040807438533824694
160,RMSProp,mini-batch,zero,0.01,0.18798020473595273,0.04080368628684408
160,RMSProp,mini-batch,sparse,0.01,0.1879778416558906,0.04081345580729596
160,RMSProp,SGD,random,0.01,0.07518200048775737,0.1602472800024637
160,RMSProp,SGD,zero,0.01,0.11573832114441535,0.1352093600538629
160,RMSProp,SGD,sparse,0.01,0.10707990462198741,0.20896925431465413
160,Adam,full,random,0.01,0.18883480680878614,0.08416888733876629
160,Adam,full,zero,0.01,0.1975905949712516,3.825801500715465e-12
160,Adam,full,sparse,0.01,0.19759013718523408,9.324152981767266e-07
160,Adam,mini-batch,random,0.01,0.17741744056421446,0.10322180862140676
160,Adam,mini-batch,zero,0.01,0.19240229398683886,0.04016893934242206
160,Adam,mini-batch,sparse,0.01,0.190549388270658,0.04180216899206474
160,Adam,SGD,random,0.01,0.31726791069797694,0.3617046744991968
160,Adam,SGD,zero,0.01,0.16900533506193818,0.05248898409702211
160,Adam,SGD,sparse,0.01,0.2143868672139598,0.2780198012641157
160,GD,full,random,0.1,0.19759056500651853,1.1017504807064653e-07
160,GD,full,zero,0.1,0.19759061473497644,6.605086765461232e-08
160,GD,full,sparse,0.1,0.19759051256496166,2.3060600331565504e-07
160,GD,mini-batch,random,0.1,0.19133068591777194,0.01706543136574821
160,GD,mini-batch,zero,0.1,0.1913307325532156,0.017065394171190733
160,GD,mini-batch,sparse,0.1,0.19133064987735215,0.017065649157790068
160,GD,SGD,random,0.1,0.4135390046480869,0.2918020312217758
160,GD,SGD,zero,0.1,0.3118835442150152,0.27677429660403763
160,GD,SGD,sparse,0.1,0.30225601561376153,0.26019885754294536
160,AdaGrad,full,random,0.1,0.21350153611088113,0.1649998025505688
160,AdaGrad,full,zero,0.1,0.197590606895149,2.7468565650093353e-08
160,AdaGrad,full,sparse,0.1,0.1974957891548125,0.00019100121375871206
160,AdaGrad,mini-batch,random,0.1,0.2254022026414189,0.20301463499135086
160,AdaGrad,mini-batch,zero,0.1,0.18527009558944738,0.026782318767874836
160,AdaGrad,mini-batch,sparse,0.1,0.18177945684548272,0.033889743690934525
160,AdaGrad,SGD,random,0.1,0.5810659281099714,0.6203702106526434
160,AdaGrad,SGD,zero,0.1,0.23794645302657735,0.07714526239985817
160,AdaGrad,SGD,sparse,0.1,0.4480877183701416,0.5226206440679219
160,RMSProp,full,random,0.1,0.28576110590777815,0.0999999907997325
160,RMSProp,full,zero,0.1,0.28576110590777803,0.09999999079973239
160,RMSProp,full,sparse,0.1,0.12815878085878016,0.09999999079973212
160,RMSProp,mini-batch,random,0.1,0.12855626553656865,0.16197006662424482
160,RMSProp,mini-batch,zero,0.1,0.12855626553656865,0.16197006662424482
160,RMSProp,mini-batch,sparse,0.1,0.12855626553656865,0.16197006662424482
160,RMSProp,SGD,random,0.1,0.5268408442105305,0.4807170123752924
160,RMSProp,SGD,zero,0.1,0.3522936166458678,0.35012829140115587
160,RMSProp,SGD,sparse,0.1,0.456946995879279,0.5000553793967698
160,Adam,full,random,0.1,0.1975905949696901,3.770699910419652e-16
160,Adam,full,zero,0.1,0.19759059496968995,2.0014830212433605e-16
160,Adam,full,sparse,0.1,0.19759059496968995,1.9675159943996247e-16
160,Adam,mini-batch,random,0.1,0.3136798332436994,0.12856951843325512
160,Adam,mini-batch,zero,0.1,0.2757093355727702,0.11390685532946508
160,Adam,mini-batch,sparse,0.1,0.274622871323095,0.11412558830723267
160,Adam,SGD,random,0.1,0.26009610407581824,0.18218263092264056
160,Adam,SGD,zero,0.1,0.2403748168914175,0.24533580383138
160,Adam,SGD,sparse,0.1,0.3176624364050809,0.21122545441935503
161,GD,full,random,0.01,0.41934976271555635,0.30790949990763056
161,GD,full,zero,0.01,0.25533994913222074,0.03581643350552296
161,GD,full,sparse,0.01,0.5076242354204791,0.4153620738462596
161,GD,mini-batch,random,0.01,0.389371522424287,0.286634445134094
161,GD,mini-batch,zero,0.01,0.23303359746529398,0.03241832201589794
161,GD,mini-batch,sparse,0.01,0.48608661098999223,0.40274973533268843
161,GD,SGD,random,0.01,0.5148478877579771,0.41329445308280444
161,GD,SGD,zero,0.01,0.3570715183457782,0.13802360755809068
161,GD,SGD,sparse,0.01,0.5621910424343178,0.4649566030154157
161,AdaGrad,full,random,0.01,1.724615962007883,1.796024278276912
161,AdaGrad,full,zero,0.01,0.3262153142064977,0.15651252383025555
161,AdaGrad,full,sparse,0.01,1.766772970163598,1.7305774505633644
161,AdaGrad,mini-batch,random,0.01,1.7269722373247305,1.799683743369937
161,AdaGrad,mini-batch,zero,0.01,0.3302862008324361,0.16217080519807409
161,AdaGrad,mini-batch,sparse,0.01,1.8098389351972375,1.7726426170158565
161,AdaGrad,SGD,random,0.01,1.8292262208271794,1.9183473860811435
161,AdaGrad,SGD,zero,0.01,0.47495228022367314,0.2570103052228985
161,AdaGrad,SGD,sparse,0.01,1.9864543404104311,1.9621108171504438
161,RMSProp,full,random,0.01,0.25629293796059405,0.009999990818448337
161,RMSProp,full,zero,0.01,0.23877255555475113,0.009999990818447116
161,RMSProp,full,sparse,0.01,0.23877255555475113,0.009999990818447116
161,RMSProp,mini-batch,random,0.01,0.19787670204414037,0.054341126043036425
161,RMSProp,mini-batch,zero,0.01,0.19786032441431645,0.0544032778397994
161,RMSProp,mini-batch,sparse,0.01,0.1978728901844232,0.054359685382337423
161,RMSProp,SGD,random,0.01,0.3501176176142616,0.2910604880636268
161,RMSProp,SGD,zero,0.01,0.23086332495395406,0.060906654306025876
161,RMSProp,SGD,sparse,0.01,0.35191860435755534,0.28478754366267667
161,Adam,full,random,0.01,0.27212468381966787,0.09241728012289281
161,Adam,full,zero,0.01,0.2474857611775426,8.691664227779512e-10
161,Adam,full,sparse,0.01,0.24748607239270806,3.717333791350068e-06
161,Adam,mini-batch,random,0.01,0.2483647057713492,0.0913256390777055
161,Adam,mini-batch,zero,0.01,0.19404212966034812,0.060437526982563855
161,Adam,mini-batch,sparse,0.01,0.19360012340095215,0.061012130712318785
161,Adam,SGD,random,0.01,0.6488259294039582,0.544565910480437
161,Adam,SGD,zero,0.01,0.3684005270467693,0.14564565092074386
161,Adam,SGD,sparse,0.01,0.536409676287963,0.42735692872708114
161,GD,full,random,0.1,0.2474857861554893,1.4257863041114e-07
161,GD,full,zero,0.1,0.24748576417003051,1.586243899765794e-08
161,GD,full,sparse,0.1,0.24748579462895512,1.7738674921118714e-07
161,GD,mini-batch,random,0.1,0.19910381303883481,0.05302777255821773
161,GD,mini-batch,zero,0.1,0.19910380262161198,0.05302780565363947
161,GD,mini-batch,sparse,0.1,0.19910381682581105,0.05302774545140381
161,GD,SGD,random,0.1,0.6185506830695178,0.5666081375766518
161,GD,SGD,zero,0.1,0.6859552755291632,0.5716004969189609
161,GD,SGD,sparse,0.1,0.5021746474955048,0.3489063767601705
161,AdaGrad,full,random,0.1,0.32306388991438645,0.18615864922784253
161,AdaGrad,full,zero,0.1,0.2474857894220883,1.0352596908464064e-07
161,AdaGrad,full,sparse,0.1,0.2475674348242726,0.0010045016358191567
161,AdaGrad,mini-batch,random,0.1,0.32725926066400435,0.21202017946317095
161,AdaGrad,mini-batch,zero,0.1,0.21793794748931364,0.04210232730933861
161,AdaGrad,mini-batch,sparse,0.1,0.22076566185096996,0.03651147656738025
161,AdaGrad,SGD,random,0.1,0.8588490864015305,0.7820408550905129
161,AdaGrad,SGD,zero,0.1,0.3202670831834556,0.098553106577643
161,AdaGrad,SGD,sparse,0.1,0.8077691664802862,0.7307295966054383
161,RMSProp,full,random,0.1,0.1669744903764217,0.09999999081844715
161,RMSProp,full,zero,0.1,0.3385526836295871,0.09999999081844849
161,RMSProp,full,sparse,0.1,0.16697449037642173,0.09999999081844707
161,RMSProp,mini-batch,random,0.1,0.31669507279500647,0.11656330331637144
161,RMSProp,mini-batch,zero,0.1,0.31669507279500647,0.11656330331637144
161,RMSProp,mini-batch,sparse,0.1,0.31669507279500647,0.11656330331637144
161,RMSProp,SGD,random,0.1,0.5196119353916456,0.4889890121030052
161,RMSProp,SGD,zero,0.1,0.547149400704914,0.4465243451740268
161,RMSProp,SGD,sparse,0.1,0.3392271743619826,0.2033161906303973
161,Adam,full,random,0.1,0.24748576090543223,7.835728851042836e-16
161,Adam,full,zero,0.1,0.24748576090543223,7.894497640785698e-16
161,Adam,full,sparse,0.1,0.24748576090543223,7.894497640785698e-16
161,Adam,mini-batch,random,0.1,0.17442480311143613,0.18044581698892243
161,Adam,mini-batch,zero,0.1,0.186293406046775,0.1489431605266489
161,Adam,mini-batch,sparse,0.1,0.18622169701646504,0.14788742003544103
161,Adam,SGD,random,0.1,0.609619833136676,0.5804590323443578
161,Adam,SGD,zero,0.1,0.6610733557741851,0.4897950382823155
161,Adam,SGD,sparse,0.1,0.5270038883372294,0.4551144983159586
162,GD,full,random,0.01,0.3800998696608117,0.26363295979993323
162,GD,full,zero,0.01,0.38917809990355884,0.0412867318872952
162,GD,full,sparse,0.01,0.46124442802362964,0.3690830998919575
162,GD,mini-batch,random,0.01,0.3885506756570308,0.295320729252902
162,GD,mini-batch,zero,0.01,0.37995152577901026,0.08602465694746741
162,GD,mini-batch,sparse,0.01,0.4915077054899241,0.42289300567915133
162,GD,SGD,random,0.01,0.44008826368792175,0.16622394410514452
162,GD,SGD,zero,0.01,0.562395325177533,0.1786821480960864
162,GD,SGD,sparse,0.01,0.47246012871318643,0.34457883218458135
162,AdaGrad,full,random,0.01,1.2560004428184275,1.483478070168231
162,AdaGrad,full,zero,0.01,0.6399838194978456,0.33836199455607907
162,AdaGrad,full,sparse,0.01,1.142524783621875,1.1965282593539368
162,AdaGrad,mini-batch,random,0.01,1.2584217213647717,1.4894404463473703
162,AdaGrad,mini-batch,zero,0.01,0.6638715083676041,0.3594278213514706
162,AdaGrad,mini-batch,sparse,0.01,1.3943496400276212,1.45807732313961
162,AdaGrad,SGD,random,0.01,1.3629980464657208,1.6414973717866208
162,AdaGrad,SGD,zero,0.01,0.9262578247574224,0.5923903115486199
162,AdaGrad,SGD,sparse,0.01,1.7815957160280937,1.8491477753744363
162,RMSProp,full,random,0.01,0.4091926833048344,0.009999991011514553
162,RMSProp,full,zero,0.01,0.40919268330483444,0.009999991011514608
162,RMSProp,full,sparse,0.01,0.40919268330483444,0.009999991011514608
162,RMSProp,mini-batch,random,0.01,0.38690630628069644,0.09957905146481699
162,RMSProp,mini-batch,zero,0.01,0.3874566320792437,0.09793778206490705
162,RMSProp,mini-batch,sparse,0.01,0.3873559214038916,0.10038785930227338
162,RMSProp,SGD,random,0.01,0.3512501016478497,0.3911427622532514
162,RMSProp,SGD,zero,0.01,0.3636091001396821,0.14388245500273733
162,RMSProp,SGD,sparse,0.01,0.5313847596721105,0.5788430726623124
162,Adam,full,random,0.01,0.3966146741281982,0.01378947981058426
162,Adam,full,zero,0.01,0.4003565424282402,0.0002432327628892194
162,Adam,full,sparse,0.01,0.4004463337345572,3.0885291608248425e-13
162,Adam,mini-batch,random,0.01,0.4171826071446539,0.12823879387865258
162,Adam,mini-batch,zero,0.01,0.42199488874871127,0.10666859619025464
162,Adam,mini-batch,sparse,0.01,0.42257080651377704,0.11386707029551293
162,Adam,SGD,random,0.01,0.5324453735499222,0.4774530219957816
162,Adam,SGD,zero,0.01,0.46953755966125515,0.1255038292110843
162,Adam,SGD,sparse,0.01,0.6588747723644929,0.5915879261825658
162,GD,full,random,0.1,0.4004463092972457,5.9477896137123376e-08
162,GD,full,zero,0.1,0.4004463278120198,1.7476816171770317e-08
162,GD,full,sparse,0.1,0.40044631265129343,9.158816019675453e-08
162,GD,mini-batch,random,0.1,0.3677694080694283,0.12564153058143915
162,GD,mini-batch,zero,0.1,0.3677694163894323,0.12564150048632705
162,GD,mini-batch,sparse,0.1,0.36776941823539705,0.1256415625237328
162,GD,SGD,random,0.1,0.92410363950784,0.8252676728680214
162,GD,SGD,zero,0.1,1.5420278457960608,1.1811691161941908
162,GD,SGD,sparse,0.1,0.8443849500434779,0.8133965191933448
162,AdaGrad,full,random,0.1,0.3902792180528179,0.03792982966109024
162,AdaGrad,full,zero,0.1,0.40016556621302835,0.00077678170186944
162,AdaGrad,full,sparse,0.1,0.40044606487504636,9.248175375335776e-07
162,AdaGrad,mini-batch,random,0.1,0.375616492469446,0.16565857038463624
162,AdaGrad,mini-batch,zero,0.1,0.38773255549026875,0.07663191745700718
162,AdaGrad,mini-batch,sparse,0.1,0.38767432634297566,0.11435954587661573
162,AdaGrad,SGD,random,0.1,0.7395129254872758,0.7879346556908049
162,AdaGrad,SGD,zero,0.1,0.4289619120264887,0.07023078837755463
162,AdaGrad,SGD,sparse,0.1,0.9318779351184088,0.9512321518309863
162,RMSProp,full,random,0.1,0.4900726287583466,0.09999999101151466
162,RMSProp,full,zero,0.1,0.49007262875834673,0.09999999101151469
162,RMSProp,full,sparse,0.1,0.4900726287583466,0.09999999101151466
162,RMSProp,mini-batch,random,0.1,0.4778434820091259,0.22120193638913427
162,RMSProp,mini-batch,zero,0.1,0.4778434820091259,0.22120193638913427
162,RMSProp,mini-batch,sparse,0.1,0.4778434820091259,0.22120193638913427
162,RMSProp,SGD,random,0.1,0.5265313612844817,0.39247864031360485
162,RMSProp,SGD,zero,0.1,0.8345061629517418,0.45855530501869707
162,RMSProp,SGD,sparse,0.1,0.5423331943978603,0.5749268176099719
162,Adam,full,random,0.1,0.40044633373446775,9.61481343191782e-16
162,Adam,full,zero,0.1,0.4004463337344678,9.222205069512407e-16
162,Adam,full,sparse,0.1,0.4004463337344677,8.899114524108741e-16
162,Adam,mini-batch,random,0.1,0.29436028483581617,0.32022014785643305
162,Adam,mini-batch,zero,0.1,0.2946594350812075,0.32072591860522376
162,Adam,mini-batch,sparse,0.1,0.30001653241332343,0.32270020571010455
162,Adam,SGD,random,0.1,0.8605228297481029,0.5590254314800509
162,Adam,SGD,zero,0.1,0.710148634384477,0.39352520857383555
162,Adam,SGD,sparse,0.1,0.7490976807830109,0.573471672675796
163,GD,full,random,0.01,0.3723904027230582,0.28336027329556723
163,GD,full,zero,0.01,0.22698697113852617,0.04327251136558388
163,GD,full,sparse,0.01,0.49116746903453473,0.4018983382682774
163,GD,mini-batch,random,0.01,0.3648554119527068,0.2804173694446583
163,GD,mini-batch,zero,0.01,0.21921880673219124,0.056994920711956505
163,GD,mini-batch,sparse,0.01,0.4875703104130863,0.4029383289496936
163,GD,SGD,random,0.01,0.4151851582663701,0.32449784170635027
163,GD,SGD,zero,0.01,0.2439898210935573,0.06662407672790664
163,GD,SGD,sparse,0.01,0.5493729766112445,0.4643696195437688
163,AdaGrad,full,random,0.01,1.5122977230477017,1.5791350189683226
163,AdaGrad,full,zero,0.01,0.3742251238589282,0.2134311743287069
163,AdaGrad,full,sparse,0.01,1.5589740413707416,1.514453309427025
163,AdaGrad,mini-batch,random,0.01,1.515064026391404,1.582621197208084
163,AdaGrad,mini-batch,zero,0.01,0.38332341036145356,0.2205256323475712
163,AdaGrad,mini-batch,sparse,0.01,1.663840087232153,1.6166405207553176
163,AdaGrad,SGD,random,0.01,1.605482606477763,1.6911762348870654
163,AdaGrad,SGD,zero,0.01,0.5629707398902086,0.36749422916776836
163,AdaGrad,SGD,sparse,0.01,1.9473172353104908,1.9095172443594999
163,RMSProp,full,random,0.01,0.22523097555932758,0.009999990562902683
163,RMSProp,full,zero,0.01,0.22523097555932758,0.009999990562902683
163,RMSProp,full,sparse,0.01,0.22523097555932747,0.009999990562902572
163,RMSProp,mini-batch,random,0.01,0.16895283423112561,0.050742277283646164
163,RMSProp,mini-batch,zero,0.01,0.16891872227264068,0.05079635657169531
163,RMSProp,mini-batch,sparse,0.01,0.1689685840014107,0.05076898434391397
163,RMSProp,SGD,random,0.01,0.31103485156927035,0.2609899628130027
163,RMSProp,SGD,zero,0.01,0.1345091249866036,0.09477420335439295
163,RMSProp,SGD,sparse,0.01,0.3872621151447524,0.3271841913665362
163,Adam,full,random,0.01,0.22901781075731714,0.04934273574089251
163,Adam,full,zero,0.01,0.21587079113546262,2.6722579294438054e-06
163,Adam,full,sparse,0.01,0.21587049554049123,2.5197627401304032e-08
163,Adam,mini-batch,random,0.01,0.19825252752917383,0.06351131006236814
163,Adam,mini-batch,zero,0.01,0.15332022121973657,0.06693229268818211
163,Adam,mini-batch,sparse,0.01,0.15053966125243284,0.06965548126131482
163,Adam,SGD,random,0.01,0.48188386115114973,0.40303968334396933
163,Adam,SGD,zero,0.01,0.23502003953714112,0.0588345073713312
163,Adam,SGD,sparse,0.01,0.5170543295748123,0.4249585900950541
163,GD,full,random,0.1,0.21587051047350342,1.9062079063320896e-07
163,GD,full,zero,0.1,0.21587049637434289,2.983978025414956e-08
163,GD,full,sparse,0.1,0.2158705407237299,1.7687169656144894e-07
163,GD,mini-batch,random,0.1,0.1654951879807602,0.05228351418893852
163,GD,mini-batch,zero,0.1,0.16549517099715674,0.05228357909994901
163,GD,mini-batch,sparse,0.1,0.16549522290529156,0.05228352194446047
163,GD,SGD,random,0.1,0.7817035663372486,0.7366636115887648
163,GD,SGD,zero,0.1,0.8715136595130365,0.7995415783351391
163,GD,SGD,sparse,0.1,0.8542404342067708,0.8192702456651514
163,AdaGrad,full,random,0.1,0.2560786841854619,0.10922895789532461
163,AdaGrad,full,zero,0.1,0.21587323914562453,2.2429265429100836e-05
163,AdaGrad,full,sparse,0.1,0.21588835514288093,0.0001266299426566792
163,AdaGrad,mini-batch,random,0.1,0.26755063902371234,0.14799386056103953
163,AdaGrad,mini-batch,zero,0.1,0.1926555056517527,0.03149530447708123
163,AdaGrad,mini-batch,sparse,0.1,0.1976554006450906,0.034992202112768656
163,AdaGrad,SGD,random,0.1,0.6669977697938169,0.6182807157093037
163,AdaGrad,SGD,zero,0.1,0.25977137790258686,0.14041836090715795
163,AdaGrad,SGD,sparse,0.1,0.8149509618018346,0.7604789042842957
163,RMSProp,full,random,0.1,0.1277137458994034,0.09999999056290099
163,RMSProp,full,zero,0.1,0.3112705156858996,0.09999999056290268
163,RMSProp,full,sparse,0.1,0.1277137458994034,0.09999999056290099
163,RMSProp,mini-batch,random,0.1,0.10136509007743619,0.17676802211767495
163,RMSProp,mini-batch,zero,0.1,0.10136509007743619,0.17676802211767495
163,RMSProp,mini-batch,sparse,0.1,0.10136509007743619,0.17676802211767495
163,RMSProp,SGD,random,0.1,0.7229797322514832,0.6769358187053572
163,RMSProp,SGD,zero,0.1,0.7376617857655949,0.6855569576575821
163,RMSProp,SGD,sparse,0.1,0.7061324263314187,0.6606443719903513
163,Adam,full,random,0.1,0.2158704919643516,9.694605782913356e-16
163,Adam,full,zero,0.1,0.2158704919643516,9.255558542105616e-16
163,Adam,full,sparse,0.1,0.2158704919643516,9.867878089448544e-16
163,Adam,mini-batch,random,0.1,0.1526032248479591,0.13134583241827302
163,Adam,mini-batch,zero,0.1,0.16164762046542175,0.13050663427306455
163,Adam,mini-batch,sparse,0.1,0.16271739201342791,0.130719930171475
163,Adam,SGD,random,0.1,0.9077251486791068,0.8663254926641121
163,Adam,SGD,zero,0.1,0.8619855498105431,0.8309847129842645
163,Adam,SGD,sparse,0.1,0.8382497209658025,0.8282305810917168
164,GD,full,random,0.01,0.3382384043963471,0.2586744805435565
164,GD,full,zero,0.01,0.2618428467535795,0.05159959052545513
164,GD,full,sparse,0.01,0.37249461953757224,0.3499075105649803
164,GD,mini-batch,random,0.01,0.34035040660678834,0.2406358707729874
164,GD,mini-batch,zero,0.01,0.28084929218076726,0.05581464544541164
164,GD,mini-batch,sparse,0.01,0.3720320306330395,0.33546400861958975
164,GD,SGD,random,0.01,0.37636874458326175,0.15963696241052783
164,GD,SGD,zero,0.01,0.46604551617326123,0.2392198642261544
164,GD,SGD,sparse,0.01,0.34165779293567433,0.24921687828851757
164,AdaGrad,full,random,0.01,1.5788171117794376,1.6961580946669907
164,AdaGrad,full,zero,0.01,0.4682669506486169,0.29374860059171065
164,AdaGrad,full,sparse,0.01,1.278667719024231,1.3367745540595029
164,AdaGrad,mini-batch,random,0.01,1.5825448658479875,1.7013647662302032
164,AdaGrad,mini-batch,zero,0.01,0.4913918699539059,0.30902494099590666
164,AdaGrad,mini-batch,sparse,0.01,1.4411678896822202,1.494796759655649
164,AdaGrad,SGD,random,0.01,1.6513078042851204,1.7960613038938096
164,AdaGrad,SGD,zero,0.01,0.6935981720893294,0.47429894790986216
164,AdaGrad,SGD,sparse,0.01,1.7466098805703867,1.8001646125024526
164,RMSProp,full,random,0.01,0.2656551820832888,0.009999990698999543
164,RMSProp,full,zero,0.01,0.2466449923442555,0.009999990698999985
164,RMSProp,full,sparse,0.01,0.2656551820832887,0.00999999069899946
164,RMSProp,mini-batch,random,0.01,0.27210112035279516,0.02812603670460581
164,RMSProp,mini-batch,zero,0.01,0.27218100758911074,0.02826576844593912
164,RMSProp,mini-batch,sparse,0.01,0.272047355497358,0.028296252377697853
164,RMSProp,SGD,random,0.01,0.27991387267014345,0.20880837195801952
164,RMSProp,SGD,zero,0.01,0.3045537487442542,0.1399369425123096
164,RMSProp,SGD,sparse,0.01,0.3353155069781608,0.3668538477977256
164,Adam,full,random,0.01,0.2521376758323576,0.023454560742577107
164,Adam,full,zero,0.01,0.2561332155069039,1.23753568615564e-05
164,Adam,full,sparse,0.01,0.2561312440113398,2.1777350725061962e-10
164,Adam,mini-batch,random,0.01,0.2687115027305637,0.025582880247785277
164,Adam,mini-batch,zero,0.01,0.2808886878561096,0.03219903895333595
164,Adam,mini-batch,sparse,0.01,0.28351546285066115,0.033614952406937224
164,Adam,SGD,random,0.01,0.48518746213842245,0.3312563423397795
164,Adam,SGD,zero,0.01,0.47196912199700886,0.2415512728433299
164,Adam,SGD,sparse,0.01,0.42158309629324786,0.3214549659172118
164,GD,full,random,0.1,0.2561312437836651,3.454122974591098e-08
164,GD,full,zero,0.1,0.2561312471699166,1.6259712838166103e-08
164,GD,full,sparse,0.1,0.2561312184910592,1.1156718751149739e-07
164,GD,mini-batch,random,0.1,0.2598029844318197,0.04212159517097346
164,GD,mini-batch,zero,0.1,0.25980298946759517,0.042121617151194994
164,GD,mini-batch,sparse,0.1,0.2598029647205869,0.04212163582599773
164,GD,SGD,random,0.1,0.8474430633622135,0.8700154987076818
164,GD,SGD,zero,0.1,0.986925432244452,0.9132319960013765
164,GD,SGD,sparse,0.1,0.7447402998408295,0.7015852041362111
164,AdaGrad,full,random,0.1,0.25033888630729917,0.062247047963450444
164,AdaGrad,full,zero,0.1,0.25613889600561124,6.842712678580142e-05
164,AdaGrad,full,sparse,0.1,0.2561273027957144,1.2559739080170767e-05
164,AdaGrad,mini-batch,random,0.1,0.27285664655826253,0.1038563486168672
164,AdaGrad,mini-batch,zero,0.1,0.2799643844553731,0.032753108049960115
164,AdaGrad,mini-batch,sparse,0.1,0.2696270719486561,0.02701369094489968
164,AdaGrad,SGD,random,0.1,0.6886135805467268,0.6458295121442966
164,AdaGrad,SGD,zero,0.1,0.33959637704236384,0.10941270239778787
164,AdaGrad,SGD,sparse,0.1,0.7077887516005646,0.7186388519127261
164,RMSProp,full,random,0.1,0.16403827034151824,0.09999999069900001
164,RMSProp,full,zero,0.1,0.16403827034151824,0.09999999069900001
164,RMSProp,full,sparse,0.1,0.16403827034151824,0.09999999069900001
164,RMSProp,mini-batch,random,0.1,0.0932178047995895,0.22864891347629673
164,RMSProp,mini-batch,zero,0.1,0.0932178047995895,0.22864891347629673
164,RMSProp,mini-batch,sparse,0.1,0.0932178047995895,0.22864891347629673
164,RMSProp,SGD,random,0.1,0.6328055575497997,0.657745809153533
164,RMSProp,SGD,zero,0.1,0.7277475042908409,0.6373217779384373
164,RMSProp,SGD,sparse,0.1,0.5562908159275095,0.5180776101068727
164,Adam,full,random,0.1,0.25613124408029864,8.1773032027145e-16
164,Adam,full,zero,0.1,0.25613124408029864,9.28879225241625e-16
164,Adam,full,sparse,0.1,0.2561312440802987,8.8470216988485605e-16
164,Adam,mini-batch,random,0.1,0.3364867366661925,0.1280589360358895
164,Adam,mini-batch,zero,0.1,0.35142772415208,0.13930690504052143
164,Adam,mini-batch,sparse,0.1,0.3622140022574653,0.14824953348623449
164,Adam,SGD,random,0.1,1.0586050602166184,1.0751078988268776
164,Adam,SGD,zero,0.1,1.1263171298024788,1.0216958685233914
164,Adam,SGD,sparse,0.1,0.9608128491318128,1.0022668985848295
165,GD,full,random,0.01,0.42748888551662584,0.33447095767831964
165,GD,full,zero,0.01,0.219479439443726,0.10119010751541105
165,GD,full,sparse,0.01,0.4914756255044826,0.4695543684376153
165,GD,mini-batch,random,0.01,0.43911759215346535,0.34000261240233853
165,GD,mini-batch,zero,0.01,0.24223452548638233,0.11335609568663339
165,GD,mini-batch,sparse,0.01,0.4932084751779071,0.4634890166598547
165,GD,SGD,random,0.01,0.47642098362682345,0.36870700243800625
165,GD,SGD,zero,0.01,0.273696416072284,0.14498056518762883
165,GD,SGD,sparse,0.01,0.5172163144406664,0.47913125200726436
165,AdaGrad,full,random,0.01,1.967514160952975,1.974789260245154
165,AdaGrad,full,zero,0.01,0.5697443683717559,0.5234211584293036
165,AdaGrad,full,sparse,0.01,1.794459887614861,1.8083409399557593
165,AdaGrad,mini-batch,random,0.01,1.9764426013197476,1.9844344989933838
165,AdaGrad,mini-batch,zero,0.01,0.572752421023317,0.522825389851064
165,AdaGrad,mini-batch,sparse,0.01,1.8774828422528564,1.8892696657721975
165,AdaGrad,SGD,random,0.01,2.053470098633494,2.077175486293578
165,AdaGrad,SGD,zero,0.01,0.6996583609077184,0.6111120542757968
165,AdaGrad,SGD,sparse,0.01,2.1912580911642685,2.2065961303442765
165,RMSProp,full,random,0.01,0.2179415551179268,0.009999990555948579
165,RMSProp,full,zero,0.01,0.20253403507697992,0.009999990555949106
165,RMSProp,full,sparse,0.01,0.2025340350769799,0.009999990555949113
165,RMSProp,mini-batch,random,0.01,0.24335745456918548,0.056543590055540674
165,RMSProp,mini-batch,zero,0.01,0.24335416972216584,0.05654641879288152
165,RMSProp,mini-batch,sparse,0.01,0.2433485269446954,0.05652428346909014
165,RMSProp,SGD,random,0.01,0.31115799006441225,0.1994706986314416
165,RMSProp,SGD,zero,0.01,0.17227657041313474,0.10107994421339216
165,RMSProp,SGD,sparse,0.01,0.28411040993080644,0.24269768102454845
165,Adam,full,random,0.01,0.21644289427211175,0.05498000005945361
165,Adam,full,zero,0.01,0.21014121327063073,4.4884007697473836e-06
165,Adam,full,sparse,0.01,0.21014089823859272,1.5651720645477918e-06
165,Adam,mini-batch,random,0.01,0.2571259002953548,0.08639355353204081
165,Adam,mini-batch,zero,0.01,0.24651197098490937,0.055098846420204524
165,Adam,mini-batch,sparse,0.01,0.24447724394066825,0.0520783542392442
165,Adam,SGD,random,0.01,0.5565131482996565,0.4762910601797439
165,Adam,SGD,zero,0.01,0.28789557385917613,0.14732895274750196
165,Adam,SGD,sparse,0.01,0.49385355300687717,0.4431474515293744
165,GD,full,random,0.1,0.21014108571392176,8.278125631648063e-08
165,GD,full,zero,0.1,0.2101410822267506,3.456360901398613e-08
165,GD,full,sparse,0.1,0.21014103134223389,2.332817546476142e-07
165,GD,mini-batch,random,0.1,0.26091329876426733,0.07204251078035796
165,GD,mini-batch,zero,0.1,0.26091330206973723,0.0720425297298568
165,GD,mini-batch,sparse,0.1,0.2609132318613228,0.07204241106509054
165,GD,SGD,random,0.1,0.6698617855952358,0.5250678182809972
165,GD,SGD,zero,0.1,0.32298156007957657,0.26576570878199296
165,GD,SGD,sparse,0.1,0.37070721314843924,0.346142161373251
165,AdaGrad,full,random,0.1,0.24882247078946104,0.1319332293452534
165,AdaGrad,full,zero,0.1,0.2101425978036325,4.9506398719946894e-05
165,AdaGrad,full,sparse,0.1,0.21002975446184857,0.0009119680888401252
165,AdaGrad,mini-batch,random,0.1,0.2992711369878182,0.18049992289418168
165,AdaGrad,mini-batch,zero,0.1,0.23793947494767162,0.04426180296649509
165,AdaGrad,mini-batch,sparse,0.1,0.23575020677889316,0.04399802688491168
165,AdaGrad,SGD,random,0.1,0.7797737363362474,0.7002452226892515
165,AdaGrad,SGD,zero,0.1,0.27851116815512444,0.13541896321741506
165,AdaGrad,SGD,sparse,0.1,0.7296400626550047,0.7083957720118759
165,RMSProp,full,random,0.1,0.2941967617000866,0.09999999055594858
165,RMSProp,full,zero,0.1,0.14753582214875083,0.09999999055594909
165,RMSProp,full,sparse,0.1,0.14753582214875086,0.09999999055594906
165,RMSProp,mini-batch,random,0.1,0.240143376075834,0.14844641463419828
165,RMSProp,mini-batch,zero,0.1,0.240143376075834,0.14844641463419828
165,RMSProp,mini-batch,sparse,0.1,0.240143376075834,0.14844641463419828
165,RMSProp,SGD,random,0.1,0.7360294140534324,0.5610354164333043
165,RMSProp,SGD,zero,0.1,0.2819394331044169,0.15726729096023684
165,RMSProp,SGD,sparse,0.1,0.31371359351840167,0.3128690523945447
165,Adam,full,random,0.1,0.21014109211378146,7.2377686124476805e-16
165,Adam,full,zero,0.1,0.21014109211378143,6.4796043696850615e-16
165,Adam,full,sparse,0.1,0.21014109211378146,7.496896064510999e-16
165,Adam,mini-batch,random,0.1,0.32860371578943737,0.18351530153522363
165,Adam,mini-batch,zero,0.1,0.3478784191118195,0.1860043532477647
165,Adam,mini-batch,sparse,0.1,0.3491438424780917,0.18683860094126703
165,Adam,SGD,random,0.1,0.36353987766945794,0.3041414185780932
165,Adam,SGD,zero,0.1,0.3897801920664599,0.31167436390395936
165,Adam,SGD,sparse,0.1,0.44060441257654526,0.3107890121240894
166,GD,full,random,0.01,0.2785642354924725,0.20925395868907887
166,GD,full,zero,0.01,0.15721880453763945,0.04062928205185638
166,GD,full,sparse,0.01,0.41566082354508355,0.3659521169991373
166,GD,mini-batch,random,0.01,0.275350932666104,0.2033612016647902
166,GD,mini-batch,zero,0.01,0.16141490064614725,0.04223054050030711
166,GD,mini-batch,sparse,0.01,0.41129756122133976,0.3598735727700408
166,GD,SGD,random,0.01,0.3111493419208547,0.27786770484260614
166,GD,SGD,zero,0.01,0.07403139498699858,0.10600451550307594
166,GD,SGD,sparse,0.01,0.40306182891074965,0.3820621448759352
166,AdaGrad,full,random,0.01,1.5193363602159586,1.5808356594242081
166,AdaGrad,full,zero,0.01,0.25036083902110284,0.18623800707716295
166,AdaGrad,full,sparse,0.01,1.6109211184929904,1.5848520111783706
166,AdaGrad,mini-batch,random,0.01,1.5300699736031638,1.5918610823119084
166,AdaGrad,mini-batch,zero,0.01,0.2581401058071486,0.19273704585906917
166,AdaGrad,mini-batch,sparse,0.01,1.6481225040067928,1.6211782295556334
166,AdaGrad,SGD,random,0.01,1.6219619348803238,1.6953252997176886
166,AdaGrad,SGD,zero,0.01,0.3675476187043725,0.2638236128109237
166,AdaGrad,SGD,sparse,0.01,1.7705768548324081,1.7511776887345016
166,RMSProp,full,random,0.01,0.1392459439976468,0.009999990806814395
166,RMSProp,full,zero,0.01,0.15792101926109306,0.009999990806814492
166,RMSProp,full,sparse,0.01,0.13924594399764695,0.009999990806814235
166,RMSProp,mini-batch,random,0.01,0.15322236176050932,0.020268625075304865
166,RMSProp,mini-batch,zero,0.01,0.15322154447180117,0.02026772025354364
166,RMSProp,mini-batch,sparse,0.01,0.15322248895325313,0.02026918073571797
166,RMSProp,SGD,random,0.01,0.13246282873212362,0.13477728905198166
166,RMSProp,SGD,zero,0.01,0.05779132926215182,0.1671222751502057
166,RMSProp,SGD,sparse,0.01,0.12594076679035943,0.15276755566326988
166,Adam,full,random,0.01,0.17773605380539917,0.07343660846807325
166,Adam,full,zero,0.01,0.14854036759735956,1.16685773818461e-12
166,Adam,full,sparse,0.01,0.14854095430591283,5.090672275533487e-06
166,Adam,mini-batch,random,0.01,0.18799013431986927,0.08204547112071439
166,Adam,mini-batch,zero,0.01,0.13294858337825252,0.03198431318848964
166,Adam,mini-batch,sparse,0.01,0.132935250835767,0.03110579627128435
166,Adam,SGD,random,0.01,0.35990192083019784,0.3423960549475752
166,Adam,SGD,zero,0.01,0.06658324052411022,0.1242386612259743
166,Adam,SGD,sparse,0.01,0.32803279588264617,0.30724754651114394
166,GD,full,random,0.1,0.14854037306348247,5.1577752963037055e-08
166,GD,full,zero,0.1,0.1485403691606953,7.700614375574741e-09
166,GD,full,sparse,0.1,0.14854038075128004,1.6098291211924792e-07
166,GD,mini-batch,random,0.1,0.156609395315125,0.017882049767749993
166,GD,mini-batch,zero,0.1,0.15660939271225693,0.017882059370923954
166,GD,mini-batch,sparse,0.1,0.1566094051243673,0.017882069999865836
166,GD,SGD,random,0.1,0.2472514912817395,0.20604070745299005
166,GD,SGD,zero,0.1,0.06344482505038355,0.18854313882339555
166,GD,SGD,sparse,0.1,0.15277749280022154,0.24090952561530626
166,AdaGrad,full,random,0.1,0.2281465875740591,0.14733725625053876
166,AdaGrad,full,zero,0.1,0.14854036786936153,2.582781817617484e-09
166,AdaGrad,full,sparse,0.1,0.14861718462162413,0.0006681390242778379
166,AdaGrad,mini-batch,random,0.1,0.2513803752130446,0.1734655378328605
166,AdaGrad,mini-batch,zero,0.1,0.15369093018215413,0.014410399844096908
166,AdaGrad,mini-batch,sparse,0.1,0.1553313486385041,0.012446094828758034
166,AdaGrad,SGD,random,0.1,0.5158364872039293,0.48364097219319757
166,AdaGrad,SGD,zero,0.1,0.1431071800243322,0.12196008423954553
166,AdaGrad,SGD,sparse,0.1,0.6143693918531572,0.5859883835834186
166,RMSProp,full,random,0.1,0.24456561278780514,0.09999999080681433
166,RMSProp,full,zero,0.1,0.24456561278780528,0.09999999080681451
166,RMSProp,full,sparse,0.1,0.0656973285334864,0.09999999080681428
166,RMSProp,mini-batch,random,0.1,0.19029237525381243,0.05272997461807614
166,RMSProp,mini-batch,zero,0.1,0.19029237525381243,0.05272997461807614
166,RMSProp,mini-batch,sparse,0.1,0.19029237525381243,0.05272997461807614
166,RMSProp,SGD,random,0.1,0.22956773919480353,0.15183344791021655
166,RMSProp,SGD,zero,0.1,0.10370174534824303,0.17602748153398817
166,RMSProp,SGD,sparse,0.1,0.11461156570930756,0.23550067294450197
166,Adam,full,random,0.1,0.14854036759747427,5.266250202865052e-16
166,Adam,full,zero,0.1,0.14854036759747424,5.985173094038516e-16
166,Adam,full,sparse,0.1,0.1485403675974743,6.355057114912527e-16
166,Adam,mini-batch,random,0.1,0.22566029244662855,0.07981449811265187
166,Adam,mini-batch,zero,0.1,0.24411360161649867,0.09836238540210912
166,Adam,mini-batch,sparse,0.1,0.24428271464558057,0.09857964629787241
166,Adam,SGD,random,0.1,0.2977153589879256,0.19910378104461235
166,Adam,SGD,zero,0.1,0.08990024123261224,0.20661732390694523
166,Adam,SGD,sparse,0.1,0.2624142290750721,0.22920777151782123
167,GD,full,random,0.01,0.28475057356992217,0.2588348454490095
167,GD,full,zero,0.01,0.2733030405861382,0.07720558053951738
167,GD,full,sparse,0.01,0.48828292878762747,0.40145378089902267
167,GD,mini-batch,random,0.01,0.28891936605949314,0.2607317720297504
167,GD,mini-batch,zero,0.01,0.2805793272996786,0.08950874203170095
167,GD,mini-batch,sparse,0.01,0.5027594983996142,0.41415884703041117
167,GD,SGD,random,0.01,0.2382039685295292,0.19132802155124304
167,GD,SGD,zero,0.01,0.28376044609496953,0.06925698452929799
167,GD,SGD,sparse,0.01,0.4539761954054537,0.3572354477648258
167,AdaGrad,full,random,0.01,1.6777866763814564,1.8172921006362834
167,AdaGrad,full,zero,0.01,0.44967277457185295,0.28684007389151006
167,AdaGrad,full,sparse,0.01,1.961464108471496,1.9310030429236982
167,AdaGrad,mini-batch,random,0.01,1.6805911801098579,1.8200993501810534
167,AdaGrad,mini-batch,zero,0.01,0.4660682095042086,0.3044319039754352
167,AdaGrad,mini-batch,sparse,0.01,1.9923592913169572,1.9600493109389645
167,AdaGrad,SGD,random,0.01,1.7951652472787194,1.94127559947667
167,AdaGrad,SGD,zero,0.01,0.5549898511673028,0.3694698947019041
167,AdaGrad,SGD,sparse,0.01,2.0956781597030245,2.07234679002522
167,RMSProp,full,random,0.01,0.21786680765532843,0.009999990846647128
167,RMSProp,full,zero,0.01,0.2315924279518668,0.009999990846646992
167,RMSProp,full,sparse,0.01,0.21786680765532843,0.009999990846647131
167,RMSProp,mini-batch,random,0.01,0.21704361013865742,0.02767533751701822
167,RMSProp,mini-batch,zero,0.01,0.21704237895091383,0.027672563012415427
167,RMSProp,mini-batch,sparse,0.01,0.2170472356604107,0.027676637371311704
167,RMSProp,SGD,random,0.01,0.09913429698379159,0.14656219464169215
167,RMSProp,SGD,zero,0.01,0.18656485438059184,0.12346337045829539
167,RMSProp,SGD,sparse,0.01,0.22228486948170495,0.162043255778783
167,Adam,full,random,0.01,0.22984050981307722,0.1132851328611115
167,Adam,full,zero,0.01,0.2246118862935599,8.258604362287209e-15
167,Adam,full,sparse,0.01,0.22461427991607832,8.251482317029783e-05
167,Adam,mini-batch,random,0.01,0.2342173029128357,0.12413112336031126
167,Adam,mini-batch,zero,0.01,0.21311566361771134,0.027967034606108207
167,Adam,mini-batch,sparse,0.01,0.21292345411831437,0.026891384422265546
167,Adam,SGD,random,0.01,0.3797706631137411,0.3739653061874714
167,Adam,SGD,zero,0.01,0.2797488579185784,0.08052885303020695
167,Adam,SGD,sparse,0.01,0.38087099366731003,0.2846188898718023
167,GD,full,random,0.1,0.224611867480556,4.245958771752417e-08
167,GD,full,zero,0.1,0.22461191535605937,5.713031664200695e-08
167,GD,full,sparse,0.1,0.2246119400414816,1.1450108070272001e-07
167,GD,mini-batch,random,0.1,0.2183773221912962,0.033983943068202134
167,GD,mini-batch,zero,0.1,0.21837738137173457,0.033983986575536
167,GD,mini-batch,sparse,0.1,0.21837744813040455,0.033984061337692655
167,GD,SGD,random,0.1,0.2254404161766671,0.22587547188016652
167,GD,SGD,zero,0.1,0.2688275347459845,0.2877854312219716
167,GD,SGD,sparse,0.1,0.36063701092932654,0.2885679099298268
167,AdaGrad,full,random,0.1,0.2819698264706841,0.2250236530209738
167,AdaGrad,full,zero,0.1,0.224611886746759,9.863813298966167e-10
167,AdaGrad,full,sparse,0.1,0.22475250352168505,0.004208403205471173
167,AdaGrad,mini-batch,random,0.1,0.2927508530600447,0.23806632680746861
167,AdaGrad,mini-batch,zero,0.1,0.2230543673038031,0.019193239308119305
167,AdaGrad,mini-batch,sparse,0.1,0.23163904452357661,0.04112678925426105
167,AdaGrad,SGD,random,0.1,0.5347537739794749,0.5505233254685588
167,AdaGrad,SGD,zero,0.1,0.28960364968958235,0.07282192700713142
167,AdaGrad,SGD,sparse,0.1,0.7579780682490216,0.6839435181042838
167,RMSProp,full,random,0.1,0.302152373634337,0.09999999084664672
167,RMSProp,full,zero,0.1,0.3021523736343369,0.09999999084664667
167,RMSProp,full,sparse,0.1,0.17206085660164905,0.09999999084664733
167,RMSProp,mini-batch,random,0.1,0.27579132904650716,0.11130255912804227
167,RMSProp,mini-batch,zero,0.1,0.27579132904650716,0.11130255912804227
167,RMSProp,mini-batch,sparse,0.1,0.27579132904650716,0.11130255912804227
167,RMSProp,SGD,random,0.1,0.13861174532678236,0.1596125902849291
167,RMSProp,SGD,zero,0.1,0.15740832888936057,0.2150698217743246
167,RMSProp,SGD,sparse,0.1,0.2956448403282579,0.2966741469459026
167,Adam,full,random,0.1,0.22461188629355566,2.88861411130973e-16
167,Adam,full,zero,0.1,0.22461188629355575,3.0531133177191805e-16
167,Adam,full,sparse,0.1,0.22461188629355575,3.047588744697592e-16
167,Adam,mini-batch,random,0.1,0.28530378324967465,0.18328363868275505
167,Adam,mini-batch,zero,0.1,0.3102388938702285,0.1906937839754355
167,Adam,mini-batch,sparse,0.1,0.3090240431473241,0.19189933955779073
167,Adam,SGD,random,0.1,0.39405161329535465,0.36187160008485175
167,Adam,SGD,zero,0.1,0.48815434195966206,0.5093322897894147
167,Adam,SGD,sparse,0.1,0.4250203696301181,0.30750713558992576
168,GD,full,random,0.01,0.259068826867191,0.1855637073528478
168,GD,full,zero,0.01,0.2857561300813782,0.11836028057863242
168,GD,full,sparse,0.01,0.38468551923520833,0.2825227702748234
168,GD,mini-batch,random,0.01,0.2506505572935657,0.18010116847627622
168,GD,mini-batch,zero,0.01,0.277039155053478,0.11427740391776613
168,GD,mini-batch,sparse,0.01,0.393178557728466,0.3004254330457362
168,GD,SGD,random,0.01,0.2553937196275568,0.21505813397245938
168,GD,SGD,zero,0.01,0.26580063091294276,0.1727408766446415
168,GD,SGD,sparse,0.01,0.36362731358275807,0.3113830298454208
168,AdaGrad,full,random,0.01,0.9086195783861595,1.056471950829824
168,AdaGrad,full,zero,0.01,0.7613266638368025,0.6187169748072444
168,AdaGrad,full,sparse,0.01,0.9069648807132252,0.8835343149216123
168,AdaGrad,mini-batch,random,0.01,0.923053961719503,1.0730907896533568
168,AdaGrad,mini-batch,zero,0.01,0.7730625629015698,0.626344877687605
168,AdaGrad,mini-batch,sparse,0.01,1.0940758585255184,1.0442166721492203
168,AdaGrad,SGD,random,0.01,1.0630363232792923,1.2414280174667298
168,AdaGrad,SGD,zero,0.01,0.950365237446833,0.7689933600101898
168,AdaGrad,SGD,sparse,0.01,1.4711850062100273,1.4220179927662304
168,RMSProp,full,random,0.01,0.2194875113411561,0.009999990642083019
168,RMSProp,full,zero,0.01,0.2194875113411561,0.009999990642083019
168,RMSProp,full,sparse,0.01,0.2194875113411561,0.009999990642083019
168,RMSProp,mini-batch,random,0.01,0.20479643955600085,0.0730306752684683
168,RMSProp,mini-batch,zero,0.01,0.20491738792299066,0.07319073128616876
168,RMSProp,mini-batch,sparse,0.01,0.20491953426421688,0.07319667639342661
168,RMSProp,SGD,random,0.01,0.15109284468411416,0.2318575672181565
168,RMSProp,SGD,zero,0.01,0.0657867981533441,0.1795547386358417
168,RMSProp,SGD,sparse,0.01,0.16396755758928908,0.21733879788162688
168,Adam,full,random,0.01,0.2250603817898308,0.017809829292252506
168,Adam,full,zero,0.01,0.22838846736113086,7.07419052638758e-05
168,Adam,full,sparse,0.01,0.22837924668308213,1.1990089424395485e-15
168,Adam,mini-batch,random,0.01,0.20829507605688607,0.04664140052017342
168,Adam,mini-batch,zero,0.01,0.20674356011343178,0.06991589716363912
168,Adam,mini-batch,sparse,0.01,0.20297563636887342,0.07824577823417098
168,Adam,SGD,random,0.01,0.2473884416022699,0.27643709389349974
168,Adam,SGD,zero,0.01,0.23291609966993798,0.21136209348218174
168,Adam,SGD,sparse,0.01,0.34514939090585306,0.2875775952779106
168,GD,full,random,0.1,0.22837919818915808,2.1056424237327372e-07
168,GD,full,zero,0.1,0.22837926404816866,6.951558886402721e-08
168,GD,full,sparse,0.1,0.22837923849261096,7.000915228661575e-08
168,GD,mini-batch,random,0.1,0.19972921937878965,0.07734869450483807
168,GD,mini-batch,zero,0.1,0.1997293142824485,0.07734877050214779
168,GD,mini-batch,sparse,0.1,0.19972929998163186,0.07734878713068064
168,GD,SGD,random,0.1,0.47957198401215295,0.3241966580798267
168,GD,SGD,zero,0.1,0.742902668878416,0.528588100486983
168,GD,SGD,sparse,0.1,0.3281959530938544,0.3567695067601425
168,AdaGrad,full,random,0.1,0.22298865732053227,0.03937825856979236
168,AdaGrad,full,zero,0.1,0.22842347186667378,0.000360923292438512
168,AdaGrad,full,sparse,0.1,0.2283792463981698,1.0730298392363014e-08
168,AdaGrad,mini-batch,random,0.1,0.21521697513292729,0.08259393912962536
168,AdaGrad,mini-batch,zero,0.1,0.22156890526603698,0.037648935837683056
168,AdaGrad,mini-batch,sparse,0.1,0.22006116124553332,0.042050351560478524
168,AdaGrad,SGD,random,0.1,0.39677773031567853,0.4117035468892778
168,AdaGrad,SGD,zero,0.1,0.39517075654462697,0.27772608278186545
168,AdaGrad,SGD,sparse,0.1,0.6155434583292579,0.5473210648496168
168,RMSProp,full,random,0.1,0.32090534067712906,0.09999999064208329
168,RMSProp,full,zero,0.1,0.32090534067712906,0.09999999064208329
168,RMSProp,full,sparse,0.1,0.3209053406771291,0.09999999064208333
168,RMSProp,mini-batch,random,0.1,0.11998950879832748,0.1607396245007208
168,RMSProp,mini-batch,zero,0.1,0.11998950879832748,0.1607396245007208
168,RMSProp,mini-batch,sparse,0.1,0.11998950879832748,0.1607396245007208
168,RMSProp,SGD,random,0.1,0.250808480861054,0.13416243683779785
168,RMSProp,SGD,zero,0.1,0.5756533924219874,0.40136287568776347
168,RMSProp,SGD,sparse,0.1,0.20797250398040693,0.2937591611780954
168,Adam,full,random,0.1,0.22837924668308202,1.0750639965550575e-15
168,Adam,full,zero,0.1,0.2283792466830821,9.907807490328898e-16
168,Adam,full,sparse,0.1,0.2286511089287255,0.0003060636859096033
168,Adam,mini-batch,random,0.1,0.2664849069009275,0.2248775765504998
168,Adam,mini-batch,zero,0.1,0.2801243284139266,0.2266593847127299
168,Adam,mini-batch,sparse,0.1,0.2848844491889152,0.227328786667636
168,Adam,SGD,random,0.1,0.5017772977206063,0.28532940169968196
168,Adam,SGD,zero,0.1,0.11593026126860709,0.1918641349594335
168,Adam,SGD,sparse,0.1,0.3018611749693912,0.18976141036582608
169,GD,full,random,0.01,0.3057670474958255,0.29388162384610944
169,GD,full,zero,0.01,0.26394223568778413,0.09569346573430935
169,GD,full,sparse,0.01,0.34436306012954243,0.32074352277408
169,GD,mini-batch,random,0.01,0.3163670240578148,0.3014011769213929
169,GD,mini-batch,zero,0.01,0.27275301117451056,0.10386480552172764
169,GD,mini-batch,sparse,0.01,0.34905879960033637,0.32163866753993325
169,GD,SGD,random,0.01,0.42776692581503967,0.33648878566665674
169,GD,SGD,zero,0.01,0.4005462905356853,0.24972149353521725
169,GD,SGD,sparse,0.01,0.35794506837295437,0.2851151845486882
169,AdaGrad,full,random,0.01,1.6423417661214226,1.8247705182478502
169,AdaGrad,full,zero,0.01,0.5850441821172948,0.5248884862497625
169,AdaGrad,full,sparse,0.01,1.1338163118422635,1.1812284376977857
169,AdaGrad,mini-batch,random,0.01,1.644108046754508,1.827807924768352
169,AdaGrad,mini-batch,zero,0.01,0.5962455070562942,0.5304994084898131
169,AdaGrad,mini-batch,sparse,0.01,1.30238382481007,1.362962587567279
169,AdaGrad,SGD,random,0.01,1.7236894236538696,1.926206703748006
169,AdaGrad,SGD,zero,0.01,0.7718839434375692,0.6480435414133262
169,AdaGrad,SGD,sparse,0.01,1.6092064997738422,1.6826687830640614
169,RMSProp,full,random,0.01,0.25689617737838744,0.009999990445877752
169,RMSProp,full,zero,0.01,0.2568961773783875,0.00999999044587769
169,RMSProp,full,sparse,0.01,0.2568961773783876,0.009999990445877488
169,RMSProp,mini-batch,random,0.01,0.27084639202499955,0.03156836272760249
169,RMSProp,mini-batch,zero,0.01,0.270912821254693,0.031364554671304355
169,RMSProp,mini-batch,sparse,0.01,0.2708589585502829,0.03146146926704005
169,RMSProp,SGD,random,0.01,0.2116144626775787,0.2141715251051185
169,RMSProp,SGD,zero,0.01,0.20453700219025958,0.10756870278580989
169,RMSProp,SGD,sparse,0.01,0.20526374146325507,0.2122918793810538
169,Adam,full,random,0.01,0.2579193866888661,0.029617413302440793
169,Adam,full,zero,0.01,0.2657846995596259,3.4832188845680904e-06
169,Adam,full,sparse,0.01,0.2657846729666235,1.3865253905795158e-12
169,Adam,mini-batch,random,0.01,0.2589652827700862,0.05773151939273554
169,Adam,mini-batch,zero,0.01,0.27470166313432626,0.018979286327890664
169,Adam,mini-batch,sparse,0.01,0.27495481419203127,0.01984972559492962
169,Adam,SGD,random,0.01,0.4697658778603363,0.43937885774864555
169,Adam,SGD,zero,0.01,0.3782744377174367,0.23237617028142388
169,Adam,SGD,sparse,0.01,0.379062882714992,0.29026692188710335
169,GD,full,random,0.1,0.265784660818615,4.430836243058252e-08
169,GD,full,zero,0.1,0.26578467455061106,3.1492704663950224e-08
169,GD,full,sparse,0.1,0.2657846570701939,4.24853008629499e-08
169,GD,mini-batch,random,0.1,0.2707766809949118,0.040605396484011576
169,GD,mini-batch,zero,0.1,0.27077669393240555,0.04060537795661232
169,GD,mini-batch,sparse,0.1,0.2707766737692147,0.040605371556408865
169,GD,SGD,random,0.1,1.0189505852929877,0.8603737888306681
169,GD,SGD,zero,0.1,0.6684742409989425,0.5516222077401103
169,GD,SGD,sparse,0.1,0.8678777488697995,0.7911961350718221
169,AdaGrad,full,random,0.1,0.24997100000895972,0.07517276222447562
169,AdaGrad,full,zero,0.1,0.265780902173499,2.5736181530661433e-05
169,AdaGrad,full,sparse,0.1,0.26578399521780105,2.346359926573113e-06
169,AdaGrad,mini-batch,random,0.1,0.2594170803004565,0.1462144852594015
169,AdaGrad,mini-batch,zero,0.1,0.2712570893553248,0.025668306118935467
169,AdaGrad,mini-batch,sparse,0.1,0.26691987476441176,0.028879431865510865
169,AdaGrad,SGD,random,0.1,0.7179399861561044,0.7566085876998884
169,AdaGrad,SGD,zero,0.1,0.3474155965994731,0.22874845632442561
169,AdaGrad,SGD,sparse,0.1,0.6245857116281824,0.6490746590442676
169,RMSProp,full,random,0.1,0.3579105943156125,0.09999999044587843
169,RMSProp,full,zero,0.1,0.35791059431561256,0.09999999044587847
169,RMSProp,full,sparse,0.1,0.18216198127636338,0.09999999044587767
169,RMSProp,mini-batch,random,0.1,0.32111139109400577,0.14364921050604415
169,RMSProp,mini-batch,zero,0.1,0.32111139109400577,0.14364921050604415
169,RMSProp,mini-batch,sparse,0.1,0.32111139109400577,0.14364921050604415
169,RMSProp,SGD,random,0.1,0.7602786947065195,0.5926187642144428
169,RMSProp,SGD,zero,0.1,0.5828766612763218,0.45972673241123624
169,RMSProp,SGD,sparse,0.1,0.7800474366602392,0.6953511822619248
169,Adam,full,random,0.1,0.2657846729662319,4.993119101496701e-16
169,Adam,full,zero,0.1,0.265784672966232,4.081579843510303e-16
169,Adam,full,sparse,0.1,0.2657846729662321,5.552009517865718e-16
169,Adam,mini-batch,random,0.1,0.269079393308633,0.06839228043499115
169,Adam,mini-batch,zero,0.1,0.28000650015533424,0.0772390384358636
169,Adam,mini-batch,sparse,0.1,0.2821415374970062,0.07898361975875408
169,Adam,SGD,random,0.1,1.1087689357917812,0.8962406591765806
169,Adam,SGD,zero,0.1,0.8540319014259217,0.6291722649234198
169,Adam,SGD,sparse,0.1,1.0114987177267436,0.9063263068448528
170,GD,full,random,0.01,0.2516801094364974,0.19410631277063398
170,GD,full,zero,0.01,0.2322061526341011,0.08893240774839839
170,GD,full,sparse,0.01,0.2941079016971955,0.28825462672943963
170,GD,mini-batch,random,0.01,0.24514173074921883,0.20236613950331583
170,GD,mini-batch,zero,0.01,0.21921911243045586,0.08377328844855364
170,GD,mini-batch,sparse,0.01,0.29105239800397126,0.29402263709786913
170,GD,SGD,random,0.01,0.2120494809082714,0.1673681255027854
170,GD,SGD,zero,0.01,0.21866871850643016,0.07820315342961308
170,GD,SGD,sparse,0.01,0.27760617631418294,0.30087943935242145
170,AdaGrad,full,random,0.01,1.2292686866047755,1.3414689878594803
170,AdaGrad,full,zero,0.01,0.5112818564351748,0.4021695783012814
170,AdaGrad,full,sparse,0.01,1.1714770912286405,1.22474981146435
170,AdaGrad,mini-batch,random,0.01,1.2312345110915501,1.3433719809254387
170,AdaGrad,mini-batch,zero,0.01,0.5069207774353912,0.39523875690247096
170,AdaGrad,mini-batch,sparse,0.01,1.2431992283769195,1.293812955935392
170,AdaGrad,SGD,random,0.01,1.3224379672696105,1.444355948676107
170,AdaGrad,SGD,zero,0.01,0.598541960671353,0.46012576163570656
170,AdaGrad,SGD,sparse,0.01,1.4036138608655107,1.4634903497571508
170,RMSProp,full,random,0.01,0.17698996762745603,0.009999990549154065
170,RMSProp,full,zero,0.01,0.19352719054884998,0.009999990549152547
170,RMSProp,full,sparse,0.01,0.19352719054884998,0.009999990549152547
170,RMSProp,mini-batch,random,0.01,0.13849749917161766,0.06390209270592093
170,RMSProp,mini-batch,zero,0.01,0.13849899210337363,0.06389993944872183
170,RMSProp,mini-batch,sparse,0.01,0.13849864869353537,0.06390305027183034
170,RMSProp,SGD,random,0.01,0.0995588506732422,0.14283099409799868
170,RMSProp,SGD,zero,0.01,0.0991442699092433,0.11630236839209807
170,RMSProp,SGD,sparse,0.01,0.12050895782201566,0.2120895327081538
170,Adam,full,random,0.01,0.18462815118440312,0.04660516335316358
170,Adam,full,zero,0.01,0.18517319450130826,9.262129943814073e-09
170,Adam,full,sparse,0.01,0.1851731915893745,2.738444538503606e-09
170,Adam,mini-batch,random,0.01,0.14776807123920951,0.060587757714069074
170,Adam,mini-batch,zero,0.01,0.12879157687475903,0.07050929919005562
170,Adam,mini-batch,sparse,0.01,0.13135523488745263,0.06946360692723169
170,Adam,SGD,random,0.01,0.218456464162354,0.1473549131449209
170,Adam,SGD,zero,0.01,0.20521471027648294,0.05911436727931552
170,Adam,SGD,sparse,0.01,0.1973720984249314,0.18906735990400428
170,GD,full,random,0.1,0.18517317895319932,9.46147455942308e-08
170,GD,full,zero,0.1,0.1851732013536688,4.599916541210292e-08
170,GD,full,sparse,0.1,0.18517319038892302,7.113944262751007e-08
170,GD,mini-batch,random,0.1,0.14009459366431948,0.06182502308269315
170,GD,mini-batch,zero,0.1,0.14009464120043227,0.06182503695508959
170,GD,mini-batch,sparse,0.1,0.1400946371487955,0.06182506427525211
170,GD,SGD,random,0.1,0.21272275930734336,0.23034137963753762
170,GD,SGD,zero,0.1,0.1179486444259987,0.22350767492436246
170,GD,SGD,sparse,0.1,0.2065307371814794,0.3114776767494446
170,AdaGrad,full,random,0.1,0.19633659331159983,0.09574757601646369
170,AdaGrad,full,zero,0.1,0.18517340968158186,8.329006477793597e-07
170,AdaGrad,full,sparse,0.1,0.18516612029106072,1.9248084061086816e-05
170,AdaGrad,mini-batch,random,0.1,0.1879051392845034,0.12273990053943488
170,AdaGrad,mini-batch,zero,0.1,0.15021723258281505,0.03651656550551783
170,AdaGrad,mini-batch,sparse,0.1,0.15027217192225567,0.037211234052668095
170,AdaGrad,SGD,random,0.1,0.2997252145997437,0.26047047295394543
170,AdaGrad,SGD,zero,0.1,0.24542251852029087,0.10523412090219857
170,AdaGrad,SGD,sparse,0.1,0.36808325762460564,0.3970197369463176
170,RMSProp,full,random,0.1,0.11684373803050821,0.09999999054915407
170,RMSProp,full,zero,0.1,0.11684373803050818,0.09999999054915405
170,RMSProp,full,sparse,0.1,0.11684373803050818,0.09999999054915405
170,RMSProp,mini-batch,random,0.1,0.33288039183042956,0.22893707785394787
170,RMSProp,mini-batch,zero,0.1,0.33288039183042956,0.22893707785394787
170,RMSProp,mini-batch,sparse,0.1,0.33288039183042956,0.22893707785394787
170,RMSProp,SGD,random,0.1,0.25267634628173147,0.3445612752833292
170,RMSProp,SGD,zero,0.1,0.16432602503486557,0.2851090109925435
170,RMSProp,SGD,sparse,0.1,0.2544842664242512,0.3862369036929278
170,Adam,full,random,0.1,0.18517319257999054,9.976635867472942e-16
170,Adam,full,zero,0.1,0.18517319257999057,9.585787466501135e-16
170,Adam,full,sparse,0.1,0.18517319257999057,9.758956693722378e-16
170,Adam,mini-batch,random,0.1,0.12264132933757813,0.2161499978806819
170,Adam,mini-batch,zero,0.1,0.14781363778771836,0.2258673199347023
170,Adam,mini-batch,sparse,0.1,0.14715579325778153,0.22522033216151405
170,Adam,SGD,random,0.1,0.31531180136998715,0.28560494227472133
170,Adam,SGD,zero,0.1,0.33487681137244435,0.2798350929063209
170,Adam,SGD,sparse,0.1,0.32215640626690933,0.3382876143462183
171,GD,full,random,0.01,0.4244150901131343,0.2657326655942959
171,GD,full,zero,0.01,0.44497232839223705,0.09021519352600937
171,GD,full,sparse,0.01,0.456689167739769,0.3164098796348134
171,GD,mini-batch,random,0.01,0.4206780808314166,0.264201766832394
171,GD,mini-batch,zero,0.01,0.45344086483177387,0.1252943686377721
171,GD,mini-batch,sparse,0.01,0.44965677989989444,0.3095072375643715
171,GD,SGD,random,0.01,0.5237182565113055,0.4015437613245337
171,GD,SGD,zero,0.01,0.527566425622675,0.1987828282691168
171,GD,SGD,sparse,0.01,0.5669312398938221,0.4104072440973861
171,AdaGrad,full,random,0.01,1.3089674040602701,1.421784625926364
171,AdaGrad,full,zero,0.01,0.8976277379513867,0.5430398725627312
171,AdaGrad,full,sparse,0.01,1.0003746928593185,1.0389233252781027
171,AdaGrad,mini-batch,random,0.01,1.3168704521972416,1.4313471418609376
171,AdaGrad,mini-batch,zero,0.01,0.9146809462753697,0.5562084448837378
171,AdaGrad,mini-batch,sparse,0.01,1.2969254711291258,1.299586698150241
171,AdaGrad,SGD,random,0.01,1.3920971966737055,1.5575855301029526
171,AdaGrad,SGD,zero,0.01,1.121507905020237,0.7441453664836704
171,AdaGrad,SGD,sparse,0.01,1.6922990138807399,1.6979606332947335
171,RMSProp,full,random,0.01,0.39248653367313047,0.009999991000298915
171,RMSProp,full,zero,0.01,0.3766544164499752,0.009999991000298943
171,RMSProp,full,sparse,0.01,0.3766544164499752,0.009999991000298943
171,RMSProp,mini-batch,random,0.01,0.3657506744364754,0.06007852406930488
171,RMSProp,mini-batch,zero,0.01,0.3669933199005251,0.06008777327562854
171,RMSProp,mini-batch,sparse,0.01,0.366214396388246,0.06010480171949339
171,RMSProp,SGD,random,0.01,0.48087411510998784,0.4922373404561385
171,RMSProp,SGD,zero,0.01,0.3940565566597375,0.14902156524401614
171,RMSProp,SGD,sparse,0.01,0.5126856474997374,0.4828677089301241
171,Adam,full,random,0.01,0.37885105406335795,0.01575831579432376
171,Adam,full,zero,0.01,0.3846255160670237,0.00018584572990501302
171,Adam,full,sparse,0.01,0.3845219297426414,1.762424413785662e-15
171,Adam,mini-batch,random,0.01,0.3844753560200282,0.0712293234034453
171,Adam,mini-batch,zero,0.01,0.3976648643917918,0.07264284071711917
171,Adam,mini-batch,sparse,0.01,0.39336080234407556,0.07032183319933896
171,Adam,SGD,random,0.01,0.6897397668075235,0.6233407703957927
171,Adam,SGD,zero,0.01,0.5640245177207084,0.23120036333682092
171,Adam,SGD,sparse,0.01,0.7360184120265101,0.6521933605132781
171,GD,full,random,0.1,0.38452186370999814,1.7492025203575916e-07
171,GD,full,zero,0.1,0.38452194577113336,3.344405351257503e-08
171,GD,full,sparse,0.1,0.3845218844596452,1.1930366951301645e-07
171,GD,mini-batch,random,0.1,0.29980870279433286,0.09706438763040659
171,GD,mini-batch,zero,0.1,0.29980877387597116,0.0970642880388822
171,GD,mini-batch,sparse,0.1,0.2998087215549692,0.09706436396143293
171,GD,SGD,random,0.1,0.37191955980100455,0.5242749074115799
171,GD,SGD,zero,0.1,0.5351868515595595,0.4172265668561845
171,GD,SGD,sparse,0.1,0.5708655785336606,0.34599242083224896
171,AdaGrad,full,random,0.1,0.3729379698924929,0.03891302070344082
171,AdaGrad,full,zero,0.1,0.3849207195174828,0.0006671228944931873
171,AdaGrad,full,sparse,0.1,0.3845218945138446,1.11952545987408e-07
171,AdaGrad,mini-batch,random,0.1,0.37413269073537986,0.1154286844342152
171,AdaGrad,mini-batch,zero,0.1,0.40173264980460044,0.065286162395494
171,AdaGrad,mini-batch,sparse,0.1,0.38015863768672203,0.05075185278279427
171,AdaGrad,SGD,random,0.1,0.8124432474246335,0.7848178295397692
171,AdaGrad,SGD,zero,0.1,0.6489682908736615,0.3271896286807927
171,AdaGrad,SGD,sparse,0.1,0.9493038977325223,0.9006510683676295
171,RMSProp,full,random,0.1,0.46769948750731494,0.09999999100029898
171,RMSProp,full,zero,0.1,0.31140233571944065,0.09999999100029894
171,RMSProp,full,sparse,0.1,0.46769948750731494,0.09999999100029898
171,RMSProp,mini-batch,random,0.1,0.11192606391375591,0.30136167133531705
171,RMSProp,mini-batch,zero,0.1,0.11192606391375591,0.30136167133531705
171,RMSProp,mini-batch,sparse,0.1,0.11192606391375591,0.30136167133531705
171,RMSProp,SGD,random,0.1,0.24847037314797607,0.42679291777245537
171,RMSProp,SGD,zero,0.1,0.4326561071973778,0.2789631452521303
171,RMSProp,SGD,sparse,0.1,0.47911299175246336,0.28460622795947293
171,Adam,full,random,0.1,0.38452192974264077,1.3732700395566711e-15
171,Adam,full,zero,0.1,0.3845219297426407,1.1801832636420706e-15
171,Adam,full,sparse,0.1,0.37804939639655555,0.01012180553487281
171,Adam,mini-batch,random,0.1,0.28008051927827704,0.1856437354737276
171,Adam,mini-batch,zero,0.1,0.27587836181075,0.18972546157578302
171,Adam,mini-batch,sparse,0.1,0.2716438291418441,0.19293645959147182
171,Adam,SGD,random,0.1,0.5548628994745458,0.44476995163571725
171,Adam,SGD,zero,0.1,0.7284359839943817,0.5262609415463717
171,Adam,SGD,sparse,0.1,0.46084033913218087,0.3637685563874308
172,GD,full,random,0.01,0.2567495593631917,0.23866033635329764
172,GD,full,zero,0.01,0.1949197469363461,0.06658621248606028
172,GD,full,sparse,0.01,0.409617761731914,0.3696565635438505
172,GD,mini-batch,random,0.01,0.25432444750223626,0.24493800738925794
172,GD,mini-batch,zero,0.01,0.18520008567750648,0.0622955795837099
172,GD,mini-batch,sparse,0.01,0.4015697316266391,0.36656295739597794
172,GD,SGD,random,0.01,0.2360724951559646,0.18409499789828807
172,GD,SGD,zero,0.01,0.2305444450003898,0.10998131493808558
172,GD,SGD,sparse,0.01,0.39453025116326146,0.33876203990245973
172,AdaGrad,full,random,0.01,1.516890934451972,1.6334376502736845
172,AdaGrad,full,zero,0.01,0.346309353961028,0.2529537326148114
172,AdaGrad,full,sparse,0.01,1.7439239594492009,1.7328828111189305
172,AdaGrad,mini-batch,random,0.01,1.5273665609634002,1.6445432693112865
172,AdaGrad,mini-batch,zero,0.01,0.35077386506487995,0.2585682880490313
172,AdaGrad,mini-batch,sparse,0.01,1.763508560926482,1.751784648758322
172,AdaGrad,SGD,random,0.01,1.6487679915129245,1.7719781580636913
172,AdaGrad,SGD,zero,0.01,0.47311040625325884,0.3701674457393555
172,AdaGrad,SGD,sparse,0.01,1.8648593990458615,1.8602792638169412
172,RMSProp,full,random,0.01,0.1706645217781723,0.009999990566537222
172,RMSProp,full,zero,0.01,0.17066452177817232,0.009999990566537281
172,RMSProp,full,sparse,0.01,0.17066452177817232,0.009999990566537288
172,RMSProp,mini-batch,random,0.01,0.1260171441401076,0.06351021328817816
172,RMSProp,mini-batch,zero,0.01,0.12601717199158116,0.0635091355671791
172,RMSProp,mini-batch,sparse,0.01,0.126017211320185,0.06350968275660145
172,RMSProp,SGD,random,0.01,0.13348273460079302,0.07036321164526618
172,RMSProp,SGD,zero,0.01,0.1534796692061633,0.09213322367431295
172,RMSProp,SGD,sparse,0.01,0.1395635521208115,0.08085352212323958
172,Adam,full,random,0.01,0.17215359591996943,0.09587810887592653
172,Adam,full,zero,0.01,0.1617020120724468,8.368202481890594e-16
172,Adam,full,sparse,0.01,0.16170004736495652,3.753245260683028e-05
172,Adam,mini-batch,random,0.01,0.1686383764364567,0.11910311451961403
172,Adam,mini-batch,zero,0.01,0.10931405836364956,0.0627006097165153
172,Adam,mini-batch,sparse,0.01,0.1122495300797651,0.05533862655014744
172,Adam,SGD,random,0.01,0.2962655573077439,0.2518490063790813
172,Adam,SGD,zero,0.01,0.24716278961407645,0.09872413130139171
172,Adam,SGD,sparse,0.01,0.29955872886270785,0.20879817830832184
172,GD,full,random,0.1,0.16170198750907713,9.139309437584718e-08
172,GD,full,zero,0.1,0.16170201567218367,9.796224893232386e-09
172,GD,full,sparse,0.1,0.16170199033099392,1.1895456963362652e-07
172,GD,mini-batch,random,0.1,0.12743626819678935,0.05186088505302098
172,GD,mini-batch,zero,0.1,0.1274362779222845,0.05186080919308091
172,GD,mini-batch,sparse,0.1,0.1274362741914741,0.05186089038346995
172,GD,SGD,random,0.1,0.23378919121311345,0.18967820559222126
172,GD,SGD,zero,0.1,0.19089185199629352,0.20328654378339134
172,GD,SGD,sparse,0.1,0.20213452048408648,0.17274795725684006
172,AdaGrad,full,random,0.1,0.2235107041488477,0.18641476310580551
172,AdaGrad,full,zero,0.1,0.1617020120842147,2.5887070684907068e-11
172,AdaGrad,full,sparse,0.1,0.16161270663454408,0.002091295247730447
172,AdaGrad,mini-batch,random,0.1,0.238755837422345,0.21960496015895623
172,AdaGrad,mini-batch,zero,0.1,0.13616104248087618,0.03269858368034863
172,AdaGrad,mini-batch,sparse,0.1,0.13766953556018927,0.03427226854557079
172,AdaGrad,SGD,random,0.1,0.4216329682880411,0.4206288852004181
172,AdaGrad,SGD,zero,0.1,0.21736802507576844,0.10844293480327424
172,AdaGrad,SGD,sparse,0.1,0.45813102721084487,0.41409380314804445
172,RMSProp,full,random,0.1,0.08578536854521943,0.09999999056653733
172,RMSProp,full,zero,0.1,0.2548253287778351,0.09999999056653727
172,RMSProp,full,sparse,0.1,0.08578536854521954,0.09999999056653729
172,RMSProp,mini-batch,random,0.1,0.05517531133179088,0.19031671883304763
172,RMSProp,mini-batch,zero,0.1,0.05517531133179088,0.19031671883304763
172,RMSProp,mini-batch,sparse,0.1,0.05517531133179088,0.19031671883304763
172,RMSProp,SGD,random,0.1,0.30759697318067863,0.3116756106868283
172,RMSProp,SGD,zero,0.1,0.3269850841818392,0.3494243091553462
172,RMSProp,SGD,sparse,0.1,0.2593278464839866,0.2461271101528444
172,Adam,full,random,0.1,0.16170201207244717,1.1449174941446927e-16
172,Adam,full,zero,0.1,0.16170201207244717,5.561946577567963e-17
172,Adam,full,sparse,0.1,0.16170201207244714,5.721958498152797e-17
172,Adam,mini-batch,random,0.1,0.1553957069661032,0.15051231378527097
172,Adam,mini-batch,zero,0.1,0.12725729578845585,0.21215155871279362
172,Adam,mini-batch,sparse,0.1,0.12667493649436423,0.21072098577834697
172,Adam,SGD,random,0.1,0.2849255789004763,0.3718531832945389
172,Adam,SGD,zero,0.1,0.2711320711333943,0.32826033369250035
172,Adam,SGD,sparse,0.1,0.24963249440298568,0.23261661939426764
173,GD,full,random,0.01,0.5898910293888121,0.26006772299094133
173,GD,full,zero,0.01,0.4594630270469774,0.08031965800345307
173,GD,full,sparse,0.01,0.5505239711846623,0.3041344776992571
173,GD,mini-batch,random,0.01,0.5931366650026969,0.26160694691024144
173,GD,mini-batch,zero,0.01,0.467915300352665,0.09013130585443527
173,GD,mini-batch,sparse,0.01,0.550194170023668,0.29906650054200623
173,GD,SGD,random,0.01,0.6274879461727502,0.2395208525016491
173,GD,SGD,zero,0.01,0.40300572256206013,0.09752268105404037
173,GD,SGD,sparse,0.01,0.5772298686562293,0.32613185055772675
173,AdaGrad,full,random,0.01,1.5561404080873187,1.4914923748885471
173,AdaGrad,full,zero,0.01,0.7277165798605582,0.4661508979821407
173,AdaGrad,full,sparse,0.01,1.0416721363315837,0.9406004940816404
173,AdaGrad,mini-batch,random,0.01,1.561431225702585,1.4999572084368202
173,AdaGrad,mini-batch,zero,0.01,0.7456063187143206,0.48091004907080526
173,AdaGrad,mini-batch,sparse,0.01,1.235608722614572,1.1494250925180907
173,AdaGrad,SGD,random,0.01,1.6139988070490114,1.6177850470212052
173,AdaGrad,SGD,zero,0.01,0.9706010893322857,0.6599305750980834
173,AdaGrad,SGD,sparse,0.01,1.6178949778701712,1.5494454001814466
173,RMSProp,full,random,0.01,0.4639874054033674,0.009999990900445982
173,RMSProp,full,zero,0.01,0.4507037745433437,0.009999990900446842
173,RMSProp,full,sparse,0.01,0.45070377454334365,0.009999990900446815
173,RMSProp,mini-batch,random,0.01,0.47495816444757283,0.049273304572965235
173,RMSProp,mini-batch,zero,0.01,0.4742427398631148,0.04918933295679078
173,RMSProp,mini-batch,sparse,0.01,0.4745947380160153,0.049449590337597264
173,RMSProp,SGD,random,0.01,0.3862325175240577,0.2142356679111118
173,RMSProp,SGD,zero,0.01,0.23554611421015909,0.23127675751979535
173,RMSProp,SGD,sparse,0.01,0.40438911793785076,0.34117704560646606
173,Adam,full,random,0.01,0.46474648266847884,0.013518332793237137
173,Adam,full,zero,0.01,0.45730461205737005,0.00025983997839000355
173,Adam,full,sparse,0.01,0.4572844875591932,1.4304223057953898e-15
173,Adam,mini-batch,random,0.01,0.47462356780659964,0.04199769047928534
173,Adam,mini-batch,zero,0.01,0.45665724618595244,0.02222327043968462
173,Adam,mini-batch,sparse,0.01,0.45618113511088326,0.029693011781847942
173,Adam,SGD,random,0.01,0.673681312544038,0.41296380221504664
173,Adam,SGD,zero,0.01,0.3737446373615833,0.11943786176436011
173,Adam,SGD,sparse,0.01,0.6681029278387562,0.4806367546148696
173,GD,full,random,0.1,0.45728454608060076,9.706699903408404e-08
173,GD,full,zero,0.1,0.457284494580128,2.9554563328275873e-08
173,GD,full,sparse,0.1,0.45728448368148283,7.536712991614849e-08
173,GD,mini-batch,random,0.1,0.48834117755846795,0.07858002763964733
173,GD,mini-batch,zero,0.1,0.48834113711757005,0.07858004875897028
173,GD,mini-batch,sparse,0.1,0.488341125376054,0.07858006726326129
173,GD,SGD,random,0.1,1.0640477689846009,0.6987376578371391
173,GD,SGD,zero,0.1,0.67538162077516,0.27537238558114374
173,GD,SGD,sparse,0.1,0.6662169186719686,0.5038208863503603
173,AdaGrad,full,random,0.1,0.4754322892773135,0.03495110940142971
173,AdaGrad,full,zero,0.1,0.45732688672614813,0.0009632455050317583
173,AdaGrad,full,sparse,0.1,0.4572844874395063,1.345333317373361e-08
173,AdaGrad,mini-batch,random,0.1,0.5163780953492687,0.107575835564195
173,AdaGrad,mini-batch,zero,0.1,0.4645776747573117,0.03304727341390607
173,AdaGrad,mini-batch,sparse,0.1,0.4674838674267002,0.019637034121586888
173,AdaGrad,SGD,random,0.1,0.8452823262965128,0.6454017300380163
173,AdaGrad,SGD,zero,0.1,0.4272511052214056,0.20769051217810167
173,AdaGrad,SGD,sparse,0.1,0.9102169980838611,0.8073847430162026
173,RMSProp,full,random,0.1,0.3979408888067075,0.09999999090044684
173,RMSProp,full,zero,0.1,0.5290191400133405,0.09999999090044598
173,RMSProp,full,sparse,0.1,0.5290191400133405,0.09999999090044598
173,RMSProp,mini-batch,random,0.1,0.37193641488308116,0.11201062880829495
173,RMSProp,mini-batch,zero,0.1,0.37193641488308116,0.11201062880829495
173,RMSProp,mini-batch,sparse,0.1,0.37193641488308116,0.11201062880829495
173,RMSProp,SGD,random,0.1,0.865423828385653,0.5116943634183638
173,RMSProp,SGD,zero,0.1,0.5546926253599274,0.18149395472346946
173,RMSProp,SGD,sparse,0.1,0.5031175808882646,0.22307845457721054
173,Adam,full,random,0.1,0.4572844875591933,1.2462222543165673e-15
173,Adam,full,zero,0.1,0.4572844875591934,1.1617623272539761e-15
173,Adam,full,sparse,0.1,0.45681708676891586,0.000733049650054353
173,Adam,mini-batch,random,0.1,0.5304764406680293,0.16998648161708688
173,Adam,mini-batch,zero,0.1,0.5346799825563491,0.1741990153946892
173,Adam,mini-batch,sparse,0.1,0.5394750421292157,0.17865648925160815
173,Adam,SGD,random,0.1,1.3274247792377396,1.0094778409981027
173,Adam,SGD,zero,0.1,0.6695116017151462,0.35471452865372766
173,Adam,SGD,sparse,0.1,0.8327751134569714,0.49491762792371086
174,GD,full,random,0.01,0.31950171717344744,0.33094569577788524
174,GD,full,zero,0.01,0.23155703024602595,0.07543454386582474
174,GD,full,sparse,0.01,0.46267514233642254,0.4697487100250432
174,GD,mini-batch,random,0.01,0.31223005676569027,0.3254090547722299
174,GD,mini-batch,zero,0.01,0.22948629509400648,0.07341237048827724
174,GD,mini-batch,sparse,0.01,0.4670529599565903,0.4753762393301609
174,GD,SGD,random,0.01,0.29452348727859956,0.31928754229290945
174,GD,SGD,zero,0.01,0.21783569592577806,0.15972029815162594
174,GD,SGD,sparse,0.01,0.4690533597605365,0.4803356235166109
174,AdaGrad,full,random,0.01,1.6888896963532862,1.8524592510542757
174,AdaGrad,full,zero,0.01,0.3928325552428836,0.3238241108081312
174,AdaGrad,full,sparse,0.01,1.6933165046318994,1.756668481932053
174,AdaGrad,mini-batch,random,0.01,1.696007658601041,1.8603377819026319
174,AdaGrad,mini-batch,zero,0.01,0.401966716634388,0.32746259598054284
174,AdaGrad,mini-batch,sparse,0.01,1.814220334965483,1.8736615709913673
174,AdaGrad,SGD,random,0.01,1.7687343536645217,1.9462662605715098
174,AdaGrad,SGD,zero,0.01,0.5617577910448466,0.43044190267236604
174,AdaGrad,SGD,sparse,0.01,2.035678106897998,2.0984253238955106
174,RMSProp,full,random,0.01,0.2416019053674301,0.009999990624733696
174,RMSProp,full,zero,0.01,0.22542326525329462,0.009999990624733434
174,RMSProp,full,sparse,0.01,0.22542326525329462,0.009999990624733434
174,RMSProp,mini-batch,random,0.01,0.2459150358455732,0.07872180383478088
174,RMSProp,mini-batch,zero,0.01,0.24600132845763112,0.0788394539958449
174,RMSProp,mini-batch,sparse,0.01,0.24593279252591815,0.07874961167737175
174,RMSProp,SGD,random,0.01,0.17117938362786347,0.2942998339472613
174,RMSProp,SGD,zero,0.01,0.1010761479326051,0.21302903961199612
174,RMSProp,SGD,sparse,0.01,0.30302606713740615,0.37891639119970666
174,Adam,full,random,0.01,0.21702291045465047,0.07461753336930604
174,Adam,full,zero,0.01,0.2334384630368835,1.0879234625907972e-06
174,Adam,full,sparse,0.01,0.23343814701745644,1.2789060552565957e-06
174,Adam,mini-batch,random,0.01,0.2094834477856433,0.08433041355789335
174,Adam,mini-batch,zero,0.01,0.24937190537455262,0.05647434896220748
174,Adam,mini-batch,sparse,0.01,0.2486833181362171,0.05997061874953131
174,Adam,SGD,random,0.01,0.40732436102103337,0.46668105214494227
174,Adam,SGD,zero,0.01,0.2299191470981173,0.13961943506586774
174,Adam,SGD,sparse,0.01,0.4818838807787745,0.49590346373672123
174,GD,full,random,0.1,0.23343852791106362,1.8540292207894367e-07
174,GD,full,zero,0.1,0.23343856019429288,5.490921928958641e-08
174,GD,full,sparse,0.1,0.23343851355785247,3.3682469619450196e-07
174,GD,mini-batch,random,0.1,0.25050024812894683,0.10207652130626392
174,GD,mini-batch,zero,0.1,0.25050032935944794,0.10207663509906317
174,GD,mini-batch,sparse,0.1,0.250500199079756,0.10207644451840697
174,GD,SGD,random,0.1,0.43233670095580456,0.23457690008316015
174,GD,SGD,zero,0.1,0.22168099788248877,0.255984244164922
174,GD,SGD,sparse,0.1,0.44080517732133717,0.36519634238541704
174,AdaGrad,full,random,0.1,0.22570930676059975,0.15899143132676788
174,AdaGrad,full,zero,0.1,0.2334371827948923,1.2943319730553093e-05
174,AdaGrad,full,sparse,0.1,0.23317540021225128,0.0007976424914042724
174,AdaGrad,mini-batch,random,0.1,0.2415531784012266,0.2182908093756039
174,AdaGrad,mini-batch,zero,0.1,0.23111040730203258,0.022112420418527626
174,AdaGrad,mini-batch,sparse,0.1,0.22069155084882244,0.04529845047074305
174,AdaGrad,SGD,random,0.1,0.6698935805471758,0.7340380572443924
174,AdaGrad,SGD,zero,0.1,0.2516518647758067,0.1812225397478307
174,AdaGrad,SGD,sparse,0.1,0.8376112362514089,0.870125652064337
174,RMSProp,full,random,0.1,0.31980111866560473,0.09999999062473373
174,RMSProp,full,zero,0.1,0.16344531293298586,0.09999999062473347
174,RMSProp,full,sparse,0.1,0.16344531293298598,0.09999999062473343
174,RMSProp,mini-batch,random,0.1,0.33876610613229513,0.2533997444363058
174,RMSProp,mini-batch,zero,0.1,0.33876610613229513,0.2533997444363058
174,RMSProp,mini-batch,sparse,0.1,0.33876610613229513,0.2533997444363058
174,RMSProp,SGD,random,0.1,0.34504789008654396,0.21835075439061546
174,RMSProp,SGD,zero,0.1,0.10084481438009135,0.2933514408424345
174,RMSProp,SGD,sparse,0.1,0.3496393524238699,0.359932144206007
174,Adam,full,random,0.1,0.23343856747508582,6.112531465858672e-16
174,Adam,full,zero,0.1,0.23343856747508576,6.286500016609089e-16
174,Adam,full,sparse,0.1,0.23343856747508582,6.866350197783356e-16
174,Adam,mini-batch,random,0.1,0.320200057169393,0.23056009128668875
174,Adam,mini-batch,zero,0.1,0.33208639472689555,0.2465699866255905
174,Adam,mini-batch,sparse,0.1,0.3326948629789109,0.24708511781095535
174,Adam,SGD,random,0.1,0.2596258093568576,0.09783161716255695
174,Adam,SGD,zero,0.1,0.24447568866234662,0.21126601868406514
174,Adam,SGD,sparse,0.1,0.5557575059201908,0.36161600081764966
175,GD,full,random,0.01,0.41933796160122994,0.33029177626918255
175,GD,full,zero,0.01,0.24171829640839088,0.10582437788700177
175,GD,full,sparse,0.01,0.5237681456951043,0.47236909943033034
175,GD,mini-batch,random,0.01,0.42610698297899,0.33109891796862473
175,GD,mini-batch,zero,0.01,0.2505870845687261,0.09977378826257781
175,GD,mini-batch,sparse,0.01,0.5182660539678994,0.45973875992104124
175,GD,SGD,random,0.01,0.3197684580399021,0.3117480282270273
175,GD,SGD,zero,0.01,0.1701139021828136,0.17487986187932084
175,GD,SGD,sparse,0.01,0.4758501120286891,0.4816190446393285
175,AdaGrad,full,random,0.01,1.9245438303993976,1.9607818933074064
175,AdaGrad,full,zero,0.01,0.6120328931267809,0.5270329286917391
175,AdaGrad,full,sparse,0.01,1.8942766561570588,1.8844172036556466
175,AdaGrad,mini-batch,random,0.01,1.9239411080874675,1.9627231721891325
175,AdaGrad,mini-batch,zero,0.01,0.6267260967623528,0.5383541064479176
175,AdaGrad,mini-batch,sparse,0.01,1.985717288615067,1.970969232925357
175,AdaGrad,SGD,random,0.01,2.0231549947530003,2.0839224815830484
175,AdaGrad,SGD,zero,0.01,0.7884658305162732,0.6482957502901531
175,AdaGrad,SGD,sparse,0.01,2.3064951169571164,2.2979788750987056
175,RMSProp,full,random,0.01,0.22601276557327216,0.009999990578604508
175,RMSProp,full,zero,0.01,0.22601276557327218,0.009999990578604508
175,RMSProp,full,sparse,0.01,0.22601276557327227,0.009999990578604562
175,RMSProp,mini-batch,random,0.01,0.28552922905145706,0.08580111439610956
175,RMSProp,mini-batch,zero,0.01,0.2855056794308008,0.08576660959507523
175,RMSProp,mini-batch,sparse,0.01,0.28548868631295127,0.08573419523599353
175,RMSProp,SGD,random,0.01,0.2145354572029574,0.2775971588361456
175,RMSProp,SGD,zero,0.01,0.10413720213698462,0.2150069647063301
175,RMSProp,SGD,sparse,0.01,0.3048190225865617,0.3388583576608585
175,Adam,full,random,0.01,0.2261479654526544,0.0559416102588237
175,Adam,full,zero,0.01,0.2162350294116427,1.0126385850266188e-05
175,Adam,full,sparse,0.01,0.21623643788503047,3.925007670417372e-06
175,Adam,mini-batch,random,0.01,0.26905159373211207,0.09835176559328537
175,Adam,mini-batch,zero,0.01,0.2620216132177227,0.06527883669352372
175,Adam,mini-batch,sparse,0.01,0.26265454319387066,0.06980115088765815
175,Adam,SGD,random,0.01,0.48130574715402874,0.45825343017697695
175,Adam,SGD,zero,0.01,0.1794629076505209,0.18962740474513257
175,Adam,SGD,sparse,0.01,0.5296970263270638,0.544072384041615
175,GD,full,random,0.1,0.21623648520251126,5.4827046358464754e-08
175,GD,full,zero,0.1,0.21623647063334978,7.080872803688441e-08
175,GD,full,sparse,0.1,0.21623644687166205,2.804130679253649e-07
175,GD,mini-batch,random,0.1,0.3177036182588135,0.12097955215012056
175,GD,mini-batch,zero,0.1,0.31770359785164826,0.12097952139785864
175,GD,mini-batch,sparse,0.1,0.31770356610872313,0.12097947722642473
175,GD,SGD,random,0.1,0.4934180112209809,0.5614649631818103
175,GD,SGD,zero,0.1,0.6054774829519338,0.6431620832243649
175,GD,SGD,sparse,0.1,0.5905721189744255,0.5623873419389369
175,AdaGrad,full,random,0.1,0.2630710212102888,0.13819070072285888
175,AdaGrad,full,zero,0.1,0.21622900428957084,6.280527278171981e-05
175,AdaGrad,full,sparse,0.1,0.21622776170639796,0.0014457969147367259
175,AdaGrad,mini-batch,random,0.1,0.32195686876286045,0.2014368023045767
175,AdaGrad,mini-batch,zero,0.1,0.24598887106757233,0.03905495939959798
175,AdaGrad,mini-batch,sparse,0.1,0.24786685998634664,0.04532681670938557
175,AdaGrad,SGD,random,0.1,0.8861841574723691,0.8463973697826502
175,AdaGrad,SGD,zero,0.1,0.25817790489425835,0.20949147404173074
175,AdaGrad,SGD,sparse,0.1,0.9819681757389516,0.9658894846556849
175,RMSProp,full,random,0.1,0.3146328074242137,0.09999999057860454
175,RMSProp,full,zero,0.1,0.12050984431156286,0.09999999057860473
175,RMSProp,full,sparse,0.1,0.12050984431156302,0.0999999905786046
175,RMSProp,mini-batch,random,0.1,0.46626526064472823,0.27169046298370175
175,RMSProp,mini-batch,zero,0.1,0.46626526064472823,0.27169046298370175
175,RMSProp,mini-batch,sparse,0.1,0.46626526064472823,0.27169046298370175
175,RMSProp,SGD,random,0.1,0.3828795731811471,0.43642223568182803
175,RMSProp,SGD,zero,0.1,0.5357914648394424,0.5866230437775936
175,RMSProp,SGD,sparse,0.1,0.6787972977758894,0.4914698840028396
175,Adam,full,random,0.1,0.21623647917522784,7.641924544163071e-16
175,Adam,full,zero,0.1,0.21623647917522787,6.892333841633501e-16
175,Adam,full,sparse,0.1,0.21623647917522798,6.093696171782865e-16
175,Adam,mini-batch,random,0.1,0.39663364829802855,0.18394582796032422
175,Adam,mini-batch,zero,0.1,0.4104590172858181,0.19872381898118302
175,Adam,mini-batch,sparse,0.1,0.41263970157444846,0.20099345426430879
175,Adam,SGD,random,0.1,0.5555004792830942,0.6086622438696874
175,Adam,SGD,zero,0.1,0.599749427113794,0.5830977387002507
175,Adam,SGD,sparse,0.1,0.5220710906540219,0.6314002518307559
176,GD,full,random,0.01,0.3997164036695876,0.23958250478194232
176,GD,full,zero,0.01,0.33404646390554144,0.028716524410140467
176,GD,full,sparse,0.01,0.5506751508935963,0.359419734789671
176,GD,mini-batch,random,0.01,0.39974110047716316,0.2692236364487091
176,GD,mini-batch,zero,0.01,0.31305822117907717,0.038978634655612146
176,GD,mini-batch,sparse,0.01,0.5376556620072153,0.36096985328875264
176,GD,SGD,random,0.01,0.3438670340766903,0.3487969301209719
176,GD,SGD,zero,0.01,0.21425853770206435,0.1545221519649054
176,GD,SGD,sparse,0.01,0.49562391870333766,0.38772667220739765
176,AdaGrad,full,random,0.01,1.4441836631049414,1.5335304746059717
176,AdaGrad,full,zero,0.01,0.5173653817342293,0.20800798418357003
176,AdaGrad,full,sparse,0.01,1.5050544241791974,1.395241752802037
176,AdaGrad,mini-batch,random,0.01,1.4468788332682527,1.5400512603623082
176,AdaGrad,mini-batch,zero,0.01,0.5261843152862106,0.21562261486148562
176,AdaGrad,mini-batch,sparse,0.01,1.6416860164041795,1.5296533262561145
176,AdaGrad,SGD,random,0.01,1.5338357848393114,1.667876067250364
176,AdaGrad,SGD,zero,0.01,0.7494233894326928,0.44033014137818044
176,AdaGrad,SGD,sparse,0.01,2.0021152519350185,1.8960318396166358
176,RMSProp,full,random,0.01,0.31445054108233894,0.009999990951360758
176,RMSProp,full,zero,0.01,0.332242953608178,0.009999990951360536
176,RMSProp,full,sparse,0.01,0.31445054108233883,0.009999990951360867
176,RMSProp,mini-batch,random,0.01,0.27158809420657826,0.0919192881106654
176,RMSProp,mini-batch,zero,0.01,0.2714582644250555,0.09177026084464641
176,RMSProp,mini-batch,sparse,0.01,0.27170014239278434,0.09136251962927021
176,RMSProp,SGD,random,0.01,0.28430912801997626,0.36654938412740773
176,RMSProp,SGD,zero,0.01,0.12417714186058917,0.2509079777636964
176,RMSProp,SGD,sparse,0.01,0.4136377260892348,0.37777509720002656
176,Adam,full,random,0.01,0.32969878151498955,0.028470832002446128
176,Adam,full,zero,0.01,0.32332444890066814,2.528209753222826e-05
176,Adam,full,sparse,0.01,0.3233144936756243,8.764745245343708e-10
176,Adam,mini-batch,random,0.01,0.3072581629693268,0.08410982985711742
176,Adam,mini-batch,zero,0.01,0.2777673236082929,0.0725053967973307
176,Adam,mini-batch,sparse,0.01,0.2685152266264944,0.08203093122138666
176,Adam,SGD,random,0.01,0.5377178383608979,0.4983334382101153
176,Adam,SGD,zero,0.01,0.2640798679464894,0.1322878336310827
176,Adam,SGD,sparse,0.01,0.6432466639245237,0.5396053394333354
176,GD,full,random,0.1,0.3233144850095879,4.0355900106555834e-08
176,GD,full,zero,0.1,0.32331449805946816,1.0922529190188103e-08
176,GD,full,sparse,0.1,0.32331453630146634,9.522634435617095e-08
176,GD,mini-batch,random,0.1,0.26986199703936475,0.14173285886414436
176,GD,mini-batch,zero,0.1,0.26986199210407047,0.14173282507254284
176,GD,mini-batch,sparse,0.1,0.2698620069649062,0.1417327671131306
176,GD,SGD,random,0.1,0.10230102471555513,0.3487485883806164
176,GD,SGD,zero,0.1,0.16044325046975663,0.4216119001894597
176,GD,SGD,sparse,0.1,0.3708933867144428,0.26053439656972693
176,AdaGrad,full,random,0.1,0.3417387089271476,0.0698729194401178
176,AdaGrad,full,zero,0.1,0.3233578790099117,0.00011388730445754961
176,AdaGrad,full,sparse,0.1,0.32331985393403356,2.1895103932213997e-05
176,AdaGrad,mini-batch,random,0.1,0.3503545499371507,0.16608621810962695
176,AdaGrad,mini-batch,zero,0.1,0.2977161862339343,0.05121527402974844
176,AdaGrad,mini-batch,sparse,0.1,0.30646378692814363,0.055528560666403805
176,AdaGrad,SGD,random,0.1,0.7811858451080638,0.7422704360221002
176,AdaGrad,SGD,zero,0.1,0.2792444362007915,0.16478279753010588
176,AdaGrad,SGD,sparse,0.1,1.0677226769986294,0.9576404615998706
176,RMSProp,full,random,0.1,0.4148053688361347,0.0999999909513606
176,RMSProp,full,zero,0.1,0.4148053688361348,0.0999999909513606
176,RMSProp,full,sparse,0.1,0.23874887588524826,0.0999999909513608
176,RMSProp,mini-batch,random,0.1,0.24131560851528885,0.3204696149593306
176,RMSProp,mini-batch,zero,0.1,0.24131560851528885,0.3204696149593306
176,RMSProp,mini-batch,sparse,0.1,0.24131560851528885,0.3204696149593306
176,RMSProp,SGD,random,0.1,0.08262037840652094,0.3579102234447091
176,RMSProp,SGD,zero,0.1,0.1784996081689571,0.45593608955790876
176,RMSProp,SGD,sparse,0.1,0.21898357029067683,0.17418182601986282
176,Adam,full,random,0.1,0.3233144934666609,8.473409486550036e-16
176,Adam,full,zero,0.1,0.3233144934666609,7.216449660063518e-16
176,Adam,full,sparse,0.1,0.32331449346666097,7.195067539997724e-16
176,Adam,mini-batch,random,0.1,0.4015156743152878,0.24679540917357054
176,Adam,mini-batch,zero,0.1,0.3951103829968473,0.24539356488651073
176,Adam,mini-batch,sparse,0.1,0.39413463585527725,0.24506363916960686
176,Adam,SGD,random,0.1,0.20620210720567195,0.3681318587368993
176,Adam,SGD,zero,0.1,0.26434271639652596,0.464446701175425
176,Adam,SGD,sparse,0.1,0.3758536179737029,0.1871050465390831
177,GD,full,random,0.01,0.5025973124235747,0.3266327505621267
177,GD,full,zero,0.01,0.27749698353686025,0.09207233121677637
177,GD,full,sparse,0.01,0.5602064574710749,0.3876777777828733
177,GD,mini-batch,random,0.01,0.5016237923195683,0.32605480503048184
177,GD,mini-batch,zero,0.01,0.2742135545843916,0.08210146151404837
177,GD,mini-batch,sparse,0.01,0.5635568821887273,0.39307028903564795
177,GD,SGD,random,0.01,0.4259394364060013,0.2417132482632825
177,GD,SGD,zero,0.01,0.2736476223114675,0.14703671709471786
177,GD,SGD,sparse,0.01,0.5035772607770939,0.3565257427270281
177,AdaGrad,full,random,0.01,1.8491851943349569,1.7963097707874847
177,AdaGrad,full,zero,0.01,0.6034831200371517,0.4787750421715515
177,AdaGrad,full,sparse,0.01,1.490172883665107,1.3569545402608574
177,AdaGrad,mini-batch,random,0.01,1.8543839602673504,1.8028530786709682
177,AdaGrad,mini-batch,zero,0.01,0.6029629922290817,0.4771964231901279
177,AdaGrad,mini-batch,sparse,0.01,1.6098818993217583,1.4670830077463854
177,AdaGrad,SGD,random,0.01,1.9398431298270997,1.9145935108390788
177,AdaGrad,SGD,zero,0.01,0.7339974744858763,0.575822017951832
177,AdaGrad,SGD,sparse,0.01,1.8998950966891013,1.7641855629184753
177,RMSProp,full,random,0.01,0.23109474498271335,0.009999990781942192
177,RMSProp,full,zero,0.01,0.24681416788182006,0.009999990781942775
177,RMSProp,full,sparse,0.01,0.23109474498271335,0.009999990781942194
177,RMSProp,mini-batch,random,0.01,0.25626823098377166,0.03477175630838057
177,RMSProp,mini-batch,zero,0.01,0.25622801103328824,0.03479748767854643
177,RMSProp,mini-batch,sparse,0.01,0.2562515666929606,0.034808261062065075
177,RMSProp,SGD,random,0.01,0.23468199833908285,0.08263336231358838
177,RMSProp,SGD,zero,0.01,0.12850846106202696,0.1300288182259755
177,RMSProp,SGD,sparse,0.01,0.28794794223410763,0.2026628228069471
177,Adam,full,random,0.01,0.2795271392524326,0.06319252894264318
177,Adam,full,zero,0.01,0.2388749496265825,1.0049115723026455e-06
177,Adam,full,sparse,0.01,0.23887446075146293,2.1755580035845087e-09
177,Adam,mini-batch,random,0.01,0.3038924927401462,0.08356305958149002
177,Adam,mini-batch,zero,0.01,0.2641810830868246,0.037130841809232325
177,Adam,mini-batch,sparse,0.01,0.2641393314242259,0.03836570613809363
177,Adam,SGD,random,0.01,0.5389835110312329,0.36544276507348494
177,Adam,SGD,zero,0.01,0.2558029534290245,0.15341180656574377
177,Adam,SGD,sparse,0.01,0.51986835333755,0.36580042433970494
177,GD,full,random,0.1,0.23887455354949363,1.6414938849619817e-07
177,GD,full,zero,0.1,0.2388744684014986,1.7640036373461448e-08
177,GD,full,sparse,0.1,0.2388745809222616,2.0895161068699927e-07
177,GD,mini-batch,random,0.1,0.2522940549595144,0.03637495754935394
177,GD,mini-batch,zero,0.1,0.25229399460338603,0.036375029714427604
177,GD,mini-batch,sparse,0.1,0.25229409364158906,0.03637504359566939
177,GD,SGD,random,0.1,0.4886801078965849,0.4516055480046748
177,GD,SGD,zero,0.1,0.4514953483378986,0.33092653394919064
177,GD,SGD,sparse,0.1,0.36582020848827707,0.4591509070060533
177,AdaGrad,full,random,0.1,0.33362306054433327,0.13449094380026655
177,AdaGrad,full,zero,0.1,0.23888124415099168,1.4501667922480286e-05
177,AdaGrad,full,sparse,0.1,0.23889263935867971,3.790916684901444e-05
177,AdaGrad,mini-batch,random,0.1,0.38416894039311555,0.1932052901093547
177,AdaGrad,mini-batch,zero,0.1,0.24958684144391385,0.01706017287283106
177,AdaGrad,mini-batch,sparse,0.1,0.25471567960320146,0.024480530302154767
177,AdaGrad,SGD,random,0.1,0.8971310133913062,0.7444666154176605
177,AdaGrad,SGD,zero,0.1,0.33180263879847266,0.21047066427115785
177,AdaGrad,SGD,sparse,0.1,0.8975056429150717,0.7422030614733692
177,RMSProp,full,random,0.1,0.17175189366079016,0.09999999078194213
177,RMSProp,full,zero,0.1,0.3234552493487356,0.0999999907819428
177,RMSProp,full,sparse,0.1,0.1717518936607901,0.09999999078194213
177,RMSProp,mini-batch,random,0.1,0.1861373714101851,0.11381335922453845
177,RMSProp,mini-batch,zero,0.1,0.1861373714101851,0.11381335922453845
177,RMSProp,mini-batch,sparse,0.1,0.18613737141018508,0.11381335922453864
177,RMSProp,SGD,random,0.1,0.37668526483805564,0.38488804301343704
177,RMSProp,SGD,zero,0.1,0.3093894335821104,0.20607479363255465
177,RMSProp,SGD,sparse,0.1,0.30466009787082377,0.45287926283971813
177,Adam,full,random,0.1,0.23887445970063717,9.159339953157541e-16
177,Adam,full,zero,0.1,0.2388744597006372,9.139342519463554e-16
177,Adam,full,sparse,0.1,0.23887445970063723,1.0062113951672233e-15
177,Adam,mini-batch,random,0.1,0.3255342271803732,0.1650456616626907
177,Adam,mini-batch,zero,0.1,0.3218270401641684,0.18447620853585167
177,Adam,mini-batch,sparse,0.1,0.3216630707756637,0.18435862341773607
177,Adam,SGD,random,0.1,0.5953467707727861,0.4649163865127551
177,Adam,SGD,zero,0.1,0.66043404242864,0.47283080240669934
177,Adam,SGD,sparse,0.1,0.4663807426919205,0.5113918491739594
178,GD,full,random,0.01,0.489555257118145,0.32926964241145334
178,GD,full,zero,0.01,0.30404326939935333,0.06352731037950766
178,GD,full,sparse,0.01,0.583221608565012,0.4072181401328712
178,GD,mini-batch,random,0.01,0.489039361120478,0.33087298287383765
178,GD,mini-batch,zero,0.01,0.30180310390236087,0.07462973285032008
178,GD,mini-batch,sparse,0.01,0.5849779855454307,0.41333326144442956
178,GD,SGD,random,0.01,0.5356304135036932,0.3153214380431385
178,GD,SGD,zero,0.01,0.2824915327890692,0.0596094004584102
178,GD,SGD,sparse,0.01,0.585231233082377,0.3765212191735729
178,AdaGrad,full,random,0.01,1.8973117963296124,1.9032547142747316
178,AdaGrad,full,zero,0.01,0.5058448405588338,0.3002535832816407
178,AdaGrad,full,sparse,0.01,1.9391806614445046,1.8101971163035506
178,AdaGrad,mini-batch,random,0.01,1.9034294019087545,1.9117637243535768
178,AdaGrad,mini-batch,zero,0.01,0.517716334661369,0.3094949420217323
178,AdaGrad,mini-batch,sparse,0.01,2.00627589379138,1.874422698321601
178,AdaGrad,SGD,random,0.01,1.998844835204099,2.0315972966558338
178,AdaGrad,SGD,zero,0.01,0.6736111214240091,0.42006958672541256
178,AdaGrad,SGD,sparse,0.01,2.2192984907096394,2.093826422482209
178,RMSProp,full,random,0.01,0.2599442066574123,0.009999990679404387
178,RMSProp,full,zero,0.01,0.2769243925939148,0.009999990679404769
178,RMSProp,full,sparse,0.01,0.2769243925939148,0.009999990679404769
178,RMSProp,mini-batch,random,0.01,0.2721706405096084,0.029156266324064473
178,RMSProp,mini-batch,zero,0.01,0.2721253414152815,0.029140464448036398
178,RMSProp,mini-batch,sparse,0.01,0.27215746604821156,0.02916941220311159
178,RMSProp,SGD,random,0.01,0.4381770560343473,0.25119530277090835
178,RMSProp,SGD,zero,0.01,0.18111100276068529,0.1198842134555273
178,RMSProp,SGD,sparse,0.01,0.4795319843089834,0.286353500808529
178,Adam,full,random,0.01,0.31128652126030204,0.08381365283006385
178,Adam,full,zero,0.01,0.2683822986010884,2.3124233867628547e-08
178,Adam,full,sparse,0.01,0.26838390752366825,3.780052981149289e-06
178,Adam,mini-batch,random,0.01,0.31527159613560807,0.1168300797402378
178,Adam,mini-batch,zero,0.01,0.25952702820216716,0.0565241541515424
178,Adam,mini-batch,sparse,0.01,0.25838569003611733,0.057242979336648306
178,Adam,SGD,random,0.01,0.6518409900798334,0.49971101087841674
178,Adam,SGD,zero,0.01,0.28152792686313166,0.06252375145454513
178,Adam,SGD,sparse,0.01,0.585135789470098,0.3748337371540654
178,GD,full,random,0.1,0.2683823278265318,1.5138618503659734e-07
178,GD,full,zero,0.1,0.26838230073742797,2.2228087004320854e-08
178,GD,full,sparse,0.1,0.26838233706744885,1.0896571977202189e-07
178,GD,mini-batch,random,0.1,0.28352227823557824,0.03512643776327497
178,GD,mini-batch,zero,0.1,0.2835222423252211,0.03512640052149619
178,GD,mini-batch,sparse,0.1,0.28352228040283306,0.03512643739497084
178,GD,SGD,random,0.1,1.4121646167855695,1.2628613591011182
178,GD,SGD,zero,0.1,0.39299548547070545,0.4952116711650106
178,GD,SGD,sparse,0.1,0.6501983643567602,0.7515562382691079
178,AdaGrad,full,random,0.1,0.3772077533062785,0.17937383166148946
178,AdaGrad,full,zero,0.1,0.2683825804193935,8.749685052268433e-07
178,AdaGrad,full,sparse,0.1,0.26894061982584866,0.0013100863592988446
178,AdaGrad,mini-batch,random,0.1,0.42154610691602334,0.243420508191198
178,AdaGrad,mini-batch,zero,0.1,0.2673029406727688,0.04212991909236288
178,AdaGrad,mini-batch,sparse,0.1,0.2788816663347718,0.052316869887460045
178,AdaGrad,SGD,random,0.1,0.9594381618455081,0.8137965330771522
178,AdaGrad,SGD,zero,0.1,0.3718887960097102,0.1435721912223648
178,AdaGrad,SGD,sparse,0.1,0.9409528473885997,0.7740649746328412
178,RMSProp,full,random,0.1,0.19091456722125097,0.09999999067940439
178,RMSProp,full,zero,0.1,0.3572250473519016,0.09999999067940478
178,RMSProp,full,sparse,0.1,0.19091456722125097,0.09999999067940439
178,RMSProp,mini-batch,random,0.1,0.4339795400472962,0.18545629782692016
178,RMSProp,mini-batch,zero,0.1,0.4339795400472962,0.18545629782692016
178,RMSProp,mini-batch,sparse,0.1,0.4339795400472962,0.18545629782692016
178,RMSProp,SGD,random,0.1,1.1862862254500628,1.030383729640329
178,RMSProp,SGD,zero,0.1,0.3438685531099918,0.4547211146168567
178,RMSProp,SGD,sparse,0.1,0.4651367583506578,0.5342793324989391
178,Adam,full,random,0.1,0.2683822927850158,2.2929868617541516e-16
178,Adam,full,zero,0.1,0.26838229278501574,2.5776846797341143e-16
178,Adam,full,sparse,0.1,0.26838229278501574,3.0182194481103634e-16
178,Adam,mini-batch,random,0.1,0.28802067378757523,0.09196139607941477
178,Adam,mini-batch,zero,0.1,0.28541678473620574,0.10796931640429702
178,Adam,mini-batch,sparse,0.1,0.2856676131158227,0.10753862504609717
178,Adam,SGD,random,0.1,0.9565495208700072,0.8535221009672449
178,Adam,SGD,zero,0.1,0.4981689970097692,0.510286692902687
178,Adam,SGD,sparse,0.1,1.0462886339057618,0.9500366159594203
179,GD,full,random,0.01,0.41115395846007846,0.23817087733263084
179,GD,full,zero,0.01,0.37696650633567486,0.05028169034103348
179,GD,full,sparse,0.01,0.4988411787134082,0.34246945536883444
179,GD,mini-batch,random,0.01,0.39811045586326727,0.2632107107143797
179,GD,mini-batch,zero,0.01,0.3487849606810544,0.06490537976516897
179,GD,mini-batch,sparse,0.01,0.4913203167893769,0.36614747429413813
179,GD,SGD,random,0.01,0.3685570547274537,0.32598925630660164
179,GD,SGD,zero,0.01,0.2741795965458936,0.13193859007668152
179,GD,SGD,sparse,0.01,0.5639574305871914,0.4524755350406364
179,AdaGrad,full,random,0.01,1.2269205686504443,1.3581337796295054
179,AdaGrad,full,zero,0.01,0.6250913314116593,0.29531060254473007
179,AdaGrad,full,sparse,0.01,1.178821157261654,1.1427183777643994
179,AdaGrad,mini-batch,random,0.01,1.2380151426043156,1.3759875834842408
179,AdaGrad,mini-batch,zero,0.01,0.648911217175236,0.31618389912784733
179,AdaGrad,mini-batch,sparse,0.01,1.3997077819385915,1.35067284050286
179,AdaGrad,SGD,random,0.01,1.3298016310148417,1.519120732952501
179,AdaGrad,SGD,zero,0.01,0.8576971488817918,0.5047886271486203
179,AdaGrad,SGD,sparse,0.01,1.7263073511711289,1.6914428454044925
179,RMSProp,full,random,0.01,0.35191514986379147,0.009999990548585693
179,RMSProp,full,zero,0.01,0.37114137157772126,0.00999999054858586
179,RMSProp,full,sparse,0.01,0.37114137157772126,0.00999999054858586
179,RMSProp,mini-batch,random,0.01,0.3240674071882759,0.05798023953887294
179,RMSProp,mini-batch,zero,0.01,0.32435142084908847,0.05614498190895504
179,RMSProp,mini-batch,sparse,0.01,0.32419106333442943,0.057329394393805216
179,RMSProp,SGD,random,0.01,0.27932485059553713,0.3407281859066735
179,RMSProp,SGD,zero,0.01,0.1696800529826957,0.22904286995550402
179,RMSProp,SGD,sparse,0.01,0.43890592222759,0.41013893155851844
179,Adam,full,random,0.01,0.360222651453447,0.01663543589360616
179,Adam,full,zero,0.01,0.3615356124761608,7.910986185784025e-05
179,Adam,full,sparse,0.01,0.3615177663534096,1.6285613261745048e-13
179,Adam,mini-batch,random,0.01,0.31952048823209417,0.10068382738584909
179,Adam,mini-batch,zero,0.01,0.3136857884360218,0.0761455406986407
179,Adam,mini-batch,sparse,0.01,0.3125177180623284,0.0825893610840793
179,Adam,SGD,random,0.01,0.5170219596597848,0.49006678556105365
179,Adam,SGD,zero,0.01,0.2988090193452746,0.08718575233183337
179,Adam,SGD,sparse,0.01,0.6298939396736182,0.5777788836493509
179,GD,full,random,0.1,0.3615177401589277,1.2862595971081474e-07
179,GD,full,zero,0.1,0.36151777516124367,3.85134381088196e-08
179,GD,full,sparse,0.1,0.36151773767945794,1.627393060677817e-07
179,GD,mini-batch,random,0.1,0.3219030922566475,0.0824089564334479
179,GD,mini-batch,zero,0.1,0.3219031218247708,0.08240889675286452
179,GD,mini-batch,sparse,0.1,0.32190308871417983,0.08240895919964179
179,GD,SGD,random,0.1,0.6693236687285115,0.5810273027271662
179,GD,SGD,zero,0.1,0.46708891534079816,0.48150959092465756
179,GD,SGD,sparse,0.1,1.325638828080568,1.0529561273530041
179,AdaGrad,full,random,0.1,0.3599523078277341,0.041979286132097775
179,AdaGrad,full,zero,0.1,0.3615878373921898,0.0003075839319443729
179,AdaGrad,full,sparse,0.1,0.3615176919300577,1.2701251802681952e-06
179,AdaGrad,mini-batch,random,0.1,0.3561447560815799,0.1714049791157956
179,AdaGrad,mini-batch,zero,0.1,0.3357027412742984,0.0507565706591878
179,AdaGrad,mini-batch,sparse,0.1,0.33707228797542604,0.08382838157148559
179,AdaGrad,SGD,random,0.1,0.6907295255413831,0.6668497526662475
179,AdaGrad,SGD,zero,0.1,0.34410907895878773,0.10022898122487107
179,AdaGrad,SGD,sparse,0.1,0.8918396049669748,0.8329794453823153
179,RMSProp,full,random,0.1,0.2668085630059107,0.09999999054858552
179,RMSProp,full,zero,0.1,0.2668085630059106,0.09999999054858552
179,RMSProp,full,sparse,0.1,0.45847941906312306,0.09999999054858585
179,RMSProp,mini-batch,random,0.1,0.3863069704506705,0.06335921849756432
179,RMSProp,mini-batch,zero,0.1,0.3863069704506705,0.06335921849756432
179,RMSProp,mini-batch,sparse,0.1,0.3863069704506705,0.06335921849756432
179,RMSProp,SGD,random,0.1,0.5576740504652893,0.40246137020031836
179,RMSProp,SGD,zero,0.1,0.3530799545031229,0.4237667546116372
179,RMSProp,SGD,sparse,0.1,0.988748367153441,0.7371881077466786
179,Adam,full,random,0.1,0.36151776635340027,3.554447978966673e-16
179,Adam,full,zero,0.1,0.3615177663534002,4.871083751574258e-16
179,Adam,full,sparse,0.1,0.3617226480414372,0.00022349974884565296
179,Adam,mini-batch,random,0.1,0.4379078933980108,0.08465711237258221
179,Adam,mini-batch,zero,0.1,0.42876291966156216,0.07690226438736618
179,Adam,mini-batch,sparse,0.1,0.4247600357115249,0.07369226875060945
179,Adam,SGD,random,0.1,0.23078987353855943,0.33296822679431726
179,Adam,SGD,zero,0.1,0.2319276118524347,0.3107999848498669
179,Adam,SGD,sparse,0.1,0.5260358246400297,0.347786519731506
180,GD,full,random,0.01,0.37554299520417034,0.3161899435935857
180,GD,full,zero,0.01,0.17044638758876826,0.037426255554425844
180,GD,full,sparse,0.01,0.4552491461047494,0.4121540648264102
180,GD,mini-batch,random,0.01,0.3871569811764615,0.33000599332934916
180,GD,mini-batch,zero,0.01,0.17265705259183314,0.047569006479050685
180,GD,mini-batch,sparse,0.01,0.4657840730818409,0.4252416632084537
180,GD,SGD,random,0.01,0.40610144467480414,0.35522167627888657
180,GD,SGD,zero,0.01,0.20830428443043547,0.10395589134670032
180,GD,SGD,sparse,0.01,0.5267747736023397,0.4988582774445005
180,AdaGrad,full,random,0.01,1.894852192705507,1.9585320821444556
180,AdaGrad,full,zero,0.01,0.22524133606278574,0.13268018446877078
180,AdaGrad,full,sparse,0.01,1.8776288973485615,1.8605073555512006
180,AdaGrad,mini-batch,random,0.01,1.8997276662500868,1.9642172846992623
180,AdaGrad,mini-batch,zero,0.01,0.23632827204120335,0.14538545933516234
180,AdaGrad,mini-batch,sparse,0.01,1.893295209725775,1.8762729557441864
180,AdaGrad,SGD,random,0.01,2.017567219688534,2.0927990090773765
180,AdaGrad,SGD,zero,0.01,0.2989633622512483,0.18838699192476044
180,AdaGrad,SGD,sparse,0.01,1.9996012243001025,1.9942624587291062
180,RMSProp,full,random,0.01,0.15053938611746165,0.009999990822678774
180,RMSProp,full,zero,0.01,0.15053938611746162,0.009999990822678793
180,RMSProp,full,sparse,0.01,0.15053938611746162,0.009999990822678793
180,RMSProp,mini-batch,random,0.01,0.1874418464900293,0.05809208961538939
180,RMSProp,mini-batch,zero,0.01,0.187439572964167,0.058088487741763666
180,RMSProp,mini-batch,sparse,0.01,0.18744089006407783,0.058091877039303054
180,RMSProp,SGD,random,0.01,0.2427506553656562,0.20715597796179172
180,RMSProp,SGD,zero,0.01,0.17822673000183867,0.11546156457679899
180,RMSProp,SGD,sparse,0.01,0.2786863786086167,0.26885740429083654
180,Adam,full,random,0.01,0.22317454729923014,0.1365557327204997
180,Adam,full,zero,0.01,0.1603158362319563,2.435541875787129e-16
180,Adam,full,sparse,0.01,0.16032362809528097,0.0001470926945504107
180,Adam,mini-batch,random,0.01,0.24246344322964664,0.17475375995597187
180,Adam,mini-batch,zero,0.01,0.17858928095954263,0.05669939914866413
180,Adam,mini-batch,sparse,0.01,0.17044359625061148,0.052977164103797394
180,Adam,SGD,random,0.01,0.5146948761928721,0.4641067154059592
180,Adam,SGD,zero,0.01,0.2440713503368764,0.12854413366908565
180,Adam,SGD,sparse,0.01,0.43294123706064175,0.3942296260580324
180,GD,full,random,0.1,0.16031585082529484,1.1747971207338759e-07
180,GD,full,zero,0.1,0.16031583804642008,1.346168018260471e-08
180,GD,full,sparse,0.1,0.16031584241964175,2.0331902377109231e-07
180,GD,mini-batch,random,0.1,0.1883308534109874,0.05822700991934827
180,GD,mini-batch,zero,0.1,0.18833081838446397,0.05822693551562453
180,GD,mini-batch,sparse,0.1,0.18833086553474734,0.05822708424396246
180,GD,SGD,random,0.1,0.43857873909670986,0.43212530519330095
180,GD,SGD,zero,0.1,0.49458348213248216,0.4652177538123236
180,GD,SGD,sparse,0.1,0.3661387726671101,0.3889678469290958
180,AdaGrad,full,random,0.1,0.3210083388288964,0.25862301596392595
180,AdaGrad,full,zero,0.1,0.16031583623258067,3.2366323201658812e-12
180,AdaGrad,full,sparse,0.1,0.1606133894396992,0.004644177332706264
180,AdaGrad,mini-batch,random,0.1,0.36912470146046833,0.3131664367366469
180,AdaGrad,mini-batch,zero,0.1,0.1656601975308176,0.0359868756778017
180,AdaGrad,mini-batch,sparse,0.1,0.17037152227669566,0.05254529989300189
180,AdaGrad,SGD,random,0.1,0.758715759692923,0.7214285876750003
180,AdaGrad,SGD,zero,0.1,0.19001363490935105,0.09171403125077952
180,AdaGrad,SGD,sparse,0.1,0.7753498626142448,0.751970493559581
180,RMSProp,full,random,0.1,0.25902083958810324,0.09999999082267874
180,RMSProp,full,zero,0.1,0.25902083958810324,0.09999999082267876
180,RMSProp,full,sparse,0.1,0.06565466991500819,0.09999999082267877
180,RMSProp,mini-batch,random,0.1,0.40853191162956054,0.2600555011659557
180,RMSProp,mini-batch,zero,0.1,0.40853191162956054,0.2600555011659557
180,RMSProp,mini-batch,sparse,0.1,0.40853191162956054,0.2600555011659557
180,RMSProp,SGD,random,0.1,0.5462339578165262,0.5416555983217508
180,RMSProp,SGD,zero,0.1,0.6718193969885721,0.6516574403363327
180,RMSProp,SGD,sparse,0.1,0.33529835828650717,0.3603152923196203
180,Adam,full,random,0.1,0.16031583623195633,2.451306065445149e-16
180,Adam,full,zero,0.1,0.16031583623195636,2.665835984225005e-16
180,Adam,full,sparse,0.1,0.16031583623195633,2.498001805406602e-16
180,Adam,mini-batch,random,0.1,0.20699994753825393,0.11883583571597969
180,Adam,mini-batch,zero,0.1,0.2693988891153883,0.14337683630156267
180,Adam,mini-batch,sparse,0.1,0.2685715458200002,0.14307872365085292
180,Adam,SGD,random,0.1,0.5512524121945588,0.5279003470055148
180,Adam,SGD,zero,0.1,0.6236883413380039,0.6065640311477226
180,Adam,SGD,sparse,0.1,0.4345684570584744,0.4434310076980014
181,GD,full,random,0.01,0.3441682315305825,0.19351819464682715
181,GD,full,zero,0.01,0.33659409828250997,0.058960874414119326
181,GD,full,sparse,0.01,0.5149563493925285,0.3371135874038253
181,GD,mini-batch,random,0.01,0.3765506828616647,0.22806277800570246
181,GD,mini-batch,zero,0.01,0.3462839499452454,0.039500878356538704
181,GD,mini-batch,sparse,0.01,0.5374155339096901,0.3585415628366174
181,GD,SGD,random,0.01,0.468418098016396,0.24204708122901147
181,GD,SGD,zero,0.01,0.4414613189278778,0.15527566841404344
181,GD,SGD,sparse,0.01,0.6080380554656728,0.3689891015841331
181,AdaGrad,full,random,0.01,1.0857960913377238,1.2154329639090604
181,AdaGrad,full,zero,0.01,0.6504349071598053,0.3876245837875181
181,AdaGrad,full,sparse,0.01,1.1131108630318756,1.0210650444573797
181,AdaGrad,mini-batch,random,0.01,1.0878596197888768,1.2194520526857353
181,AdaGrad,mini-batch,zero,0.01,0.6665981287736712,0.3993311209461701
181,AdaGrad,mini-batch,sparse,0.01,1.3015857016227965,1.1962966841034888
181,AdaGrad,SGD,random,0.01,1.1618591998087147,1.3344164723391085
181,AdaGrad,SGD,zero,0.01,0.8630177557984781,0.5751683309146131
181,AdaGrad,SGD,sparse,0.01,1.684451463440999,1.586226555761923
181,RMSProp,full,random,0.01,0.32365103683431923,0.00999999094014234
181,RMSProp,full,zero,0.01,0.3065830092145191,0.009999990940143894
181,RMSProp,full,sparse,0.01,0.3065830092145191,0.009999990940143866
181,RMSProp,mini-batch,random,0.01,0.32357486294987786,0.06367757586623658
181,RMSProp,mini-batch,zero,0.01,0.3235699107293126,0.0630209253722891
181,RMSProp,mini-batch,sparse,0.01,0.323869521293651,0.06322785149833837
181,RMSProp,SGD,random,0.01,0.3349696178257369,0.2669585634093769
181,RMSProp,SGD,zero,0.01,0.2962130340144526,0.13798374461809965
181,RMSProp,SGD,sparse,0.01,0.4775990454685819,0.30223990857980687
181,Adam,full,random,0.01,0.31515213665608693,0.011777726869887723
181,Adam,full,zero,0.01,0.31510086846756064,0.00011870831388763933
181,Adam,full,sparse,0.01,0.3150739084289223,1.0605390551611693e-15
181,Adam,mini-batch,random,0.01,0.3788934037269891,0.10671122199076205
181,Adam,mini-batch,zero,0.01,0.37982376895116265,0.09500373676226394
181,Adam,mini-batch,sparse,0.01,0.3778108956900641,0.09450295960363438
181,Adam,SGD,random,0.01,0.4727142413720858,0.3043697909622218
181,Adam,SGD,zero,0.01,0.49735002312128934,0.20083212926150226
181,Adam,SGD,sparse,0.01,0.637450952550494,0.39988457854756926
181,GD,full,random,0.1,0.31507390834258436,2.8462494477447603e-08
181,GD,full,zero,0.1,0.3150739115984449,1.009454380980687e-08
181,GD,full,sparse,0.1,0.3150739643826356,1.466583428194862e-07
181,GD,mini-batch,random,0.1,0.30775162680848195,0.06578989936742205
181,GD,mini-batch,zero,0.1,0.30775161929708966,0.06578985631795388
181,GD,mini-batch,sparse,0.1,0.3077516946985895,0.06578995250530699
181,GD,SGD,random,0.1,0.9300768316161052,0.691486888786279
181,GD,SGD,zero,0.1,0.18492582586287304,0.39196690416548985
181,GD,SGD,sparse,0.1,0.4780806255453014,0.3925264980071127
181,AdaGrad,full,random,0.1,0.31564658869732576,0.030636446619316565
181,AdaGrad,full,zero,0.1,0.3151900399250258,0.0004935499772742581
181,AdaGrad,full,sparse,0.1,0.3150739214892044,8.845952980578644e-08
181,AdaGrad,mini-batch,random,0.1,0.3430620202686242,0.1120583540039869
181,AdaGrad,mini-batch,zero,0.1,0.3386447990762962,0.04670348116816423
181,AdaGrad,mini-batch,sparse,0.1,0.3430525431273984,0.06111134356502652
181,AdaGrad,SGD,random,0.1,0.5321745786373028,0.42078653960824103
181,AdaGrad,SGD,zero,0.1,0.432405022080951,0.15409998192369448
181,AdaGrad,SGD,sparse,0.1,0.8005504084957016,0.6265159773425106
181,RMSProp,full,random,0.1,0.4038017711766473,0.09999999094014236
181,RMSProp,full,zero,0.1,0.4038017711766473,0.09999999094014236
181,RMSProp,full,sparse,0.1,0.40380177117664723,0.09999999094014234
181,RMSProp,mini-batch,random,0.1,0.2519189123681451,0.1817318899771201
181,RMSProp,mini-batch,zero,0.1,0.25191891236814506,0.18173188997712023
181,RMSProp,mini-batch,sparse,0.1,0.25191891236814506,0.18173188997712023
181,RMSProp,SGD,random,0.1,0.5907983530696099,0.36119195290337697
181,RMSProp,SGD,zero,0.1,0.08416344550695155,0.29568105695114305
181,RMSProp,SGD,sparse,0.1,0.37699126536680505,0.19546289691815338
181,Adam,full,random,0.1,0.31507390842892224,8.899114524108741e-16
181,Adam,full,zero,0.1,0.31507390842892236,8.688869536365456e-16
181,Adam,full,sparse,0.1,0.31500867859402143,7.727506510890914e-05
181,Adam,mini-batch,random,0.1,0.4115508835449679,0.11256047607066014
181,Adam,mini-batch,zero,0.1,0.40914624453353715,0.11074423076751247
181,Adam,mini-batch,sparse,0.1,0.406852517751497,0.10910824663665432
181,Adam,SGD,random,0.1,0.21415843452616248,0.44301610701305466
181,Adam,SGD,zero,0.1,0.11566055287738038,0.26192532041596406
181,Adam,SGD,sparse,0.1,0.6820295755256865,0.44628188093092974
182,GD,full,random,0.01,0.37355387105530374,0.2582046088772737
182,GD,full,zero,0.01,0.21212355380797462,0.038508400139178764
182,GD,full,sparse,0.01,0.45966145800357566,0.3332277779623904
182,GD,mini-batch,random,0.01,0.37805819442855104,0.2663376452379202
182,GD,mini-batch,zero,0.01,0.21185097375331327,0.042757539975343116
182,GD,mini-batch,sparse,0.01,0.4594147679144559,0.33297128215919686
182,GD,SGD,random,0.01,0.35068573684894067,0.2319432186408367
182,GD,SGD,zero,0.01,0.1958024137428237,0.0479693938379852
182,GD,SGD,sparse,0.01,0.41822252944431565,0.30104563074758317
182,AdaGrad,full,random,0.01,1.8193915175842503,1.8450392037081096
182,AdaGrad,full,zero,0.01,0.28916502104563097,0.1503819435556246
182,AdaGrad,full,sparse,0.01,1.7922679529894041,1.6988426525992883
182,AdaGrad,mini-batch,random,0.01,1.823002951623496,1.8486150172463414
182,AdaGrad,mini-batch,zero,0.01,0.29731781168994864,0.1583306352008229
182,AdaGrad,mini-batch,sparse,0.01,1.81489837907265,1.7206361707159123
182,AdaGrad,SGD,random,0.01,1.9484899682587868,1.9867154799166866
182,AdaGrad,SGD,zero,0.01,0.3839365970575471,0.22780149486008328
182,AdaGrad,SGD,sparse,0.01,1.8814423233777737,1.7982747920345876
182,RMSProp,full,random,0.01,0.18654695724519202,0.009999991016688706
182,RMSProp,full,zero,0.01,0.18654695724519196,0.009999991016688727
182,RMSProp,full,sparse,0.01,0.18654695724519196,0.009999991016688727
182,RMSProp,mini-batch,random,0.01,0.21916404164052777,0.04865623072616082
182,RMSProp,mini-batch,zero,0.01,0.21916220152863017,0.04865343468120925
182,RMSProp,mini-batch,sparse,0.01,0.21916294663079094,0.04865319963410368
182,RMSProp,SGD,random,0.01,0.24358853127483807,0.14843926544005834
182,RMSProp,SGD,zero,0.01,0.1884936051062095,0.0910758096999866
182,RMSProp,SGD,sparse,0.01,0.17535712641055462,0.06636427212648244
182,Adam,full,random,0.01,0.24504019901867624,0.09558361267321834
182,Adam,full,zero,0.01,0.19422414920853032,6.379255420885912e-16
182,Adam,full,sparse,0.01,0.19423539510337198,2.7100671331110502e-05
182,Adam,mini-batch,random,0.01,0.25096412307268157,0.11300818535204779
182,Adam,mini-batch,zero,0.01,0.20908712899789053,0.03464231879114266
182,Adam,mini-batch,sparse,0.01,0.20665251081775987,0.03331701538951995
182,Adam,SGD,random,0.01,0.4556741803028823,0.34687792831861336
182,Adam,SGD,zero,0.01,0.22102690796833693,0.05306431083149868
182,Adam,SGD,sparse,0.01,0.3242006619331342,0.1724880100090567
182,GD,full,random,0.1,0.1942241626576325,3.593380420390007e-08
182,GD,full,zero,0.1,0.19422415169964694,6.685329099886066e-09
182,GD,full,sparse,0.1,0.19422417395301614,4.3675763619792934e-08
182,GD,mini-batch,random,0.1,0.22573686083345243,0.045500367621999174
182,GD,mini-batch,zero,0.1,0.22573684676031625,0.0455003514119529
182,GD,mini-batch,sparse,0.1,0.225736868221808,0.04550034792996343
182,GD,SGD,random,0.1,0.23923737564629766,0.0932389834411584
182,GD,SGD,zero,0.1,0.2561299002743183,0.18043418352249224
182,GD,SGD,sparse,0.1,0.12136359878587223,0.19093152205802785
182,AdaGrad,full,random,0.1,0.31836562297103477,0.19316006574293274
182,AdaGrad,full,zero,0.1,0.19422414921774597,2.6429664760340628e-11
182,AdaGrad,full,sparse,0.1,0.19493610689348054,0.001720520618288138
182,AdaGrad,mini-batch,random,0.1,0.3249697944768662,0.20530303696337238
182,AdaGrad,mini-batch,zero,0.1,0.19791178874011808,0.03034508146421129
182,AdaGrad,mini-batch,sparse,0.1,0.20216188321521286,0.02770049608540528
182,AdaGrad,SGD,random,0.1,0.7884690158007354,0.7026406172100852
182,AdaGrad,SGD,zero,0.1,0.20788896086227143,0.07835647092442054
182,AdaGrad,SGD,sparse,0.1,0.5934380303733813,0.4787409028723771
182,RMSProp,full,random,0.1,0.13225152889577632,0.09999999101668869
182,RMSProp,full,zero,0.1,0.27920524669669144,0.09999999101668886
182,RMSProp,full,sparse,0.1,0.13225152889577632,0.09999999101668869
182,RMSProp,mini-batch,random,0.1,0.271766190319942,0.08979573162964359
182,RMSProp,mini-batch,zero,0.1,0.271766190319942,0.08979573162964359
182,RMSProp,mini-batch,sparse,0.1,0.271766190319942,0.08979573162964359
182,RMSProp,SGD,random,0.1,0.28147093765278125,0.1977489394014147
182,RMSProp,SGD,zero,0.1,0.2861689064643426,0.2926370515212555
182,RMSProp,SGD,sparse,0.1,0.15289364688571871,0.26117900565126223
182,Adam,full,random,0.1,0.19422414920853054,2.3551386880256624e-16
182,Adam,full,zero,0.1,0.19422414920853054,2.607399605677454e-16
182,Adam,full,sparse,0.1,0.19422414920853054,2.7088361131887196e-16
182,Adam,mini-batch,random,0.1,0.2506569349083416,0.09366581945631723
182,Adam,mini-batch,zero,0.1,0.2541684425148105,0.11307103584226084
182,Adam,mini-batch,sparse,0.1,0.2534603394024122,0.11271271984230065
182,Adam,SGD,random,0.1,0.1781703972979987,0.1843323285790229
182,Adam,SGD,zero,0.1,0.36770088415852464,0.26436805577760536
182,Adam,SGD,sparse,0.1,0.21058794007426382,0.14748115268551718
183,GD,full,random,0.01,0.5360288535400826,0.384734218425545
183,GD,full,zero,0.01,0.3077645505594637,0.10480870376373343
183,GD,full,sparse,0.01,0.48964305541325037,0.3799911681234696
183,GD,mini-batch,random,0.01,0.5317111644239744,0.3853774576097675
183,GD,mini-batch,zero,0.01,0.307004092371332,0.12151589544278364
183,GD,mini-batch,sparse,0.01,0.4794766541358956,0.3740191425349164
183,GD,SGD,random,0.01,0.596472748374977,0.47504082758556754
183,GD,SGD,zero,0.01,0.334894644149395,0.18417167365050988
183,GD,SGD,sparse,0.01,0.5092666005141927,0.4389269439261408
183,AdaGrad,full,random,0.01,1.9723954978843226,1.9577060112787334
183,AdaGrad,full,zero,0.01,0.6162736408409301,0.44514772352816057
183,AdaGrad,full,sparse,0.01,1.5266462422899165,1.4925427899475183
183,AdaGrad,mini-batch,random,0.01,1.978314614091371,1.9647296104743444
183,AdaGrad,mini-batch,zero,0.01,0.6243770879307926,0.45380983399284136
183,AdaGrad,mini-batch,sparse,0.01,1.6264149395254524,1.5822586774285239
183,AdaGrad,SGD,random,0.01,2.0728343435910546,2.0836489447494992
183,AdaGrad,SGD,zero,0.01,0.754324339846066,0.5444191077680638
183,AdaGrad,SGD,sparse,0.01,1.8680210225736,1.830797504389715
183,RMSProp,full,random,0.01,0.2499097617982878,0.009999990812228623
183,RMSProp,full,zero,0.01,0.2499097617982879,0.009999990812228625
183,RMSProp,full,sparse,0.01,0.2499097617982878,0.009999990812228625
183,RMSProp,mini-batch,random,0.01,0.2248622250735845,0.058988590992227474
183,RMSProp,mini-batch,zero,0.01,0.2248106735587949,0.059140770961475575
183,RMSProp,mini-batch,sparse,0.01,0.2248224857543996,0.05909815014534735
183,RMSProp,SGD,random,0.01,0.46250923388426407,0.379650086651467
183,RMSProp,SGD,zero,0.01,0.21503994096542636,0.16890217487406264
183,RMSProp,SGD,sparse,0.01,0.3573732402833968,0.3506988465504608
183,Adam,full,random,0.01,0.29160416906242975,0.09250754925246794
183,Adam,full,zero,0.01,0.24121570226190453,4.911489195459743e-07
183,Adam,full,sparse,0.01,0.24121548843600726,7.06427511161449e-08
183,Adam,mini-batch,random,0.01,0.28043231484805425,0.10932008509584837
183,Adam,mini-batch,zero,0.01,0.21340795433970083,0.046839103410249217
183,Adam,mini-batch,sparse,0.01,0.21314091442915242,0.04950720022926089
183,Adam,SGD,random,0.01,0.7812797652471097,0.6571816966956838
183,Adam,SGD,zero,0.01,0.35963742751890176,0.18438292945413973
183,Adam,SGD,sparse,0.01,0.5674838125273257,0.48845646167561335
183,GD,full,random,0.1,0.24121567358644566,4.042893415719417e-07
183,GD,full,zero,0.1,0.2412155352224316,1.0290247781588479e-07
183,GD,full,sparse,0.1,0.2412156140179695,2.919062831735196e-07
183,GD,mini-batch,random,0.1,0.21796420249266568,0.06248839926094737
183,GD,mini-batch,zero,0.1,0.21796412606370943,0.062488602153145084
183,GD,mini-batch,sparse,0.1,0.21796416545376762,0.06248849581398896
183,GD,SGD,random,0.1,0.24331414250317482,0.2852814290459758
183,GD,SGD,zero,0.1,0.43030900459672045,0.36942281804887683
183,GD,SGD,sparse,0.1,0.23815165050321344,0.2636229059967736
183,AdaGrad,full,random,0.1,0.35940009273741624,0.1857904619879865
183,AdaGrad,full,zero,0.1,0.24121954748895474,9.169424753958019e-06
183,AdaGrad,full,sparse,0.1,0.24121892609179377,0.00014054304870457537
183,AdaGrad,mini-batch,random,0.1,0.38277492565216836,0.2250712727963858
183,AdaGrad,mini-batch,zero,0.1,0.23303201660258302,0.04436240452889169
183,AdaGrad,mini-batch,sparse,0.1,0.23500071650117016,0.043786675112284
183,AdaGrad,SGD,random,0.1,1.0860963034555602,0.970398138514251
183,AdaGrad,SGD,zero,0.1,0.3949240610933483,0.24320279704124023
183,AdaGrad,SGD,sparse,0.1,0.845072601965507,0.7795539533082931
183,RMSProp,full,random,0.1,0.16274240389203146,0.09999999081222852
183,RMSProp,full,zero,0.1,0.3314886542172572,0.09999999081222863
183,RMSProp,full,sparse,0.1,0.16274240389203157,0.0999999908122285
183,RMSProp,mini-batch,random,0.1,0.3161886920841533,0.1367575439865077
183,RMSProp,mini-batch,zero,0.1,0.3161886920841533,0.1367575439865077
183,RMSProp,mini-batch,sparse,0.1,0.3161886920841533,0.1367575439865077
183,RMSProp,SGD,random,0.1,0.16751957807540996,0.3243035869235932
183,RMSProp,SGD,zero,0.1,0.35719719000384925,0.29842298121792943
183,RMSProp,SGD,sparse,0.1,0.18408405347081877,0.22064090635822037
183,Adam,full,random,0.1,0.24121548620935798,7.797615792697167e-16
183,Adam,full,zero,0.1,0.24121548620935784,5.932514934287177e-16
183,Adam,full,sparse,0.1,0.24121548620935784,5.928618929533325e-16
183,Adam,mini-batch,random,0.1,0.27205298776157233,0.14738276085957933
183,Adam,mini-batch,zero,0.1,0.2890737779282538,0.15915421967823074
183,Adam,mini-batch,sparse,0.1,0.2889823953795437,0.15918544108328178
183,Adam,SGD,random,0.1,0.44229910971449865,0.34117190202580977
183,Adam,SGD,zero,0.1,0.559150970038159,0.5259222170258288
183,Adam,SGD,sparse,0.1,0.35039191554847116,0.3320813880556008
184,GD,full,random,0.01,0.4508899245054399,0.2941699377694654
184,GD,full,zero,0.01,0.29722630551035084,0.1045375070940178
184,GD,full,sparse,0.01,0.5768293297138305,0.3679471496352992
184,GD,mini-batch,random,0.01,0.43605857032210044,0.2842950627477646
184,GD,mini-batch,zero,0.01,0.28208164031088995,0.10304057853167928
184,GD,mini-batch,sparse,0.01,0.5649738066231645,0.3583291752278847
184,GD,SGD,random,0.01,0.5334336258525905,0.3237618663708256
184,GD,SGD,zero,0.01,0.41087326146901726,0.21391892514993152
184,GD,SGD,sparse,0.01,0.6834755068143492,0.459394389412396
184,AdaGrad,full,random,0.01,2.0322933922209776,2.023928229068519
184,AdaGrad,full,zero,0.01,0.6267169998701506,0.5115385896417626
184,AdaGrad,full,sparse,0.01,1.885985750717788,1.708954567883979
184,AdaGrad,mini-batch,random,0.01,2.0364560598515067,2.0292560110376847
184,AdaGrad,mini-batch,zero,0.01,0.6332938053601722,0.5199725856328864
184,AdaGrad,mini-batch,sparse,0.01,1.9700577865060978,1.7921915207142418
184,AdaGrad,SGD,random,0.01,2.138610100361178,2.148172087051545
184,AdaGrad,SGD,zero,0.01,0.7624503115256747,0.6160065624864742
184,AdaGrad,SGD,sparse,0.01,2.1664402255403656,1.9940162372217922
184,RMSProp,full,random,0.01,0.255835256148267,0.009999990911381621
184,RMSProp,full,zero,0.01,0.26928544872833143,0.009999990911381727
184,RMSProp,full,sparse,0.01,0.255835256148267,0.00999999091138163
184,RMSProp,mini-batch,random,0.01,0.24941205811113484,0.048297473464818885
184,RMSProp,mini-batch,zero,0.01,0.24941136386423682,0.048291887127727376
184,RMSProp,mini-batch,sparse,0.01,0.24941448695200302,0.048285138592516395
184,RMSProp,SGD,random,0.01,0.39591162065525803,0.19637042966254145
184,RMSProp,SGD,zero,0.01,0.32256459898127077,0.18244806662234878
184,RMSProp,SGD,sparse,0.01,0.511714450744169,0.29307908685654693
184,Adam,full,random,0.01,0.29839037513100686,0.07584348545119267
184,Adam,full,zero,0.01,0.26245603328024497,2.6832111577682754e-08
184,Adam,full,sparse,0.01,0.26245871706809426,4.196497319402214e-06
184,Adam,mini-batch,random,0.01,0.2774427965027468,0.07518072463356218
184,Adam,mini-batch,zero,0.01,0.24107032287049454,0.04038313012426437
184,Adam,mini-batch,sparse,0.01,0.241763287822113,0.037577847734968216
184,Adam,SGD,random,0.01,0.6506270388733464,0.47676090614363914
184,Adam,SGD,zero,0.01,0.4298090211956188,0.22755183693129674
184,Adam,SGD,sparse,0.01,0.629355354621005,0.4032633072197459
184,GD,full,random,0.1,0.26245603131493445,3.7402582128109213e-08
184,GD,full,zero,0.1,0.26245602390361905,3.79659060932286e-08
184,GD,full,sparse,0.1,0.26245606435464913,7.475531666594836e-08
184,GD,mini-batch,random,0.1,0.26828054179142496,0.06118680151185015
184,GD,mini-batch,zero,0.1,0.2682805474009779,0.0611868655001031
184,GD,mini-batch,sparse,0.1,0.26828056447375936,0.06118674813678174
184,GD,SGD,random,0.1,0.7423333951208623,0.5406955207415001
184,GD,SGD,zero,0.1,0.5953820639412669,0.47421864788894064
184,GD,SGD,sparse,0.1,0.7217511756069583,0.5129185711189128
184,AdaGrad,full,random,0.1,0.35934522739313746,0.16893930374779295
184,AdaGrad,full,zero,0.1,0.2624566322922025,2.099207346948423e-06
184,AdaGrad,full,sparse,0.1,0.26310230395457573,0.001009568105898806
184,AdaGrad,mini-batch,random,0.1,0.3764531600517976,0.20326703137571814
184,AdaGrad,mini-batch,zero,0.1,0.24130921250566445,0.0292643284606119
184,AdaGrad,mini-batch,sparse,0.1,0.2545963000763464,0.011179883497495909
184,AdaGrad,SGD,random,0.1,1.010198688513166,0.8777592420119573
184,AdaGrad,SGD,zero,0.1,0.4539760014669489,0.2866038248838161
184,AdaGrad,SGD,sparse,0.1,0.9373388456992909,0.729490033431763
184,RMSProp,full,random,0.1,0.20873011809215167,0.09999999091138177
184,RMSProp,full,zero,0.1,0.33793204304209146,0.09999999091138152
184,RMSProp,full,sparse,0.1,0.20873011809215164,0.09999999091138156
184,RMSProp,mini-batch,random,0.1,0.4076765601598834,0.21267950844746839
184,RMSProp,mini-batch,zero,0.1,0.4076765601598834,0.21267950844746836
184,RMSProp,mini-batch,sparse,0.1,0.4076765601598834,0.21267950844746839
184,RMSProp,SGD,random,0.1,0.5617811958593685,0.37692407114976384
184,RMSProp,SGD,zero,0.1,0.4140740189458152,0.34662120716816536
184,RMSProp,SGD,sparse,0.1,0.5493081086927183,0.3482542629190085
184,Adam,full,random,0.1,0.26245602636328696,4.1563916563713656e-16
184,Adam,full,zero,0.1,0.262456026363287,4.503336797797561e-16
184,Adam,full,sparse,0.1,0.262456026363287,4.3633726870945906e-16
184,Adam,mini-batch,random,0.1,0.2936512654059639,0.1693957537585327
184,Adam,mini-batch,zero,0.1,0.2903173448465116,0.2049032788841628
184,Adam,mini-batch,sparse,0.1,0.2895010974165287,0.2046169759636655
184,Adam,SGD,random,0.1,0.7486099961225146,0.5882943830565336
184,Adam,SGD,zero,0.1,0.6915761552865507,0.5460370312378041
184,Adam,SGD,sparse,0.1,0.8576046039233443,0.6480241454704865
185,GD,full,random,0.01,0.14438549950589827,0.18804833253705133
185,GD,full,zero,0.01,0.2633052447882808,0.11219786050296693
185,GD,full,sparse,0.01,0.2584932061091562,0.24990266118409366
185,GD,mini-batch,random,0.01,0.14321200811885196,0.18034215549895735
185,GD,mini-batch,zero,0.01,0.2715504470725695,0.11951575465303026
185,GD,mini-batch,sparse,0.01,0.25453658466230755,0.23947705044628398
185,GD,SGD,random,0.01,0.18434032199324712,0.22518046426577867
185,GD,SGD,zero,0.01,0.2826622395736261,0.12950251308969973
185,GD,SGD,sparse,0.01,0.26034936240628187,0.2710487520043344
185,AdaGrad,full,random,0.01,1.2460451059162043,1.425766348913912
185,AdaGrad,full,zero,0.01,0.6052313221836,0.4837566745670262
185,AdaGrad,full,sparse,0.01,1.0730032227892712,1.1314345689727787
185,AdaGrad,mini-batch,random,0.01,1.25438967340866,1.434221744873945
185,AdaGrad,mini-batch,zero,0.01,0.6264039449663458,0.5037479315238907
185,AdaGrad,mini-batch,sparse,0.01,1.0965319885486966,1.1546648540804565
185,AdaGrad,SGD,random,0.01,1.4410549276063103,1.6191420228157158
185,AdaGrad,SGD,zero,0.01,0.7392458580142522,0.603309838559889
185,AdaGrad,SGD,sparse,0.01,1.2088083550094881,1.2771928926293097
185,RMSProp,full,random,0.01,0.1799729513898396,0.009999990491397829
185,RMSProp,full,zero,0.01,0.17997295138983968,0.009999990491397827
185,RMSProp,full,sparse,0.01,0.1799729513898396,0.009999990491397838
185,RMSProp,mini-batch,random,0.01,0.18986976931958652,0.0363601032243584
185,RMSProp,mini-batch,zero,0.01,0.18987041555694845,0.03636044087687299
185,RMSProp,mini-batch,sparse,0.01,0.18987016932701647,0.036359859323917436
185,RMSProp,SGD,random,0.01,0.10857979094086402,0.11429085328528867
185,RMSProp,SGD,zero,0.01,0.14999154566876943,0.07880199248145388
185,RMSProp,SGD,sparse,0.01,0.12326112378520813,0.12743110744386513
185,Adam,full,random,0.01,0.15175553648275286,0.05583989437805492
185,Adam,full,zero,0.01,0.18650800225940145,6.156511665187305e-13
185,Adam,full,sparse,0.01,0.18650797193166302,7.509691123188661e-08
185,Adam,mini-batch,random,0.01,0.15975352291376416,0.05378649334150449
185,Adam,mini-batch,zero,0.01,0.19329898110790014,0.03632294501044329
185,Adam,mini-batch,sparse,0.01,0.19487841782429255,0.03591790101906553
185,Adam,SGD,random,0.01,0.21842944584304538,0.28203879463336423
185,Adam,SGD,zero,0.01,0.2304412089254242,0.09567322726843915
185,Adam,SGD,sparse,0.01,0.20031826664139404,0.15283254270185714
185,GD,full,random,0.1,0.1865079467052095,1.0099124712979541e-07
185,GD,full,zero,0.1,0.18650800955193728,2.5639010267318915e-08
185,GD,full,sparse,0.1,0.1865080132207577,9.04287078100157e-08
185,GD,mini-batch,random,0.1,0.18811650122421814,0.03651993449979313
185,GD,mini-batch,zero,0.1,0.18811658252670457,0.03651996146975522
185,GD,mini-batch,sparse,0.1,0.1881165654348057,0.036519916682465896
185,GD,SGD,random,0.1,0.2933588031783168,0.1958158070684122
185,GD,SGD,zero,0.1,0.3908665071453797,0.24615819636015712
185,GD,SGD,sparse,0.1,0.25373338971464343,0.1601350110365368
185,AdaGrad,full,random,0.1,0.13157455754165645,0.11066527383266084
185,AdaGrad,full,zero,0.1,0.18650801451837176,3.890110286122833e-08
185,AdaGrad,full,sparse,0.1,0.18649411410260516,3.362723050468561e-05
185,AdaGrad,mini-batch,random,0.1,0.13125522094759573,0.11466144976950987
185,AdaGrad,mini-batch,zero,0.1,0.19808073529791695,0.02232318669804638
185,AdaGrad,mini-batch,sparse,0.1,0.1964610425645903,0.01858807134738567
185,AdaGrad,SGD,random,0.1,0.35366917804613185,0.45641880522239536
185,AdaGrad,SGD,zero,0.1,0.2943455029023508,0.15199911807389477
185,AdaGrad,SGD,sparse,0.1,0.2806860415009169,0.2987122689125495
185,RMSProp,full,random,0.1,0.26407379503251527,0.09999999049139753
185,RMSProp,full,zero,0.1,0.26407379503251527,0.09999999049139753
185,RMSProp,full,sparse,0.1,0.14083854865551082,0.09999999049139781
185,RMSProp,mini-batch,random,0.1,0.2084250255075702,0.09179808889558523
185,RMSProp,mini-batch,zero,0.1,0.2084250255075702,0.09179808889558523
185,RMSProp,mini-batch,sparse,0.1,0.2084250255075702,0.09179808889558523
185,RMSProp,SGD,random,0.1,0.27336275324865544,0.15168519687912288
185,RMSProp,SGD,zero,0.1,0.41336412374377596,0.28371944614096406
185,RMSProp,SGD,sparse,0.1,0.30232232028360023,0.2872718932344032
185,Adam,full,random,0.1,0.1865080022595628,3.3691198283293344e-16
185,Adam,full,zero,0.1,0.1865080022595629,3.6761636184626905e-16
185,Adam,full,sparse,0.1,0.1865080022595629,3.6720555898269825e-16
185,Adam,mini-batch,random,0.1,0.17329825298797394,0.09121233741897877
185,Adam,mini-batch,zero,0.1,0.20148837357215169,0.11783440185521812
185,Adam,mini-batch,sparse,0.1,0.2009004410437647,0.11732583850586323
185,Adam,SGD,random,0.1,0.4289284987904521,0.27027527137669716
185,Adam,SGD,zero,0.1,0.4702473344026884,0.28981084757688647
185,Adam,SGD,sparse,0.1,0.3945988559005132,0.2817865081478989
186,GD,full,random,0.01,0.5000480635670662,0.3118673289016809
186,GD,full,zero,0.01,0.3336707003704596,0.0599728136845039
186,GD,full,sparse,0.01,0.5271598966559891,0.38480669126734107
186,GD,mini-batch,random,0.01,0.4812514354141038,0.2960695451946204
186,GD,mini-batch,zero,0.01,0.3203835253486757,0.048103182766053514
186,GD,mini-batch,sparse,0.01,0.5083369942557546,0.3677639781372131
186,GD,SGD,random,0.01,0.44880834339249676,0.325828764008114
186,GD,SGD,zero,0.01,0.26128213915122406,0.12299651880023377
186,GD,SGD,sparse,0.01,0.5096953944099388,0.42919885058623364
186,AdaGrad,full,random,0.01,1.744911018122875,1.7227428085519008
186,AdaGrad,full,zero,0.01,0.6758725725355768,0.4195844644165131
186,AdaGrad,full,sparse,0.01,1.3665744308645225,1.3070514302963563
186,AdaGrad,mini-batch,random,0.01,1.7429797933695237,1.724722792484023
186,AdaGrad,mini-batch,zero,0.01,0.6830907655570113,0.4232234842026812
186,AdaGrad,mini-batch,sparse,0.01,1.5673395302095174,1.5033568337209657
186,AdaGrad,SGD,random,0.01,1.818130233397605,1.8473814231848753
186,AdaGrad,SGD,zero,0.01,0.97950502567758,0.6909133791621943
186,AdaGrad,SGD,sparse,0.01,2.0420662459641927,1.9766422788463693
186,RMSProp,full,random,0.01,0.3140449715464128,0.009999990778513573
186,RMSProp,full,zero,0.01,0.3325317511347665,0.009999990778516462
186,RMSProp,full,sparse,0.01,0.31404497154641287,0.009999990778513546
186,RMSProp,mini-batch,random,0.01,0.33169946342919754,0.08265920042902548
186,RMSProp,mini-batch,zero,0.01,0.3312870233156082,0.08264886845880963
186,RMSProp,mini-batch,sparse,0.01,0.3313297141571048,0.08229267021379447
186,RMSProp,SGD,random,0.01,0.5705503758543277,0.49684483811946145
186,RMSProp,SGD,zero,0.01,0.20735151149922973,0.21392939150426626
186,RMSProp,SGD,sparse,0.01,0.6436259792873033,0.6042868210237508
186,Adam,full,random,0.01,0.3254904620369657,0.012827766638060711
186,Adam,full,zero,0.01,0.32327430045785815,0.0003158688138608675
186,Adam,full,sparse,0.01,0.3232658426398103,6.248930927521809e-13
186,Adam,mini-batch,random,0.01,0.2978503590898534,0.08482162274522172
186,Adam,mini-batch,zero,0.01,0.29187430466265774,0.09013917522276423
186,Adam,mini-batch,sparse,0.01,0.29587735415749905,0.09360518284903929
186,Adam,SGD,random,0.01,0.7289275842315868,0.6018121961564354
186,Adam,SGD,zero,0.01,0.3281182988347377,0.13065589678422512
186,Adam,SGD,sparse,0.01,0.7307394114768959,0.6543652991338469
186,GD,full,random,0.1,0.3232658606989227,7.073018303728691e-08
186,GD,full,zero,0.1,0.3232658445985239,1.5600799566144574e-08
186,GD,full,sparse,0.1,0.32326585002447983,7.401764848561634e-08
186,GD,mini-batch,random,0.1,0.3347824809494427,0.0739590120173808
186,GD,mini-batch,zero,0.1,0.3347824695114245,0.07395901601499891
186,GD,mini-batch,sparse,0.1,0.3347824750285805,0.07395901067639274
186,GD,SGD,random,0.1,0.3547328122055598,0.49710156382464155
186,GD,SGD,zero,0.1,0.2416936622353132,0.45860149143300377
186,GD,SGD,sparse,0.1,0.42110915470433163,0.45229340087219033
186,AdaGrad,full,random,0.1,0.33163515535697285,0.03901498737782383
186,AdaGrad,full,zero,0.1,0.3232960605754771,0.001115393602705388
186,AdaGrad,full,sparse,0.1,0.32326608890300845,3.8830680324433855e-06
186,AdaGrad,mini-batch,random,0.1,0.35370495135061836,0.10802075962431346
186,AdaGrad,mini-batch,zero,0.1,0.314767442230182,0.05279214890716584
186,AdaGrad,mini-batch,sparse,0.1,0.3178155141800093,0.05514151461195527
186,AdaGrad,SGD,random,0.1,1.076020969542873,0.9416754313002913
186,AdaGrad,SGD,zero,0.1,0.4132622822834126,0.21458149854759137
186,AdaGrad,SGD,sparse,0.1,1.0499908929974868,0.9637059140843012
186,RMSProp,full,random,0.1,0.23395543748312586,0.0999999907785136
186,RMSProp,full,zero,0.1,0.41745234412886756,0.09999999077851657
186,RMSProp,full,sparse,0.1,0.41745234412886756,0.09999999077851657
186,RMSProp,mini-batch,random,0.1,0.35261957223135276,0.11755763214128412
186,RMSProp,mini-batch,zero,0.1,0.35261957223135276,0.11755763214128412
186,RMSProp,mini-batch,sparse,0.1,0.35261957223135276,0.11755763214128412
186,RMSProp,SGD,random,0.1,0.30015492602352534,0.42102117137312806
186,RMSProp,SGD,zero,0.1,0.09857966683278516,0.31906630965885785
186,RMSProp,SGD,sparse,0.1,0.382658596304043,0.2912261554979615
186,Adam,full,random,0.1,0.32326584263976976,1.6088660122137097e-15
186,Adam,full,zero,0.1,0.3232658426397697,1.6212677718685768e-15
186,Adam,full,sparse,0.1,0.32326584263976976,1.617461973727859e-15
186,Adam,mini-batch,random,0.1,0.5014728097705209,0.22312082440900788
186,Adam,mini-batch,zero,0.1,0.5040820342721876,0.22595643851810265
186,Adam,mini-batch,sparse,0.1,0.5056172828065102,0.22805977379020925
186,Adam,SGD,random,0.1,0.31925028859701443,0.4330869555418448
186,Adam,SGD,zero,0.1,0.3066507294811471,0.5675447894419967
186,Adam,SGD,sparse,0.1,0.3972983660829752,0.4239698960830561
187,GD,full,random,0.01,0.48493578579913393,0.3874532588714374
187,GD,full,zero,0.01,0.24413852011111511,0.1265340747779501
187,GD,full,sparse,0.01,0.5330322420822482,0.4342001134837595
187,GD,mini-batch,random,0.01,0.470462406047306,0.37337112558012403
187,GD,mini-batch,zero,0.01,0.23689144824465175,0.1202140616872295
187,GD,mini-batch,sparse,0.01,0.5296643730444065,0.43252373667879823
187,GD,SGD,random,0.01,0.6010577100254044,0.510838023007481
187,GD,SGD,zero,0.01,0.3538279153705676,0.2471384671675177
187,GD,SGD,sparse,0.01,0.641662616992262,0.5526731175462565
187,AdaGrad,full,random,0.01,2.256451831559577,2.248051028215506
187,AdaGrad,full,zero,0.01,0.6042898443640499,0.5221384115542564
187,AdaGrad,full,sparse,0.01,2.033444362543298,1.9558580522251874
187,AdaGrad,mini-batch,random,0.01,2.2622714126552466,2.2547723676627176
187,AdaGrad,mini-batch,zero,0.01,0.6099809682772218,0.5267798599492463
187,AdaGrad,mini-batch,sparse,0.01,2.0871591936794216,2.0084005980738495
187,AdaGrad,SGD,random,0.01,2.3401125556745894,2.343439198220894
187,AdaGrad,SGD,zero,0.01,0.7363896120168923,0.6365658152963395
187,AdaGrad,SGD,sparse,0.01,2.2642131409874535,2.1894246884142956
187,RMSProp,full,random,0.01,0.18220205822543528,0.009999990474430273
187,RMSProp,full,zero,0.01,0.18220205822543528,0.009999990474430273
187,RMSProp,full,sparse,0.01,0.1657097195521072,0.009999990474430911
187,RMSProp,mini-batch,random,0.01,0.18544523044560798,0.061355573609234715
187,RMSProp,mini-batch,zero,0.01,0.18544835988098407,0.0613658451092205
187,RMSProp,mini-batch,sparse,0.01,0.18544808138594907,0.061363946689083404
187,RMSProp,SGD,random,0.01,0.39444283421282117,0.31604721955607984
187,RMSProp,SGD,zero,0.01,0.1790938055973853,0.09347017402064192
187,RMSProp,SGD,sparse,0.01,0.33836104652977717,0.28091392567792534
187,Adam,full,random,0.01,0.24524223145284432,0.10995891950034875
187,Adam,full,zero,0.01,0.17386388579393186,7.163305385028099e-10
187,Adam,full,sparse,0.01,0.17387923071764658,3.9076534686810964e-05
187,Adam,mini-batch,random,0.01,0.25011274313397497,0.12792296440725365
187,Adam,mini-batch,zero,0.01,0.15734706982801153,0.06119705304597645
187,Adam,mini-batch,sparse,0.01,0.15392967641624167,0.05926231478637051
187,Adam,SGD,random,0.01,0.7209513695274596,0.6277183241120878
187,Adam,SGD,zero,0.01,0.3389931269994369,0.23139315370837168
187,Adam,SGD,sparse,0.01,0.5388791365962378,0.4491750125973301
187,GD,full,random,0.1,0.17386391057899855,1.7773888061188502e-07
187,GD,full,zero,0.1,0.1738638904530575,7.079391956177372e-08
187,GD,full,sparse,0.1,0.17386391394802417,1.5708055890033322e-07
187,GD,mini-batch,random,0.1,0.18622643117348497,0.05149682401370482
187,GD,mini-batch,zero,0.1,0.18622643422071117,0.05149688668900504
187,GD,mini-batch,sparse,0.1,0.1862264517133925,0.051496874597579116
187,GD,SGD,random,0.1,0.38094387493782605,0.30875906995463626
187,GD,SGD,zero,0.1,0.45777729129731726,0.38030837255608785
187,GD,SGD,sparse,0.1,0.3748325602855877,0.37088568165102115
187,AdaGrad,full,random,0.1,0.350264804810276,0.23425537843505367
187,AdaGrad,full,zero,0.1,0.1738639061425168,4.2523992912443896e-07
187,AdaGrad,full,sparse,0.1,0.17526484019589017,0.0035113871781710005
187,AdaGrad,mini-batch,random,0.1,0.37980374465906785,0.27013892991002825
187,AdaGrad,mini-batch,zero,0.1,0.16875864070751026,0.023308658935397058
187,AdaGrad,mini-batch,sparse,0.1,0.17577398627453314,0.029096091808290803
187,AdaGrad,SGD,random,0.1,0.958560865682206,0.8667124473746909
187,AdaGrad,SGD,zero,0.1,0.3359634928540693,0.2306840324129707
187,AdaGrad,SGD,sparse,0.1,0.8515880452192338,0.7603621009809597
187,RMSProp,full,random,0.1,0.10742080803639997,0.09999999047443073
187,RMSProp,full,zero,0.1,0.262522509029654,0.09999999047443021
187,RMSProp,full,sparse,0.1,0.10742080803639993,0.09999999047443119
187,RMSProp,mini-batch,random,0.1,0.32835796880223134,0.17437209569972778
187,RMSProp,mini-batch,zero,0.1,0.32835796880223134,0.17437209569972778
187,RMSProp,mini-batch,sparse,0.1,0.32835796880223134,0.17437209569972778
187,RMSProp,SGD,random,0.1,0.4352415193872674,0.3671785159467988
187,RMSProp,SGD,zero,0.1,0.34654988235413653,0.31637997639074356
187,RMSProp,SGD,sparse,0.1,0.36034147150771767,0.44343805124890395
187,Adam,full,random,0.1,0.1738638857794303,8.843279318106997e-16
187,Adam,full,zero,0.1,0.17386388577943018,7.364713304590039e-16
187,Adam,full,sparse,0.1,0.17386388577943018,7.240782336021111e-16
187,Adam,mini-batch,random,0.1,0.2016200495538631,0.04750381353412754
187,Adam,mini-batch,zero,0.1,0.12804665741042145,0.09527389447432039
187,Adam,mini-batch,sparse,0.1,0.1285153961429638,0.09463928859219499
187,Adam,SGD,random,0.1,0.5310554805337429,0.4942367672385035
187,Adam,SGD,zero,0.1,0.5334040649014323,0.5191434546234492
187,Adam,SGD,sparse,0.1,0.5563349346456291,0.5055424745905054
188,GD,full,random,0.01,0.4463216916527423,0.2714633616691137
188,GD,full,zero,0.01,0.29510656268641694,0.02538389356535482
188,GD,full,sparse,0.01,0.5643072382388007,0.3955035154373012
188,GD,mini-batch,random,0.01,0.45886270887488284,0.2895580795941446
188,GD,mini-batch,zero,0.01,0.29884206007738795,0.03264908174206849
188,GD,mini-batch,sparse,0.01,0.5699829559209608,0.4039158338750709
188,GD,SGD,random,0.01,0.4777685160928065,0.30189648887006754
188,GD,SGD,zero,0.01,0.33785298635010325,0.10139777596078249
188,GD,SGD,sparse,0.01,0.5540152349110248,0.36443164057753646
188,AdaGrad,full,random,0.01,1.577841522876982,1.593041505985968
188,AdaGrad,full,zero,0.01,0.42435355438926153,0.15536352774047194
188,AdaGrad,full,sparse,0.01,1.5251736852371514,1.4122727463730778
188,AdaGrad,mini-batch,random,0.01,1.5869221210007756,1.6042378249519045
188,AdaGrad,mini-batch,zero,0.01,0.4355306712733932,0.16581607494708345
188,AdaGrad,mini-batch,sparse,0.01,1.647923723225667,1.5255241507149464
188,AdaGrad,SGD,random,0.01,1.711984771471872,1.7614582147157902
188,AdaGrad,SGD,zero,0.01,0.6542815136256007,0.3796620172562912
188,AdaGrad,SGD,sparse,0.01,1.9581967569218828,1.8399674423460535
188,RMSProp,full,random,0.01,0.29217828281917163,0.009999990818053335
188,RMSProp,full,zero,0.01,0.2921782828191716,0.009999990818053308
188,RMSProp,full,sparse,0.01,0.2751071422159679,0.009999990818053474
188,RMSProp,mini-batch,random,0.01,0.2926555634085497,0.07710517654836391
188,RMSProp,mini-batch,zero,0.01,0.2925195399472894,0.07688101974371747
188,RMSProp,mini-batch,sparse,0.01,0.2925514036445647,0.07677672391303854
188,RMSProp,SGD,random,0.01,0.4072180619838504,0.28779130728202157
188,RMSProp,SGD,zero,0.01,0.22182554658771267,0.11884916650886877
188,RMSProp,SGD,sparse,0.01,0.4104347299745814,0.2435858994803295
188,Adam,full,random,0.01,0.30156474158416824,0.043831145461930246
188,Adam,full,zero,0.01,0.283595645277124,2.4303695910786334e-06
188,Adam,full,sparse,0.01,0.2835948606710776,2.7374803630296965e-09
188,Adam,mini-batch,random,0.01,0.31850353199135034,0.10503707104129431
188,Adam,mini-batch,zero,0.01,0.27803879511761054,0.0759745287073395
188,Adam,mini-batch,sparse,0.01,0.2773754553029797,0.08066208410936769
188,Adam,SGD,random,0.01,0.6915787250856685,0.5484192057557523
188,Adam,SGD,zero,0.01,0.3183343358771533,0.08857825252358328
188,Adam,SGD,sparse,0.01,0.6768751315303467,0.504636699650133
188,GD,full,random,0.1,0.2835948797936303,1.0059444142324792e-07
188,GD,full,zero,0.1,0.2835948626571679,1.3235943342839181e-08
188,GD,full,sparse,0.1,0.283594900686839,2.504744541380899e-07
188,GD,mini-batch,random,0.1,0.3226724886692079,0.08549139828065658
188,GD,mini-batch,zero,0.1,0.3226724715736818,0.08549137468346986
188,GD,mini-batch,sparse,0.1,0.32267246722201937,0.08549127573819544
188,GD,SGD,random,0.1,0.2796511839881474,0.21781363031589418
188,GD,SGD,zero,0.1,0.46861856518243883,0.3011187949943726
188,GD,SGD,sparse,0.1,0.31367061857358863,0.3180668143091812
188,AdaGrad,full,random,0.1,0.330328610912232,0.09848360433251743
188,AdaGrad,full,zero,0.1,0.2836015424517756,1.785108054255341e-05
188,AdaGrad,full,sparse,0.1,0.28361045942869156,4.9406526809314516e-05
188,AdaGrad,mini-batch,random,0.1,0.38634417463567033,0.18934860352446556
188,AdaGrad,mini-batch,zero,0.1,0.2905093761387139,0.03429942042823698
188,AdaGrad,mini-batch,sparse,0.1,0.29762696736731026,0.04566880069611672
188,AdaGrad,SGD,random,0.1,0.976190963626478,0.8469647231202387
188,AdaGrad,SGD,zero,0.1,0.33671346150947906,0.12619193779585092
188,AdaGrad,SGD,sparse,0.1,0.9889207866406343,0.8354399942757187
188,RMSProp,full,random,0.1,0.20495110778841216,0.09999999081805344
188,RMSProp,full,zero,0.1,0.3726219649459737,0.09999999081805319
188,RMSProp,full,sparse,0.1,0.20495110778841208,0.0999999908180535
188,RMSProp,mini-batch,random,0.1,0.35408423307295933,0.13059925814943232
188,RMSProp,mini-batch,zero,0.1,0.35408423307295933,0.13059925814943232
188,RMSProp,mini-batch,sparse,0.1,0.35408423307295933,0.13059925814943232
188,RMSProp,SGD,random,0.1,0.23305979015351797,0.24816006546351624
188,RMSProp,SGD,zero,0.1,0.41968704932853196,0.3039903190251757
188,RMSProp,SGD,sparse,0.1,0.2860181226087384,0.3521898284308252
188,Adam,full,random,0.1,0.2835948598059161,5.087681048627601e-16
188,Adam,full,zero,0.1,0.283594859805916,5.926969055564841e-16
188,Adam,full,sparse,0.1,0.283594859805916,4.902612130890298e-16
188,Adam,mini-batch,random,0.1,0.357497701353066,0.11689706498755965
188,Adam,mini-batch,zero,0.1,0.3786637786687864,0.12891967740383153
188,Adam,mini-batch,sparse,0.1,0.3809415085940752,0.13046514727241165
188,Adam,SGD,random,0.1,0.4234491760764311,0.21458698199507034
188,Adam,SGD,zero,0.1,0.3999962962033513,0.2641530402535527
188,Adam,SGD,sparse,0.1,0.3682896584665632,0.1353044898067205
189,GD,full,random,0.01,0.3474778480482923,0.250964693919591
189,GD,full,zero,0.01,0.2682467241350713,0.08929378825380427
189,GD,full,sparse,0.01,0.45059231493918783,0.38936940972732104
189,GD,mini-batch,random,0.01,0.3535140734205094,0.2703771093899981
189,GD,mini-batch,zero,0.01,0.2572278167438594,0.09687458463115829
189,GD,mini-batch,sparse,0.01,0.4707862447528361,0.41859203285388524
189,GD,SGD,random,0.01,0.2308067395833389,0.20435874402764242
189,GD,SGD,zero,0.01,0.2051553577195891,0.12376412125397199
189,GD,SGD,sparse,0.01,0.3974161570263639,0.3686467574509346
189,AdaGrad,full,random,0.01,1.5692510584238744,1.6564871836255064
189,AdaGrad,full,zero,0.01,0.533340634460245,0.40683797127071347
189,AdaGrad,full,sparse,0.01,1.7308446986041623,1.731933884374498
189,AdaGrad,mini-batch,random,0.01,1.5732552171051668,1.6605178026288707
189,AdaGrad,mini-batch,zero,0.01,0.5373521743518493,0.4116958127387365
189,AdaGrad,mini-batch,sparse,0.01,1.7992308675701838,1.7939451533207533
189,AdaGrad,SGD,random,0.01,1.718307021216028,1.8246152141289724
189,AdaGrad,SGD,zero,0.01,0.670788443563126,0.5096558671267851
189,AdaGrad,SGD,sparse,0.01,2.0102948154012386,2.0152019899351195
189,RMSProp,full,random,0.01,0.2174397851703055,0.00999999077281752
189,RMSProp,full,zero,0.01,0.2340648600606804,0.0099999907728171
189,RMSProp,full,sparse,0.01,0.2174397851703055,0.00999999077281754
189,RMSProp,mini-batch,random,0.01,0.21768219202388236,0.05694383667307362
189,RMSProp,mini-batch,zero,0.01,0.21767330269984883,0.05693849561418474
189,RMSProp,mini-batch,sparse,0.01,0.21767857715855973,0.05694993657678383
189,RMSProp,SGD,random,0.01,0.1447822874597097,0.19863602599244803
189,RMSProp,SGD,zero,0.01,0.09755792344405001,0.1672379758084712
189,RMSProp,SGD,sparse,0.01,0.1867747386411284,0.19877271587003661
189,Adam,full,random,0.01,0.24258934971317692,0.08399945455729092
189,Adam,full,zero,0.01,0.2256838709926971,2.5871219262714735e-10
189,Adam,full,sparse,0.01,0.22568335072727022,4.6280440272671425e-06
189,Adam,mini-batch,random,0.01,0.2497055278407913,0.13263857374453214
189,Adam,mini-batch,zero,0.01,0.2332994974487227,0.06541148172935896
189,Adam,mini-batch,sparse,0.01,0.23210634202318464,0.06722825917143836
189,Adam,SGD,random,0.01,0.38161112442724315,0.35807769620245256
189,Adam,SGD,zero,0.01,0.16729317969087076,0.1308534500752001
189,Adam,SGD,sparse,0.01,0.3958796171796583,0.38594329185023385
189,GD,full,random,0.1,0.2256838803263894,7.518544019067698e-08
189,GD,full,zero,0.1,0.2256838747513035,2.5056856977830145e-08
189,GD,full,sparse,0.1,0.22568387529791029,7.803025490283434e-08
189,GD,mini-batch,random,0.1,0.216026565880915,0.05424081754649972
189,GD,mini-batch,zero,0.1,0.21602655694306486,0.05424081032951124
189,GD,mini-batch,sparse,0.1,0.21602657131532324,0.05424085507124291
189,GD,SGD,random,0.1,0.34611200836582284,0.2989998392519738
189,GD,SGD,zero,0.1,0.3905205838175866,0.28224199886890605
189,GD,SGD,sparse,0.1,0.6082211313489315,0.4873300646637768
189,AdaGrad,full,random,0.1,0.2856128598141695,0.1715113553418833
189,AdaGrad,full,zero,0.1,0.22568390295472757,1.1503121302157721e-07
189,AdaGrad,full,sparse,0.1,0.22556713513718055,0.0010344240656316244
189,AdaGrad,mini-batch,random,0.1,0.30298270354691337,0.21035714842211298
189,AdaGrad,mini-batch,zero,0.1,0.21700839032514518,0.04895276265617599
189,AdaGrad,mini-batch,sparse,0.1,0.21906281951159867,0.06021413615039552
189,AdaGrad,SGD,random,0.1,0.665911634246843,0.6376127355589117
189,AdaGrad,SGD,zero,0.1,0.31058058793487536,0.20070861732232678
189,AdaGrad,SGD,sparse,0.1,0.9319942871328268,0.9176757886801323
189,RMSProp,full,random,0.1,0.1529760892189585,0.09999999077281752
189,RMSProp,full,zero,0.1,0.31379090441824753,0.09999999077281688
189,RMSProp,full,sparse,0.1,0.1529760892189586,0.09999999077281738
189,RMSProp,mini-batch,random,0.1,0.20176637417156534,0.06473063801634057
189,RMSProp,mini-batch,zero,0.1,0.20176637417156534,0.06473063801634057
189,RMSProp,mini-batch,sparse,0.1,0.20176637417156534,0.06473063801634057
189,RMSProp,SGD,random,0.1,0.14922260321287947,0.19161158511198056
189,RMSProp,SGD,zero,0.1,0.17087371556744319,0.1552029928709957
189,RMSProp,SGD,sparse,0.1,0.39448831333658296,0.2548675808392902
189,Adam,full,random,0.1,0.2256838710001467,3.2526542798255392e-15
189,Adam,full,zero,0.1,0.22568387100014656,3.0634725437001327e-15
189,Adam,full,sparse,0.1,0.22568387100014656,3.072651329411152e-15
189,Adam,mini-batch,random,0.1,0.18836632281774274,0.08597710067647045
189,Adam,mini-batch,zero,0.1,0.18804510296826715,0.10307854904710642
189,Adam,mini-batch,sparse,0.1,0.18825856548629732,0.10330506194037331
189,Adam,SGD,random,0.1,0.4058776263134425,0.28637198959260235
189,Adam,SGD,zero,0.1,0.4351422093042019,0.27152410998238885
189,Adam,SGD,sparse,0.1,0.5455012485412551,0.3687431629441723
190,GD,full,random,0.01,0.4292461469140097,0.3695626607356436
190,GD,full,zero,0.01,0.2604229539886696,0.08924937707982987
190,GD,full,sparse,0.01,0.5172818669105436,0.4550648896062112
190,GD,mini-batch,random,0.01,0.4291108528996998,0.361109534169634
190,GD,mini-batch,zero,0.01,0.268715891427852,0.08525122372807244
190,GD,mini-batch,sparse,0.01,0.5199066392289238,0.4500722966707364
190,GD,SGD,random,0.01,0.35514761198173495,0.35566575388652905
190,GD,SGD,zero,0.01,0.10144345486871993,0.19840024552276084
190,GD,SGD,sparse,0.01,0.4634717944446792,0.46429287097557825
190,AdaGrad,full,random,0.01,1.7747461861132316,1.8330509001366886
190,AdaGrad,full,zero,0.01,0.6854730075213961,0.5274041106408803
190,AdaGrad,full,sparse,0.01,1.6230905659452273,1.6096796273553213
190,AdaGrad,mini-batch,random,0.01,1.7754647447444165,1.835105123169882
190,AdaGrad,mini-batch,zero,0.01,0.6939845768325166,0.5337375148033855
190,AdaGrad,mini-batch,sparse,0.01,1.7648601630927678,1.7448200307859054
190,AdaGrad,SGD,random,0.01,1.8420400410291,1.9321463282745315
190,AdaGrad,SGD,zero,0.01,0.8881857302008045,0.6936350722130145
190,AdaGrad,SGD,sparse,0.01,2.243415640858752,2.2266602538006297
190,RMSProp,full,random,0.01,0.2303204313147634,0.00999999058164179
190,RMSProp,full,zero,0.01,0.24990831064387584,0.009999990581640916
190,RMSProp,full,sparse,0.01,0.24990831064387595,0.009999990581641027
190,RMSProp,mini-batch,random,0.01,0.24546956478500173,0.03670415728142786
190,RMSProp,mini-batch,zero,0.01,0.24557177841403333,0.036997439221876476
190,RMSProp,mini-batch,sparse,0.01,0.24556068925591848,0.03701745517661101
190,RMSProp,SGD,random,0.01,0.219503167434572,0.22181813982199378
190,RMSProp,SGD,zero,0.01,0.05383019309086413,0.21491795144063383
190,RMSProp,SGD,sparse,0.01,0.26213771941720765,0.27700008314507574
190,Adam,full,random,0.01,0.24021016117976424,0.025075615475761006
190,Adam,full,zero,0.01,0.24010253358556835,0.00024196232026584832
190,Adam,full,sparse,0.01,0.2401058766136486,4.952685823570322e-08
190,Adam,mini-batch,random,0.01,0.2639349378987613,0.05791486463112692
190,Adam,mini-batch,zero,0.01,0.263884667328262,0.03210610688169104
190,Adam,mini-batch,sparse,0.01,0.26468890275805323,0.03371518960208149
190,Adam,SGD,random,0.01,0.48427089817165575,0.5221829287536743
190,Adam,SGD,zero,0.01,0.12599230284291155,0.2182989541617054
190,Adam,SGD,sparse,0.01,0.5475988059546387,0.5523145748866547
190,GD,full,random,0.1,0.2401058533098242,2.442636754092213e-07
190,GD,full,zero,0.1,0.24010587488397653,4.014350985307749e-08
190,GD,full,sparse,0.1,0.24010585912464782,2.151982079374071e-07
190,GD,mini-batch,random,0.1,0.22887411735288632,0.05564519940588283
190,GD,mini-batch,zero,0.1,0.22887417571773264,0.05564536873989863
190,GD,mini-batch,sparse,0.1,0.22887413244559626,0.055645237416927236
190,GD,SGD,random,0.1,0.6452970652191258,0.4682723862725012
190,GD,SGD,zero,0.1,0.14178132790520984,0.2052834656910303
190,GD,SGD,sparse,0.1,0.5326926156308193,0.49661844547580225
190,AdaGrad,full,random,0.1,0.2474699506332762,0.07103815622783272
190,AdaGrad,full,zero,0.1,0.24011923261888385,0.0008873904771068864
190,AdaGrad,full,sparse,0.1,0.24010227259286318,0.00013492452468484174
190,AdaGrad,mini-batch,random,0.1,0.27916074223335735,0.13347583339128066
190,AdaGrad,mini-batch,zero,0.1,0.253362322809392,0.022386805990358305
190,AdaGrad,mini-batch,sparse,0.1,0.253917284313852,0.03399058773521307
190,AdaGrad,SGD,random,0.1,0.842878679651114,0.8405352747921137
190,AdaGrad,SGD,zero,0.1,0.29075217511943097,0.26464791131217436
190,AdaGrad,SGD,sparse,0.1,1.08954005651641,1.0779375049288695
190,RMSProp,full,random,0.1,0.14358787384555627,0.09999999058164169
190,RMSProp,full,zero,0.1,0.14358787384555632,0.09999999058164169
190,RMSProp,full,sparse,0.1,0.3386505335944389,0.0999999905816411
190,RMSProp,mini-batch,random,0.1,0.23567473174525846,0.30649203656363466
190,RMSProp,mini-batch,zero,0.1,0.23567473174525846,0.30649203656363466
190,RMSProp,mini-batch,sparse,0.1,0.23567473174525846,0.30649203656363466
190,RMSProp,SGD,random,0.1,0.6431090118550469,0.4283931961849554
190,RMSProp,SGD,zero,0.1,0.22849203408312635,0.166418614522711
190,RMSProp,SGD,sparse,0.1,0.479677589508249,0.4410906501453205
190,Adam,full,random,0.1,0.24010587788164295,1.39663232372568e-15
190,Adam,full,zero,0.1,0.24010587788164298,1.535362579956271e-15
190,Adam,full,sparse,0.1,0.24010587788164303,1.4626424656167145e-15
190,Adam,mini-batch,random,0.1,0.34083769136107883,0.205985029399867
190,Adam,mini-batch,zero,0.1,0.3348259998870806,0.21316435419227248
190,Adam,mini-batch,sparse,0.1,0.3311469740160646,0.21657271941561596
190,Adam,SGD,random,0.1,0.3980655911384314,0.22853977803990105
190,Adam,SGD,zero,0.1,0.17669783114718574,0.2726916331401814
190,Adam,SGD,sparse,0.1,0.6075613088505534,0.43705446384468666
191,GD,full,random,0.01,0.2274194781684443,0.22601722657360018
191,GD,full,zero,0.01,0.2865895725277227,0.11073476653346574
191,GD,full,sparse,0.01,0.21147858410496262,0.2568008108775659
191,GD,mini-batch,random,0.01,0.22264099536977852,0.2279718017521091
191,GD,mini-batch,zero,0.01,0.27674494057508686,0.1011107050154612
191,GD,mini-batch,sparse,0.01,0.2144128961183447,0.2666878045394975
191,GD,SGD,random,0.01,0.22816450928087736,0.2573101471590058
191,GD,SGD,zero,0.01,0.26336389171395236,0.11460108835314169
191,GD,SGD,sparse,0.01,0.15513993385644373,0.25013510078455425
191,AdaGrad,full,random,0.01,1.414838418974283,1.590793601401935
191,AdaGrad,full,zero,0.01,0.5948460784453904,0.45166638168294304
191,AdaGrad,full,sparse,0.01,1.0469045417901528,1.1641955232183963
191,AdaGrad,mini-batch,random,0.01,1.4203540214079198,1.5963355283739338
191,AdaGrad,mini-batch,zero,0.01,0.6141337877619236,0.4723810765629286
191,AdaGrad,mini-batch,sparse,0.01,1.0664057844052526,1.183673248437986
191,AdaGrad,SGD,random,0.01,1.5711914617740361,1.7521623643352078
191,AdaGrad,SGD,zero,0.01,0.7329999501012633,0.580899195933405
191,AdaGrad,SGD,sparse,0.01,1.1734796079871408,1.3050955230363872
191,RMSProp,full,random,0.01,0.2034422884363929,0.009999990666579708
191,RMSProp,full,zero,0.01,0.2034422884363929,0.009999990666579708
191,RMSProp,full,sparse,0.01,0.2034422884363929,0.009999990666579708
191,RMSProp,mini-batch,random,0.01,0.15250476945225805,0.07247210786461625
191,RMSProp,mini-batch,zero,0.01,0.15250994017205147,0.07246964555560738
191,RMSProp,mini-batch,sparse,0.01,0.1525062047266968,0.07247164377582785
191,RMSProp,SGD,random,0.01,0.11168318841001737,0.2248555574013735
191,RMSProp,SGD,zero,0.01,0.13539478955578188,0.10933810142016664
191,RMSProp,SGD,sparse,0.01,0.04255111514337751,0.1927120909591019
191,Adam,full,random,0.01,0.190683059174001,0.08493212848571295
191,Adam,full,zero,0.01,0.21121546037125097,1.3455909069873541e-14
191,Adam,full,sparse,0.01,0.21121521517219982,3.989035158070622e-07
191,Adam,mini-batch,random,0.01,0.17660054294622193,0.09559281012930512
191,Adam,mini-batch,zero,0.01,0.18040540665321364,0.03355001191290212
191,Adam,mini-batch,sparse,0.01,0.18238790094049964,0.03146477884223107
191,Adam,SGD,random,0.01,0.2935533213559628,0.3375426216620087
191,Adam,SGD,zero,0.01,0.24247452985283738,0.08677220358610452
191,Adam,SGD,sparse,0.01,0.09630491627568272,0.17333205245917332
191,GD,full,random,0.1,0.2112154130889836,8.740375742608817e-08
191,GD,full,zero,0.1,0.21121547792159126,2.8126209386757133e-08
191,GD,full,sparse,0.1,0.21121540761801635,8.704954332194948e-08
191,GD,mini-batch,random,0.1,0.14949744347594546,0.07306740032361538
191,GD,mini-batch,zero,0.1,0.14949751659450672,0.07306735634818953
191,GD,mini-batch,sparse,0.1,0.1494974415791066,0.07306740504849296
191,GD,SGD,random,0.1,0.20011760249668306,0.2080942317443225
191,GD,SGD,zero,0.1,0.23533342484256828,0.16144710731522352
191,GD,SGD,sparse,0.1,0.18918101097657686,0.18438577589130065
191,AdaGrad,full,random,0.1,0.20482332945134404,0.16387742983334294
191,AdaGrad,full,zero,0.1,0.2112154632575595,4.663984849915742e-09
191,AdaGrad,full,sparse,0.1,0.21117082129030218,7.252773256089372e-05
191,AdaGrad,mini-batch,random,0.1,0.20335589805311094,0.179535535189468
191,AdaGrad,mini-batch,zero,0.1,0.18609570869298067,0.028830944655640876
191,AdaGrad,mini-batch,sparse,0.1,0.18476676729064298,0.02977439547732796
191,AdaGrad,SGD,random,0.1,0.503174696463923,0.56569755306516
191,AdaGrad,SGD,zero,0.1,0.2835208930414016,0.11878888753748018
191,AdaGrad,SGD,sparse,0.1,0.2663642325704,0.35074335258731076
191,RMSProp,full,random,0.1,0.29638497738823755,0.09999999066658039
191,RMSProp,full,zero,0.1,0.2963849773882375,0.09999999066658039
191,RMSProp,full,sparse,0.1,0.14621861319571522,0.09999999066657975
191,RMSProp,mini-batch,random,0.1,0.19245162270329827,0.22087864433408338
191,RMSProp,mini-batch,zero,0.1,0.19245162270329827,0.22087864433408338
191,RMSProp,mini-batch,sparse,0.1,0.19245162270329827,0.22087864433408338
191,RMSProp,SGD,random,0.1,0.28628661727822063,0.3598924790361136
191,RMSProp,SGD,zero,0.1,0.3212890975108942,0.2102946472837435
191,RMSProp,SGD,sparse,0.1,0.2093045388545824,0.16540822137349334
191,Adam,full,random,0.1,0.21121546037124272,6.870906618619708e-16
191,Adam,full,zero,0.1,0.21121546037124264,7.431098595123269e-16
191,Adam,full,sparse,0.1,0.21121546037124267,7.656716496459005e-16
191,Adam,mini-batch,random,0.1,0.18304335521219572,0.1573640247928276
191,Adam,mini-batch,zero,0.1,0.19224812760243837,0.20862652983368812
191,Adam,mini-batch,sparse,0.1,0.19246944130992802,0.20631143813929056
191,Adam,SGD,random,0.1,0.4002434252529579,0.3831891102965043
191,Adam,SGD,zero,0.1,0.540831075334513,0.5445977516321971
191,Adam,SGD,sparse,0.1,0.2913423617347225,0.26180611249099867
192,GD,full,random,0.01,0.4955535752681887,0.3719464703764801
192,GD,full,zero,0.01,0.2521301099767543,0.10650019194409681
192,GD,full,sparse,0.01,0.5643258640445447,0.4415074191591569
192,GD,mini-batch,random,0.01,0.5017402260737732,0.37899881411473124
192,GD,mini-batch,zero,0.01,0.25563379899137373,0.11255664049991299
192,GD,mini-batch,sparse,0.01,0.5682116357662212,0.4451159161766742
192,GD,SGD,random,0.01,0.4509669534025265,0.332397271113539
192,GD,SGD,zero,0.01,0.22993182721201005,0.0994995575086147
192,GD,SGD,sparse,0.01,0.5461712011625148,0.410816150375663
192,AdaGrad,full,random,0.01,2.1596929393038913,2.1231837046821376
192,AdaGrad,full,zero,0.01,0.5875361019048613,0.4649917141269034
192,AdaGrad,full,sparse,0.01,1.98364500312954,1.8826259995758277
192,AdaGrad,mini-batch,random,0.01,2.1613059902809297,2.1254393527772932
192,AdaGrad,mini-batch,zero,0.01,0.6018942925716653,0.477639761288512
192,AdaGrad,mini-batch,sparse,0.01,2.0598861945377824,1.9548639661329905
192,AdaGrad,SGD,random,0.01,2.2642583005549244,2.2462241176776025
192,AdaGrad,SGD,zero,0.01,0.7004774356855366,0.5570342105234405
192,AdaGrad,SGD,sparse,0.01,2.2556215319563253,2.1546028807806703
192,RMSProp,full,random,0.01,0.18538908201508827,0.009999990618660035
192,RMSProp,full,zero,0.01,0.1694775320126382,0.009999990618660264
192,RMSProp,full,sparse,0.01,0.1694775320126382,0.009999990618660257
192,RMSProp,mini-batch,random,0.01,0.18588983450967295,0.0585110218080998
192,RMSProp,mini-batch,zero,0.01,0.18588286446088717,0.058506435523255115
192,RMSProp,mini-batch,sparse,0.01,0.18588595898197421,0.05850815485692983
192,RMSProp,SGD,random,0.01,0.19983531513755182,0.14287324779455113
192,RMSProp,SGD,zero,0.01,0.0994475812175046,0.15347068960721558
192,RMSProp,SGD,sparse,0.01,0.225772296208844,0.11339886571357059
192,Adam,full,random,0.01,0.2527362170820776,0.1036055048914649
192,Adam,full,zero,0.01,0.17732984309302732,1.4857796105314885e-09
192,Adam,full,sparse,0.01,0.1773367647255134,1.3456055417536816e-05
192,Adam,mini-batch,random,0.01,0.27374126883684247,0.13212916834221347
192,Adam,mini-batch,zero,0.01,0.1852606471488391,0.05697699907315925
192,Adam,mini-batch,sparse,0.01,0.17947489780908948,0.05240124352043272
192,Adam,SGD,random,0.01,0.5868806249232615,0.4734143619593499
192,Adam,SGD,zero,0.01,0.17447526314814818,0.051291790698232156
192,Adam,SGD,sparse,0.01,0.4019288121503769,0.27801405289989445
192,GD,full,random,0.1,0.17732991951077454,1.360281920700092e-07
192,GD,full,zero,0.1,0.177329861589047,3.4811223087086006e-08
192,GD,full,sparse,0.1,0.17732993042583517,1.6317069630085073e-07
192,GD,mini-batch,random,0.1,0.1869176830934724,0.057215093637846215
192,GD,mini-batch,zero,0.1,0.18691760974881075,0.057215036970503896
192,GD,mini-batch,sparse,0.1,0.1869176938797195,0.05721509685741385
192,GD,SGD,random,0.1,0.19886303705189373,0.03535720224337345
192,GD,SGD,zero,0.1,0.13048665018344438,0.14363192294338212
192,GD,SGD,sparse,0.1,0.6119571181708409,0.44284012340475726
192,AdaGrad,full,random,0.1,0.35222177337413924,0.21743955334643494
192,AdaGrad,full,zero,0.1,0.17733000741260269,3.162740641469021e-07
192,AdaGrad,full,sparse,0.1,0.1784757566961816,0.002216207810749958
192,AdaGrad,mini-batch,random,0.1,0.3944804381006723,0.264058793475614
192,AdaGrad,mini-batch,zero,0.1,0.18282187928170057,0.032405805301823
192,AdaGrad,mini-batch,sparse,0.1,0.19432956322635744,0.042866961802966404
192,AdaGrad,SGD,random,0.1,1.0196114895090918,0.9104829008311409
192,AdaGrad,SGD,zero,0.1,0.28342860812601184,0.15372000902115482
192,AdaGrad,SGD,sparse,0.1,0.8931349327590337,0.7725412665320348
192,RMSProp,full,random,0.1,0.2639664456556868,0.0999999906186598
192,RMSProp,full,zero,0.1,0.2639664456556867,0.09999999061865979
192,RMSProp,full,sparse,0.1,0.11494980547227059,0.09999999061866006
192,RMSProp,mini-batch,random,0.1,0.2276245806411597,0.16487107239994742
192,RMSProp,mini-batch,zero,0.1,0.2276245806411597,0.16487107239994742
192,RMSProp,mini-batch,sparse,0.1,0.2276245806411597,0.16487107239994742
192,RMSProp,SGD,random,0.1,0.3513650814864744,0.2680177463226692
192,RMSProp,SGD,zero,0.1,0.09926831675967025,0.10514787940845464
192,RMSProp,SGD,sparse,0.1,0.49575307036640404,0.3636346047859711
192,Adam,full,random,0.1,0.17732984233166366,3.122502256758253e-16
192,Adam,full,zero,0.1,0.17732984233166363,2.716822870903453e-16
192,Adam,full,sparse,0.1,0.17732984233166363,2.716822870903453e-16
192,Adam,mini-batch,random,0.1,0.22079988597947617,0.09931685503226827
192,Adam,mini-batch,zero,0.1,0.2235551490654614,0.16715411047559703
192,Adam,mini-batch,sparse,0.1,0.2240791062914962,0.1680036958589453
192,Adam,SGD,random,0.1,0.2300145777344178,0.20677197079159856
192,Adam,SGD,zero,0.1,0.32669511671266976,0.326468896293837
192,Adam,SGD,sparse,0.1,0.47916613595119156,0.31426747637738894
193,GD,full,random,0.01,0.47440036029778293,0.3171677114643057
193,GD,full,zero,0.01,0.23738346441623856,0.055657918428672654
193,GD,full,sparse,0.01,0.4845911539309358,0.331764234838742
193,GD,mini-batch,random,0.01,0.45806056576433724,0.2985268365996527
193,GD,mini-batch,zero,0.01,0.2263521687264445,0.03661013874649365
193,GD,mini-batch,sparse,0.01,0.4719233589945614,0.3205271121951982
193,GD,SGD,random,0.01,0.46800808689237144,0.3465256844320648
193,GD,SGD,zero,0.01,0.23891535639240055,0.12966241343347062
193,GD,SGD,sparse,0.01,0.4652097517364415,0.34098585001177617
193,AdaGrad,full,random,0.01,1.9958697099636513,1.9608912797181957
193,AdaGrad,full,zero,0.01,0.3364745630923999,0.20470260176661537
193,AdaGrad,full,sparse,0.01,1.833502184091328,1.7179473360067847
193,AdaGrad,mini-batch,random,0.01,1.9987591988015867,1.9645427098615798
193,AdaGrad,mini-batch,zero,0.01,0.3443491241781855,0.21623493663626678
193,AdaGrad,mini-batch,sparse,0.01,1.8493814478938635,1.7347717600124617
193,AdaGrad,SGD,random,0.01,2.1308721780603213,2.1132142729264802
193,AdaGrad,SGD,zero,0.01,0.4581370783230442,0.32345311741447313
193,AdaGrad,SGD,sparse,0.01,1.9584449933440544,1.8547243841563537
193,RMSProp,full,random,0.01,0.20927114877717226,0.009999990903117111
193,RMSProp,full,zero,0.01,0.2092711487771723,0.009999990903117068
193,RMSProp,full,sparse,0.01,0.22231646554826626,0.009999990903117213
193,RMSProp,mini-batch,random,0.01,0.18367657875684804,0.06698187527329577
193,RMSProp,mini-batch,zero,0.01,0.1836740055127851,0.06698402400252765
193,RMSProp,mini-batch,sparse,0.01,0.18367480409369527,0.066983301165614
193,RMSProp,SGD,random,0.01,0.2476112331008636,0.19729269568578336
193,RMSProp,SGD,zero,0.01,0.1254767173787971,0.16704907002622876
193,RMSProp,SGD,sparse,0.01,0.17495884445389695,0.12752670060559082
193,Adam,full,random,0.01,0.305929827756287,0.13121961390111292
193,Adam,full,zero,0.01,0.21566064189863907,1.0574829347794136e-15
193,Adam,full,sparse,0.01,0.21567813334878352,3.453094983301477e-05
193,Adam,mini-batch,random,0.01,0.2926438630750607,0.11055764700032958
193,Adam,mini-batch,zero,0.01,0.17724454530446201,0.06645649663738032
193,Adam,mini-batch,sparse,0.01,0.17909941184593547,0.06434009208653774
193,Adam,SGD,random,0.01,0.6174362630896241,0.4957471572785854
193,Adam,SGD,zero,0.01,0.19745552970880276,0.1262492741256799
193,Adam,SGD,sparse,0.01,0.3757486266561462,0.27047967374811605
193,GD,full,random,0.1,0.21566070112780164,1.147316003056086e-07
193,GD,full,zero,0.1,0.2156606454401168,2.1692955628837866e-08
193,GD,full,sparse,0.1,0.21566069135636917,9.339698773867547e-08
193,GD,mini-batch,random,0.1,0.1840395874699417,0.06749469751238343
193,GD,mini-batch,zero,0.1,0.1840395554952228,0.06749477429942845
193,GD,mini-batch,sparse,0.1,0.1840395802154979,0.06749471637530302
193,GD,SGD,random,0.1,0.1113844047873323,0.2326860932807861
193,GD,SGD,zero,0.1,0.1447412816047348,0.22885874291956546
193,GD,SGD,sparse,0.1,0.07311920967512195,0.1916597618095784
193,AdaGrad,full,random,0.1,0.4077588691728791,0.24953986425050156
193,AdaGrad,full,zero,0.1,0.21566064192399081,3.395212362467194e-11
193,AdaGrad,full,sparse,0.1,0.21659238973219774,0.0018684395381985196
193,AdaGrad,mini-batch,random,0.1,0.4046624739438108,0.2445703275893891
193,AdaGrad,mini-batch,zero,0.1,0.19930374300515447,0.041300524196053415
193,AdaGrad,mini-batch,sparse,0.1,0.21130780352536735,0.03343170771354999
193,AdaGrad,SGD,random,0.1,0.9555700707809178,0.8194813878931356
193,AdaGrad,SGD,zero,0.1,0.30040339041357544,0.15565899373510492
193,AdaGrad,SGD,sparse,0.1,0.799139967617807,0.6657511174961742
193,RMSProp,full,random,0.1,0.16839982713609128,0.09999999090311712
193,RMSProp,full,zero,0.1,0.29096480802675695,0.0999999909031172
193,RMSProp,full,sparse,0.1,0.16839982713609128,0.09999999090311712
193,RMSProp,mini-batch,random,0.1,0.19533052776893303,0.06653603794241661
193,RMSProp,mini-batch,zero,0.1,0.19533052776893303,0.06653603794241661
193,RMSProp,mini-batch,sparse,0.1,0.19533052776893303,0.06653603794241661
193,RMSProp,SGD,random,0.1,0.12549198398590003,0.31541660217283995
193,RMSProp,SGD,zero,0.1,0.0645143806434314,0.21525011767996916
193,RMSProp,SGD,sparse,0.1,0.2415180489617333,0.39181946434399584
193,Adam,full,random,0.1,0.21566064189863873,7.015578624392364e-16
193,Adam,full,zero,0.1,0.21566064189863896,7.07207849008054e-16
193,Adam,full,sparse,0.1,0.21566064189863896,7.059365482622002e-16
193,Adam,mini-batch,random,0.1,0.20451207637847538,0.10182174221074142
193,Adam,mini-batch,zero,0.1,0.24848726654726075,0.12833846708214686
193,Adam,mini-batch,sparse,0.1,0.24784597576269446,0.12446195482696036
193,Adam,SGD,random,0.1,0.1818713360552076,0.3132753130755445
193,Adam,SGD,zero,0.1,0.2354033758574516,0.3102671185758769
193,Adam,SGD,sparse,0.1,0.16174401803929442,0.3033957667764965
194,GD,full,random,0.01,0.5126660564623362,0.3658178640041615
194,GD,full,zero,0.01,0.29306245916364887,0.11563934336320708
194,GD,full,sparse,0.01,0.586544001499917,0.44472949682514684
194,GD,mini-batch,random,0.01,0.510994352590009,0.36444289935333973
194,GD,mini-batch,zero,0.01,0.2941783598965686,0.11753477888519627
194,GD,mini-batch,sparse,0.01,0.5866909653246416,0.4449807082582335
194,GD,SGD,random,0.01,0.5572815485998864,0.401165296043873
194,GD,SGD,zero,0.01,0.36347861769174794,0.203287602620246
194,GD,SGD,sparse,0.01,0.7337210858649921,0.5646410969402683
194,AdaGrad,full,random,0.01,2.1133006703389965,2.0812497017819678
194,AdaGrad,full,zero,0.01,0.6747410649330785,0.5311283161308094
194,AdaGrad,full,sparse,0.01,2.0264780401717752,1.9189171532088083
194,AdaGrad,mini-batch,random,0.01,2.121754688392895,2.0904590412744937
194,AdaGrad,mini-batch,zero,0.01,0.6826141007475554,0.5369718153784763
194,AdaGrad,mini-batch,sparse,0.01,2.1071710084434527,1.9945424755366852
194,AdaGrad,SGD,random,0.01,2.2074509264551763,2.1927212044031656
194,AdaGrad,SGD,zero,0.01,0.7862129781940425,0.613081423321444
194,AdaGrad,SGD,sparse,0.01,2.3338605302074407,2.226193295080066
194,RMSProp,full,random,0.01,0.2274930131878374,0.009999990911453338
194,RMSProp,full,zero,0.01,0.22749301318783738,0.00999999091145333
194,RMSProp,full,sparse,0.01,0.21050718869091126,0.00999999091145344
194,RMSProp,mini-batch,random,0.01,0.1818209522930699,0.06603404454277342
194,RMSProp,mini-batch,zero,0.01,0.18176057381917182,0.0660518783947476
194,RMSProp,mini-batch,sparse,0.01,0.18178229979410246,0.06602707933927479
194,RMSProp,SGD,random,0.01,0.40980820461282746,0.2719712392207011
194,RMSProp,SGD,zero,0.01,0.21266762640116932,0.1354154153495217
194,RMSProp,SGD,sparse,0.01,0.526743501099841,0.3648091922580056
194,Adam,full,random,0.01,0.28367248675884854,0.10176129279120785
194,Adam,full,zero,0.01,0.2189365339886618,1.7447775425766665e-07
194,Adam,full,sparse,0.01,0.21894213211510824,1.29384750248236e-05
194,Adam,mini-batch,random,0.01,0.29154000050749457,0.11247033793653194
194,Adam,mini-batch,zero,0.01,0.21918015864204984,0.05865075080772122
194,Adam,mini-batch,sparse,0.01,0.2212628039369063,0.050637465504070334
194,Adam,SGD,random,0.01,0.6966931351978622,0.5512603371099213
194,Adam,SGD,zero,0.01,0.34803190635123854,0.19030496822897142
194,Adam,SGD,sparse,0.01,0.6477397968918578,0.4896426888850247
194,GD,full,random,0.1,0.21893652086433996,1.3491252855157342e-07
194,GD,full,zero,0.1,0.21893647729891497,4.0493620763194344e-08
194,GD,full,sparse,0.1,0.21893652606500838,1.2777251610185617e-07
194,GD,mini-batch,random,0.1,0.16474802968455254,0.08899382043470841
194,GD,mini-batch,zero,0.1,0.16474799763773199,0.08899385673262275
194,GD,mini-batch,sparse,0.1,0.16474802833984523,0.08899379421876463
194,GD,SGD,random,0.1,0.3532668067706849,0.20799022491099622
194,GD,SGD,zero,0.1,0.3079301877797425,0.272792347899021
194,GD,SGD,sparse,0.1,0.9004759550843059,0.6842295136743698
194,AdaGrad,full,random,0.1,0.3734679735314327,0.2123021515240372
194,AdaGrad,full,zero,0.1,0.2189391697331443,6.409474868081224e-06
194,AdaGrad,full,sparse,0.1,0.21998856880478956,0.0023941738885223172
194,AdaGrad,mini-batch,random,0.1,0.43551650710159784,0.28302336282918716
194,AdaGrad,mini-batch,zero,0.1,0.21088325687421425,0.015876464981510657
194,AdaGrad,mini-batch,sparse,0.1,0.2267002597695609,0.02354877940842758
194,AdaGrad,SGD,random,0.1,1.0240798185258748,0.8844659008385403
194,AdaGrad,SGD,zero,0.1,0.36624598922678653,0.18782522159592505
194,AdaGrad,SGD,sparse,0.1,1.0031853467039649,0.8586050000454315
194,RMSProp,full,random,0.1,0.30843504243847186,0.09999999091145327
194,RMSProp,full,zero,0.1,0.14399364174828633,0.09999999091145331
194,RMSProp,full,sparse,0.1,0.14399364174828627,0.09999999091145341
194,RMSProp,mini-batch,random,0.1,0.10559787153096965,0.17349290052541033
194,RMSProp,mini-batch,zero,0.1,0.10559787153096965,0.17349290052541033
194,RMSProp,mini-batch,sparse,0.1,0.10559787153096965,0.17349290052541033
194,RMSProp,SGD,random,0.1,0.339884522833359,0.17789788504892623
194,RMSProp,SGD,zero,0.1,0.2698870696087359,0.26192973250934376
194,RMSProp,SGD,sparse,0.1,0.8584006317428093,0.6465698913452829
194,Adam,full,random,0.1,0.21893646099196695,8.140197997767505e-16
194,Adam,full,zero,0.1,0.21893646099196704,6.997711950506445e-16
194,Adam,full,sparse,0.1,0.218936460991967,7.005190574351762e-16
194,Adam,mini-batch,random,0.1,0.21152560327555087,0.12146228660142748
194,Adam,mini-batch,zero,0.1,0.20935615579566502,0.14005596074293747
194,Adam,mini-batch,sparse,0.1,0.2086566267130357,0.14035883308091313
194,Adam,SGD,random,0.1,0.41122415875009855,0.2429960286697575
194,Adam,SGD,zero,0.1,0.43876397068880457,0.3748627889711722
194,Adam,SGD,sparse,0.1,0.9840706667073733,0.7677070924072508
195,GD,full,random,0.01,0.2701545811023871,0.20328849997874351
195,GD,full,zero,0.01,0.2985557066100964,0.06477916361056085
195,GD,full,sparse,0.01,0.4102605880321841,0.299846112408118
195,GD,mini-batch,random,0.01,0.28780693652807915,0.20653499807417736
195,GD,mini-batch,zero,0.01,0.3172917912192055,0.07227127003850238
195,GD,mini-batch,sparse,0.01,0.4191765345483036,0.297084731718511
195,GD,SGD,random,0.01,0.3316659246117125,0.1694459601895752
195,GD,SGD,zero,0.01,0.36006687663216264,0.13260467847449597
195,GD,SGD,sparse,0.01,0.5307278702208588,0.36692794583430294
195,AdaGrad,full,random,0.01,1.113853016976857,1.2908425806232198
195,AdaGrad,full,zero,0.01,0.5442937516318326,0.3459631578629654
195,AdaGrad,full,sparse,0.01,1.0767296075120287,1.0623245161572867
195,AdaGrad,mini-batch,random,0.01,1.116157087401934,1.2937757437578716
195,AdaGrad,mini-batch,zero,0.01,0.5558293682314652,0.35357825691963124
195,AdaGrad,mini-batch,sparse,0.01,1.2186754037050915,1.1867308793354068
195,AdaGrad,SGD,random,0.01,1.2359834041231617,1.430847485432026
195,AdaGrad,SGD,zero,0.01,0.7106055246202649,0.48138971190173724
195,AdaGrad,SGD,sparse,0.01,1.5066362097663402,1.4812043109753195
195,RMSProp,full,random,0.01,0.26175569307886554,0.00999999067621872
195,RMSProp,full,zero,0.01,0.2776604280375206,0.009999990676217959
195,RMSProp,full,sparse,0.01,0.2776604280375206,0.009999990676217943
195,RMSProp,mini-batch,random,0.01,0.33445260702411794,0.08284329769843654
195,RMSProp,mini-batch,zero,0.01,0.33446018404548283,0.08281195976110317
195,RMSProp,mini-batch,sparse,0.01,0.3344665610439995,0.08280386631658933
195,RMSProp,SGD,random,0.01,0.2086772824342354,0.14461887830042833
195,RMSProp,SGD,zero,0.01,0.21165783690811799,0.10706191207801587
195,RMSProp,SGD,sparse,0.01,0.3462322139372993,0.21231106589644816
195,Adam,full,random,0.01,0.2629237520612527,0.021780895325932335
195,Adam,full,zero,0.01,0.26964105462657645,7.833898767771278e-06
195,Adam,full,sparse,0.01,0.26963990480836253,2.647668064968952e-14
195,Adam,mini-batch,random,0.01,0.2739668180123011,0.056132638169166194
195,Adam,mini-batch,zero,0.01,0.29422319473651093,0.052522352956848394
195,Adam,mini-batch,sparse,0.01,0.29709847316756166,0.0591811443550494
195,Adam,SGD,random,0.01,0.35690473146699603,0.24523059200390637
195,Adam,SGD,zero,0.01,0.37907906833299637,0.14245430799465245
195,Adam,SGD,sparse,0.01,0.48491135452124967,0.3227772604520467
195,GD,full,random,0.1,0.26963987444943865,7.299292984443227e-08
195,GD,full,zero,0.1,0.269639910911592,1.5139228732697714e-08
195,GD,full,sparse,0.1,0.2696399220861571,1.1922451794884764e-07
195,GD,mini-batch,random,0.1,0.35144968185290787,0.1068663230320931
195,GD,mini-batch,zero,0.1,0.3514497057742064,0.106866308106508
195,GD,mini-batch,sparse,0.1,0.3514497008793847,0.1068662815798617
195,GD,SGD,random,0.1,0.8677529509780751,0.6755763602890227
195,GD,SGD,zero,0.1,0.7596601103789438,0.6109187453049653
195,GD,SGD,sparse,0.1,1.132250705033639,0.900833127890563
195,AdaGrad,full,random,0.1,0.25717967140518266,0.05138105738319851
195,AdaGrad,full,zero,0.1,0.2696501578209007,6.126879257482571e-05
195,AdaGrad,full,sparse,0.1,0.26963987352790075,4.851052010004847e-07
195,AdaGrad,mini-batch,random,0.1,0.2782930344066606,0.09044572233443264
195,AdaGrad,mini-batch,zero,0.1,0.29529031706721964,0.034487447861065036
195,AdaGrad,mini-batch,sparse,0.1,0.2957956532198316,0.03688279981774497
195,AdaGrad,SGD,random,0.1,0.4518465054288552,0.4201163675535699
195,AdaGrad,SGD,zero,0.1,0.3687948737759112,0.16065792219165215
195,AdaGrad,SGD,sparse,0.1,0.6260285387712792,0.5229580002592965
195,RMSProp,full,random,0.1,0.3544038161372454,0.09999999067621797
195,RMSProp,full,zero,0.1,0.19952265011264392,0.09999999067621869
195,RMSProp,full,sparse,0.1,0.19952265011264392,0.09999999067621869
195,RMSProp,mini-batch,random,0.1,0.3724770357312292,0.170973082383573
195,RMSProp,mini-batch,zero,0.1,0.3724770357312292,0.170973082383573
195,RMSProp,mini-batch,sparse,0.1,0.3724770357312292,0.170973082383573
195,RMSProp,SGD,random,0.1,0.6317939784631705,0.41215495699618476
195,RMSProp,SGD,zero,0.1,0.5931758224253072,0.44472259309631595
195,RMSProp,SGD,sparse,0.1,0.8715237676390152,0.6342063527168743
195,Adam,full,random,0.1,0.2696399048083643,5.36049202688126e-16
195,Adam,full,zero,0.1,0.2696399048083643,5.495323605393213e-16
195,Adam,full,sparse,0.1,0.2696399048083642,6.843874359417885e-16
195,Adam,mini-batch,random,0.1,0.39988336163322113,0.17979655536457909
195,Adam,mini-batch,zero,0.1,0.40523630604628963,0.18469095103719116
195,Adam,mini-batch,sparse,0.1,0.40774643514833525,0.1868734729079558
195,Adam,SGD,random,0.1,0.8037794359561714,0.6244002217925776
195,Adam,SGD,zero,0.1,0.8353271254393355,0.7945210196518874
195,Adam,SGD,sparse,0.1,0.9180089080199052,0.6947689555626171
196,GD,full,random,0.01,0.2902704698563352,0.24103983303396667
196,GD,full,zero,0.01,0.2659370197681765,0.06676704709333811
196,GD,full,sparse,0.01,0.480754806234453,0.3861925775189975
196,GD,mini-batch,random,0.01,0.28449817327792915,0.23804885148231386
196,GD,mini-batch,zero,0.01,0.2602704613354741,0.06521176077550635
196,GD,mini-batch,sparse,0.01,0.4809675185858307,0.38846164761297497
196,GD,SGD,random,0.01,0.2277361465656003,0.19648442985016015
196,GD,SGD,zero,0.01,0.2831405737459891,0.10972893576035485
196,GD,SGD,sparse,0.01,0.45461789920305146,0.37894874010332585
196,AdaGrad,full,random,0.01,1.3836259004713136,1.516346036566203
196,AdaGrad,full,zero,0.01,0.4775064114301981,0.3092803992270939
196,AdaGrad,full,sparse,0.01,1.6186169951919855,1.5751608234625123
196,AdaGrad,mini-batch,random,0.01,1.3870876314086458,1.520241500163038
196,AdaGrad,mini-batch,zero,0.01,0.4794920922867519,0.3081608451994342
196,AdaGrad,mini-batch,sparse,0.01,1.6866387028087761,1.6344145763563684
196,AdaGrad,SGD,random,0.01,1.5442628042000848,1.6898145298893064
196,AdaGrad,SGD,zero,0.01,0.6001754028237226,0.3997278193429659
196,AdaGrad,SGD,sparse,0.01,1.9033047357322737,1.8594197359679496
196,RMSProp,full,random,0.01,0.2148229292411164,0.009999990681421017
196,RMSProp,full,zero,0.01,0.2148229292411164,0.009999990681421017
196,RMSProp,full,sparse,0.01,0.2148229292411164,0.009999990681421017
196,RMSProp,mini-batch,random,0.01,0.21565641149096726,0.030865121722814057
196,RMSProp,mini-batch,zero,0.01,0.2156616993662509,0.030885927822839995
196,RMSProp,mini-batch,sparse,0.01,0.21566478363800123,0.03086466904268258
196,RMSProp,SGD,random,0.01,0.14934940785153383,0.18140406100594517
196,RMSProp,SGD,zero,0.01,0.17992714023852419,0.087821799781838
196,RMSProp,SGD,sparse,0.01,0.31312896920925765,0.28944009180105723
196,Adam,full,random,0.01,0.22420079465811993,0.07112429700002694
196,Adam,full,zero,0.01,0.22251710978875977,5.4558173439598815e-09
196,Adam,full,sparse,0.01,0.22251715978030268,7.849937524881208e-07
196,Adam,mini-batch,random,0.01,0.21204746663502047,0.06931811635441106
196,Adam,mini-batch,zero,0.01,0.20135968229693957,0.040958618725834305
196,Adam,mini-batch,sparse,0.01,0.20123833828857976,0.040931654207219156
196,Adam,SGD,random,0.01,0.37150781913403835,0.3519138023890404
196,Adam,SGD,zero,0.01,0.2799711558378798,0.09851000823198174
196,Adam,SGD,sparse,0.01,0.4693551917182497,0.38776883737861073
196,GD,full,random,0.1,0.2225170719584919,1.2682555486941685e-07
196,GD,full,zero,0.1,0.22251712103336937,2.4037963914388714e-08
196,GD,full,sparse,0.1,0.22251710645927386,1.6251447506352567e-07
196,GD,mini-batch,random,0.1,0.21111728527165852,0.02940394167190801
196,GD,mini-batch,zero,0.1,0.21111733945320937,0.02940403156120648
196,GD,mini-batch,sparse,0.1,0.21111730791983935,0.029403870229013453
196,GD,SGD,random,0.1,0.19345033000040124,0.30214021517084017
196,GD,SGD,zero,0.1,0.2151237055974879,0.2847224392592353
196,GD,SGD,sparse,0.1,0.18313234712270188,0.2737174768477212
196,AdaGrad,full,random,0.1,0.24801227346840946,0.14352056345940103
196,AdaGrad,full,zero,0.1,0.22251739499984033,5.613900341535886e-07
196,AdaGrad,full,sparse,0.1,0.22254381728685357,0.0003906180883925632
196,AdaGrad,mini-batch,random,0.1,0.25542216341757035,0.16838931593782433
196,AdaGrad,mini-batch,zero,0.1,0.21448772643532218,0.020224974027834276
196,AdaGrad,mini-batch,sparse,0.1,0.2155727074220197,0.017316434911404926
196,AdaGrad,SGD,random,0.1,0.5952349260814689,0.6204069549969421
196,AdaGrad,SGD,zero,0.1,0.3280381810011054,0.14990254695764135
196,AdaGrad,SGD,sparse,0.1,0.8437564351458832,0.7733308289291414
196,RMSProp,full,random,0.1,0.3068608941353447,0.09999999068142143
196,RMSProp,full,zero,0.1,0.30686089413534456,0.0999999906814213
196,RMSProp,full,sparse,0.1,0.15768358765794296,0.09999999068142101
196,RMSProp,mini-batch,random,0.1,0.3873453734506958,0.19294198725840347
196,RMSProp,mini-batch,zero,0.1,0.3873453734506958,0.19294198725840347
196,RMSProp,mini-batch,sparse,0.1,0.3873453734506958,0.19294198725840347
196,RMSProp,SGD,random,0.1,0.06967297441185541,0.26514224649944346
196,RMSProp,SGD,zero,0.1,0.16064795926955827,0.3375646585679796
196,RMSProp,SGD,sparse,0.1,0.09612726068108914,0.26765040281404134
196,Adam,full,random,0.1,0.22251710708803338,5.302695275805846e-16
196,Adam,full,zero,0.1,0.22251710708803352,4.1168171577819285e-16
196,Adam,full,sparse,0.1,0.22251710708803352,4.163336342344337e-16
196,Adam,mini-batch,random,0.1,0.19872306171953102,0.024333000120535103
196,Adam,mini-batch,zero,0.1,0.1573386713383707,0.08046241986175302
196,Adam,mini-batch,sparse,0.1,0.1553248393592143,0.08308311614790698
196,Adam,SGD,random,0.1,0.258589402230508,0.36947133952982
196,Adam,SGD,zero,0.1,0.3954095638494013,0.27120240992145744
196,Adam,SGD,sparse,0.1,0.3420616814071623,0.486862408276251
197,GD,full,random,0.01,0.3322960733902369,0.25762086375657167
197,GD,full,zero,0.01,0.31540711340204336,0.07738588301184722
197,GD,full,sparse,0.01,0.40196515976824776,0.3762783725996776
197,GD,mini-batch,random,0.01,0.32152761643162203,0.26315180218965084
197,GD,mini-batch,zero,0.01,0.2954592127020771,0.05311837592253428
197,GD,mini-batch,sparse,0.01,0.378746959013552,0.36729725403067626
197,GD,SGD,random,0.01,0.42153857874488143,0.4117175399843092
197,GD,SGD,zero,0.01,0.30124857545556016,0.14815222074100873
197,GD,SGD,sparse,0.01,0.44360069192223583,0.5089609369414647
197,AdaGrad,full,random,0.01,1.306289126000836,1.5001274198568473
197,AdaGrad,full,zero,0.01,0.5770550008938943,0.4181455932086055
197,AdaGrad,full,sparse,0.01,1.4007778980792926,1.4932130165370068
197,AdaGrad,mini-batch,random,0.01,1.3093764102921022,1.5055568823402803
197,AdaGrad,mini-batch,zero,0.01,0.5902859504379568,0.4214275389533175
197,AdaGrad,mini-batch,sparse,0.01,1.5778727160353192,1.659609774159706
197,AdaGrad,SGD,random,0.01,1.3927739058706907,1.6158814335532932
197,AdaGrad,SGD,zero,0.01,0.820893227903257,0.5953384243224532
197,AdaGrad,SGD,sparse,0.01,1.9270531181627757,2.013561818551624
197,RMSProp,full,random,0.01,0.298409389529418,0.009999990944429576
197,RMSProp,full,zero,0.01,0.298409389529418,0.009999990944429549
197,RMSProp,full,sparse,0.01,0.298409389529418,0.009999990944429604
197,RMSProp,mini-batch,random,0.01,0.28652661819429043,0.09998240290923012
197,RMSProp,mini-batch,zero,0.01,0.28675916472958707,0.09971921077781326
197,RMSProp,mini-batch,sparse,0.01,0.2864504747061751,0.09967629020571067
197,RMSProp,SGD,random,0.01,0.41916464371624623,0.4751053043821257
197,RMSProp,SGD,zero,0.01,0.23065753045640286,0.2087653841273004
197,RMSProp,SGD,sparse,0.01,0.5161238494172221,0.6243026908636115
197,Adam,full,random,0.01,0.2977208021810749,0.035332616256390746
197,Adam,full,zero,0.01,0.3074131889450012,2.935647358556587e-05
197,Adam,full,sparse,0.01,0.3074113746169242,1.2247299846245632e-08
197,Adam,mini-batch,random,0.01,0.2606544245540696,0.10438583888361772
197,Adam,mini-batch,zero,0.01,0.28426597325022307,0.088230730294067
197,Adam,mini-batch,sparse,0.01,0.29168830578656835,0.09391343105698957
197,Adam,SGD,random,0.01,0.5377896819776392,0.5436997914748736
197,Adam,SGD,zero,0.01,0.3175866324889959,0.15849175618444517
197,Adam,SGD,sparse,0.01,0.5945630090257572,0.639428413706846
197,GD,full,random,0.1,0.3074113662374467,8.711236813750937e-08
197,GD,full,zero,0.1,0.3074113838276679,2.4670193616014667e-08
197,GD,full,sparse,0.1,0.30741137127316354,9.72182756479328e-08
197,GD,mini-batch,random,0.1,0.2875613690760041,0.12273464615555982
197,GD,mini-batch,zero,0.1,0.28756136809526406,0.12273458438798336
197,GD,mini-batch,sparse,0.1,0.28756135312400327,0.12273459425733946
197,GD,SGD,random,0.1,0.372193761946915,0.4668912238962808
197,GD,SGD,zero,0.1,0.5274940695176156,0.5641658782333531
197,GD,SGD,sparse,0.1,0.3180968724162223,0.4931042353930421
197,AdaGrad,full,random,0.1,0.289711976549935,0.08459521484197002
197,AdaGrad,full,zero,0.1,0.3074145569892682,0.00017269989250912429
197,AdaGrad,full,sparse,0.1,0.3073796446932817,8.134951203777447e-05
197,AdaGrad,mini-batch,random,0.1,0.27512479799904743,0.15667996121701727
197,AdaGrad,mini-batch,zero,0.1,0.2871770634358184,0.044154276652752046
197,AdaGrad,mini-batch,sparse,0.1,0.27468560257603175,0.06030574520894422
197,AdaGrad,SGD,random,0.1,0.701396635703832,0.7288055073278351
197,AdaGrad,SGD,zero,0.1,0.4064422612648531,0.2328933736294049
197,AdaGrad,SGD,sparse,0.1,0.9708861500074661,1.0247639477532788
197,RMSProp,full,random,0.1,0.221282142254451,0.09999999094442957
197,RMSProp,full,zero,0.1,0.22128214225445092,0.09999999094442957
197,RMSProp,full,sparse,0.1,0.221282142254451,0.09999999094442957
197,RMSProp,mini-batch,random,0.1,0.2442793298446065,0.21027800834042262
197,RMSProp,mini-batch,zero,0.1,0.2442793298446065,0.21027800834042262
197,RMSProp,mini-batch,sparse,0.1,0.2442793298446065,0.21027800834042262
197,RMSProp,SGD,random,0.1,0.31989144309856005,0.42100269521010464
197,RMSProp,SGD,zero,0.1,0.34717050123101,0.4113509668409706
197,RMSProp,SGD,sparse,0.1,0.22841145494767318,0.4244796317353512
197,Adam,full,random,0.1,0.3074113794324333,1.1983210615419905e-15
197,Adam,full,zero,0.1,0.3074113794324332,1.167055121521967e-15
197,Adam,full,sparse,0.1,0.3074254719188974,1.939812417581884e-05
197,Adam,mini-batch,random,0.1,0.3406472303123119,0.06962772278826389
197,Adam,mini-batch,zero,0.1,0.34920273153292997,0.07321594048451738
197,Adam,mini-batch,sparse,0.1,0.3517820956963629,0.07479707433995043
197,Adam,SGD,random,0.1,0.5290937822609068,0.43735537715573464
197,Adam,SGD,zero,0.1,0.6917279522509432,0.5360213053250222
197,Adam,SGD,sparse,0.1,0.3347460576663188,0.5142160243450387
198,GD,full,random,0.01,0.355973717862534,0.30528730332907633
198,GD,full,zero,0.01,0.22616549468658126,0.06085292829595993
198,GD,full,sparse,0.01,0.39454048622656557,0.40722173473365325
198,GD,mini-batch,random,0.01,0.34606100014644364,0.30013181798006466
198,GD,mini-batch,zero,0.01,0.21839051729702078,0.058171860196745445
198,GD,mini-batch,sparse,0.01,0.3908873649428104,0.4074780199754553
198,GD,SGD,random,0.01,0.34133807119835147,0.24538913203973478
198,GD,SGD,zero,0.01,0.3537860106923515,0.17401860563698995
198,GD,SGD,sparse,0.01,0.4673691145964074,0.40715081602355047
198,AdaGrad,full,random,0.01,1.715651093235185,1.8023205798838702
198,AdaGrad,full,zero,0.01,0.4106442774861619,0.30739177950978047
198,AdaGrad,full,sparse,0.01,1.5303418607460344,1.606637213441234
198,AdaGrad,mini-batch,random,0.01,1.7178879901016688,1.805171195942629
198,AdaGrad,mini-batch,zero,0.01,0.41779538425217017,0.31057606335143445
198,AdaGrad,mini-batch,sparse,0.01,1.64585358493488,1.7134123446704077
198,AdaGrad,SGD,random,0.01,1.8214380442966103,1.924765148702623
198,AdaGrad,SGD,zero,0.01,0.5546511681337842,0.40562203188097057
198,AdaGrad,SGD,sparse,0.01,1.9578286103255476,2.027822372212445
198,RMSProp,full,random,0.01,0.21284595694142325,0.009999990797459057
198,RMSProp,full,zero,0.01,0.22968262924711574,0.00999999079745996
198,RMSProp,full,sparse,0.01,0.22968262924711574,0.00999999079745996
198,RMSProp,mini-batch,random,0.01,0.20098133325778983,0.03718414585429066
198,RMSProp,mini-batch,zero,0.01,0.20097359874125867,0.03712179518637941
198,RMSProp,mini-batch,sparse,0.01,0.20096915500848467,0.03716276872088601
198,RMSProp,SGD,random,0.01,0.22065098841069486,0.18354959936738688
198,RMSProp,SGD,zero,0.01,0.2576478283820728,0.14150540687884236
198,RMSProp,SGD,sparse,0.01,0.30521485576055907,0.2465440377434424
198,Adam,full,random,0.01,0.21715810254508386,0.04672970107335059
198,Adam,full,zero,0.01,0.2212013453218518,1.3262828606846438e-05
198,Adam,full,sparse,0.01,0.22119840989891948,1.0913690177531295e-07
198,Adam,mini-batch,random,0.01,0.19054083756137788,0.07528409694686364
198,Adam,mini-batch,zero,0.01,0.17156143143805258,0.06725079524834389
198,Adam,mini-batch,sparse,0.01,0.17249138388046587,0.07138124129582041
198,Adam,SGD,random,0.01,0.46514333159600213,0.39339096707551724
198,Adam,SGD,zero,0.01,0.3459416582342391,0.16922890327826784
198,Adam,SGD,sparse,0.01,0.4104432137380909,0.3552002358785381
198,GD,full,random,0.1,0.22119846192419973,9.941349533289018e-08
198,GD,full,zero,0.1,0.2211984618152399,4.6857984214759794e-08
198,GD,full,sparse,0.1,0.22119845350290956,1.5232091623703914e-07
198,GD,mini-batch,random,0.1,0.19624043867003124,0.0587531383209937
198,GD,mini-batch,zero,0.1,0.19624042784834314,0.05875310830727552
198,GD,mini-batch,sparse,0.1,0.196240438710238,0.058753125219811006
198,GD,SGD,random,0.1,0.47404500226553453,0.550328677000261
198,GD,SGD,zero,0.1,0.8922382869676132,0.8404929321300268
198,GD,SGD,sparse,0.1,0.853909048645822,0.6590626393763431
198,AdaGrad,full,random,0.1,0.22593008246511945,0.11021212635156796
198,AdaGrad,full,zero,0.1,0.22121326962200766,7.64011502835306e-05
198,AdaGrad,full,sparse,0.1,0.22110210495802832,0.00024065134386624173
198,AdaGrad,mini-batch,random,0.1,0.23185945738785266,0.14954900327512047
198,AdaGrad,mini-batch,zero,0.1,0.2032763226677738,0.018307512689671707
198,AdaGrad,mini-batch,sparse,0.1,0.19865670025930848,0.028080752871486526
198,AdaGrad,SGD,random,0.1,0.7857076031373078,0.7678790065664309
198,AdaGrad,SGD,zero,0.1,0.30789974968889655,0.13375223371165246
198,AdaGrad,SGD,sparse,0.1,0.7612965186600886,0.7771837102532079
198,RMSProp,full,random,0.1,0.1472249273711531,0.09999999079745908
198,RMSProp,full,zero,0.1,0.1472249273711531,0.09999999079745908
198,RMSProp,full,sparse,0.1,0.1472249273711531,0.09999999079745908
198,RMSProp,mini-batch,random,0.1,0.27838054533066875,0.09878859572351845
198,RMSProp,mini-batch,zero,0.1,0.2783805453306687,0.09878859572351852
198,RMSProp,mini-batch,sparse,0.1,0.2783805453306687,0.09878859572351852
198,RMSProp,SGD,random,0.1,0.34537315694690773,0.43435214778376524
198,RMSProp,SGD,zero,0.1,0.6749214618695096,0.5919977762251499
198,RMSProp,SGD,sparse,0.1,0.6078569278505231,0.4298916602131086
198,Adam,full,random,0.1,0.22119845380594277,1.607189236341558e-15
198,Adam,full,zero,0.1,0.22119845380594283,1.3866681133119837e-15
198,Adam,full,sparse,0.1,0.22119845380594283,1.3380375466713835e-15
198,Adam,mini-batch,random,0.1,0.17017512443033428,0.10910034448726141
198,Adam,mini-batch,zero,0.1,0.1978095767935245,0.09340349931810057
198,Adam,mini-batch,sparse,0.1,0.2030975133148293,0.09242362062827361
198,Adam,SGD,random,0.1,0.6235533032113284,0.6397987658519954
198,Adam,SGD,zero,0.1,0.7995204190088627,0.7385250750873712
198,Adam,SGD,sparse,0.1,0.5629158941045402,0.5562678533866865
199,GD,full,random,0.01,0.3072195039417324,0.23527865476098286
199,GD,full,zero,0.01,0.1918816578824153,0.0511013335673069
199,GD,full,sparse,0.01,0.48158604196261007,0.40752574081687626
199,GD,mini-batch,random,0.01,0.3057083786730506,0.23637491224620463
199,GD,mini-batch,zero,0.01,0.18541338941578844,0.044675064805128194
199,GD,mini-batch,sparse,0.01,0.47830492689280313,0.40542399990181166
199,GD,SGD,random,0.01,0.31560936479762985,0.2173620437416707
199,GD,SGD,zero,0.01,0.2539731750591523,0.08822388461457074
199,GD,SGD,sparse,0.01,0.4933391230966811,0.40753838365196554
199,AdaGrad,full,random,0.01,1.5525354373830351,1.6252880678668853
199,AdaGrad,full,zero,0.01,0.32545467549424667,0.221933563316345
199,AdaGrad,full,sparse,0.01,1.7314167697966854,1.6828149636597007
199,AdaGrad,mini-batch,random,0.01,1.5528019275549048,1.6256131890441
199,AdaGrad,mini-batch,zero,0.01,0.32742502159574793,0.2241989417681501
199,AdaGrad,mini-batch,sparse,0.01,1.7544561395515867,1.7042362815598124
199,AdaGrad,SGD,random,0.01,1.698844052619004,1.7822751591433819
199,AdaGrad,SGD,zero,0.01,0.41079483863378635,0.2819453920920397
199,AdaGrad,SGD,sparse,0.01,1.9091579856004133,1.8675814363473742
199,RMSProp,full,random,0.01,0.1587198970792392,0.009999990685679784
199,RMSProp,full,zero,0.01,0.17651300979253928,0.009999990685678953
199,RMSProp,full,sparse,0.01,0.17651300979253934,0.009999990685678986
199,RMSProp,mini-batch,random,0.01,0.15087887895874622,0.021558816000986553
199,RMSProp,mini-batch,zero,0.01,0.15087668583117494,0.021557891707003517
199,RMSProp,mini-batch,sparse,0.01,0.15087944208529017,0.02155699264334688
199,RMSProp,SGD,random,0.01,0.17862337806759326,0.09332886478797282
199,RMSProp,SGD,zero,0.01,0.17861775404441815,0.09110692389028018
199,RMSProp,SGD,sparse,0.01,0.2243681771562911,0.12980038388874215
199,Adam,full,random,0.01,0.20434648350835447,0.08945279556385047
199,Adam,full,zero,0.01,0.1675542430490815,7.192957042695768e-13
199,Adam,full,sparse,0.01,0.16755753647702132,1.5674093364275945e-05
199,Adam,mini-batch,random,0.01,0.20368780536979592,0.09944196032153825
199,Adam,mini-batch,zero,0.01,0.12475449889486767,0.06222620229195504
199,Adam,mini-batch,sparse,0.01,0.12456516667757171,0.05696302323480462
199,Adam,SGD,random,0.01,0.47613950561078516,0.3901362103110932
199,Adam,SGD,zero,0.01,0.24159236358419833,0.09075079994332848
199,Adam,SGD,sparse,0.01,0.4608397191329376,0.36388296634094036
199,GD,full,random,0.1,0.1675542648053937,9.259207956377602e-08
199,GD,full,zero,0.1,0.16755424765247204,1.9264644259479735e-08
199,GD,full,sparse,0.1,0.16755431711501553,3.7121767957189114e-07
199,GD,mini-batch,random,0.1,0.15042089867464722,0.019973103520063384
199,GD,mini-batch,zero,0.1,0.15042087703074758,0.019973084493836127
199,GD,mini-batch,sparse,0.1,0.15042095381085854,0.01997310389611015
199,GD,SGD,random,0.1,0.2844988454335919,0.20154747481465615
199,GD,SGD,zero,0.1,0.5241877675203142,0.36737059695313384
199,GD,SGD,sparse,0.1,0.2485212458357528,0.2032212216546579
199,AdaGrad,full,random,0.1,0.26266680681084886,0.17479614922605277
199,AdaGrad,full,zero,0.1,0.16755424385723566,4.5987411958179135e-09
199,AdaGrad,full,sparse,0.1,0.16782759514364243,0.0012972503806482954
199,AdaGrad,mini-batch,random,0.1,0.26189845671889506,0.1786879466161198
199,AdaGrad,mini-batch,zero,0.1,0.1514301237241003,0.018778798872410043
199,AdaGrad,mini-batch,sparse,0.1,0.15597196566863428,0.022976242540334802
199,AdaGrad,SGD,random,0.1,0.6590242365369313,0.6014612410493626
199,AdaGrad,SGD,zero,0.1,0.20482479467742726,0.04461862217175352
199,AdaGrad,SGD,sparse,0.1,0.7655246096165035,0.6998295773071068
199,RMSProp,full,random,0.1,0.2605736594038973,0.09999999068567904
199,RMSProp,full,zero,0.1,0.2605736594038973,0.09999999068567902
199,RMSProp,full,sparse,0.1,0.0908306832880368,0.09999999068567987
199,RMSProp,mini-batch,random,0.1,0.2587824598091161,0.14431393046740698
199,RMSProp,mini-batch,zero,0.1,0.2587824598091161,0.14431393046740698
199,RMSProp,mini-batch,sparse,0.1,0.2587824598091161,0.14431393046740698
199,RMSProp,SGD,random,0.1,0.3067787995815424,0.22841806098699743
199,RMSProp,SGD,zero,0.1,0.42573532913915063,0.29064420515798195
199,RMSProp,SGD,sparse,0.1,0.28096838242545685,0.23419049731516117
199,Adam,full,random,0.1,0.16755424304898703,5.585701844806365e-16
199,Adam,full,zero,0.1,0.16755424304898694,6.38378239159465e-16
199,Adam,full,sparse,0.1,0.16755424304898692,7.065416064076988e-16
199,Adam,mini-batch,random,0.1,0.18720151512026367,0.07018724445436958
199,Adam,mini-batch,zero,0.1,0.14982018926381285,0.0757027662239786
199,Adam,mini-batch,sparse,0.1,0.14766543980332228,0.07674058620947241
199,Adam,SGD,random,0.1,0.5026371098011726,0.3818519211232578
199,Adam,SGD,zero,0.1,0.2673539585667937,0.2478983391300928
199,Adam,SGD,sparse,0.1,0.5066936665579228,0.4301958459249566
