seed,Optimizer,Batch Type,Init Type,Estimation Error,Weight Error
41,GD,SGD,random,0.03309258494053312,0.29443799275978594
41,GD,SGD,sparse,0.03067446856749051,0.389396999857642
41,GD,SGD,zero,0.032671693007323914,0.18460364667295978
41,GD,full,random,0.052106154176646755,0.32420166085054875
41,GD,full,sparse,0.057141276673108886,0.41253643394006906
41,GD,full,zero,0.04869645127367713,0.23140792275667588
41,GD,mini-batch,random,0.05990987382475965,0.3308589595244094
41,GD,mini-batch,sparse,0.06545499879286201,0.41928854759151885
41,GD,mini-batch,zero,0.05741368100653109,0.24825061166064605
41,AdaGrad,SGD,random,1.0936610630559922,1.4973218035869684
41,AdaGrad,SGD,sparse,0.22319025241827561,1.6299877056773644
41,AdaGrad,SGD,zero,0.165347040187761,0.5376787757403299
41,AdaGrad,full,random,0.6937351959216403,1.3646813911325624
41,AdaGrad,full,sparse,0.18389634431849813,1.4068063765186016
41,AdaGrad,full,zero,0.06674164490866552,0.40987655569301557
41,AdaGrad,mini-batch,random,0.7132376243215599,1.3691865672661294
41,AdaGrad,mini-batch,sparse,0.2027724915573047,1.4655215313037582
41,AdaGrad,mini-batch,zero,0.07145413298838282,0.4253427684577775
41,RMSProp,SGD,random,0.017811946773046927,0.21650353426589414
41,RMSProp,SGD,sparse,0.016288591261932113,0.258762984247533
41,RMSProp,SGD,zero,0.017141685482306424,0.10378126297056435
41,RMSProp,full,random,0.04378096122240017,0.19591551668127327
41,RMSProp,full,sparse,0.04378096122240018,0.19591551668127336
41,RMSProp,full,zero,0.04378096122240014,0.19591551668127322
41,RMSProp,mini-batch,random,0.05094613430876362,0.2093930152613217
41,RMSProp,mini-batch,sparse,0.05094594317448774,0.20938794560016227
41,RMSProp,mini-batch,zero,0.0509452918966866,0.2093691340055011
41,Adam,SGD,random,0.036821028189034294,0.3539412780074098
41,Adam,SGD,sparse,0.02981468613240779,0.34262986926724903
41,Adam,SGD,zero,0.03027152579558427,0.15286160156766773
41,Adam,full,random,0.047735720993953276,0.21599914469851555
41,Adam,full,sparse,0.04763824821707884,0.20492732203702127
41,Adam,full,zero,0.0476382516457972,0.20492733619042067
41,Adam,mini-batch,random,0.06577003240917817,0.25652906927137825
41,Adam,mini-batch,sparse,0.05255205303236924,0.2166471248940568
41,Adam,mini-batch,zero,0.05349909495860353,0.2181006665420996
42,GD,SGD,random,0.10391711373704199,0.4778419517790576
42,GD,SGD,sparse,0.15809828992536173,0.6048745182130337
42,GD,SGD,zero,0.0857510959912345,0.29925334916202295
42,GD,full,random,0.0972277742251756,0.5501163822580718
42,GD,full,sparse,0.10177471401568748,0.5883812818218612
42,GD,full,zero,0.08204543744286119,0.34102940491477085
42,GD,mini-batch,random,0.10319033042800353,0.5777838769223075
42,GD,mini-batch,sparse,0.10769152198705194,0.6095028631775219
42,GD,mini-batch,zero,0.08684440950175168,0.3657437460147601
42,AdaGrad,SGD,random,0.9570028994799529,2.0312083146044757
42,AdaGrad,SGD,sparse,0.47152010676687706,2.26571324761884
42,AdaGrad,SGD,zero,0.4053280054250208,0.782771699311001
42,AdaGrad,full,random,0.5829575175235465,1.941510859867317
42,AdaGrad,full,sparse,0.338037868683381,1.8780851272000785
42,AdaGrad,full,zero,0.15123682126080706,0.5885287198683595
42,AdaGrad,mini-batch,random,0.5948858075942672,1.947734036741975
42,AdaGrad,mini-batch,sparse,0.40052480328840223,2.008437747197836
42,AdaGrad,mini-batch,zero,0.167266102236793,0.6073120071400239
42,RMSProp,SGD,random,0.05358912322766667,0.4686803948808354
42,RMSProp,SGD,sparse,0.0939428641253208,0.5484179496331262
42,RMSProp,SGD,zero,0.028884058573444095,0.18379640694019334
42,RMSProp,full,random,0.08642201411073275,0.33170449468418306
42,RMSProp,full,sparse,0.08642201411073291,0.33170449468418334
42,RMSProp,full,zero,0.08642201411073283,0.33170449468418317
42,RMSProp,mini-batch,random,0.0738906293872547,0.34787461980710854
42,RMSProp,mini-batch,sparse,0.07387909754772742,0.34767199225079376
42,RMSProp,mini-batch,zero,0.07386296808764882,0.34749704966720596
42,Adam,SGD,random,0.15809309306959268,0.7504170496448305
42,Adam,SGD,sparse,0.15402555650411956,0.726322516663214
42,Adam,SGD,zero,0.12564035896508807,0.35399498033884286
42,Adam,full,random,0.0818753639357063,0.34611993066208196
42,Adam,full,sparse,0.08096756750594543,0.3238758464135121
42,Adam,full,zero,0.080967608239061,0.32387578882837287
42,Adam,mini-batch,random,0.07812165931636825,0.38510026470868586
42,Adam,mini-batch,sparse,0.07089299040326369,0.34595047040719973
42,Adam,mini-batch,zero,0.07062429592809254,0.3452765099413811
43,GD,SGD,random,0.05595200874539312,0.5885621213283145
43,GD,SGD,sparse,0.06385535652300807,0.7334164166084036
43,GD,SGD,zero,0.05537697872816206,0.38772097519589527
43,GD,full,random,0.06848458362144987,0.48954354398644506
43,GD,full,sparse,0.07885705305083818,0.6193046605867277
43,GD,full,zero,0.057253410486799744,0.3046863444597893
43,GD,mini-batch,random,0.06403318149597458,0.48185877637000374
43,GD,mini-batch,sparse,0.07389243714354235,0.6110721380759744
43,GD,mini-batch,zero,0.052382151511822454,0.2812525036962782
43,AdaGrad,SGD,random,1.3151476457174702,2.007655950650765
43,AdaGrad,SGD,sparse,0.40881741286597906,2.2493963287025864
43,AdaGrad,SGD,zero,0.2280363443821287,0.6609748383403745
43,AdaGrad,full,random,0.8741756882675616,1.9174260324102657
43,AdaGrad,full,sparse,0.3414220807571808,2.016128544259051
43,AdaGrad,full,zero,0.07746981596683043,0.49996519582754606
43,AdaGrad,mini-batch,random,0.8842466667961095,1.915794857933383
43,AdaGrad,mini-batch,sparse,0.36368655398471006,2.0658792081631634
43,AdaGrad,mini-batch,zero,0.08399764005056141,0.5096231235911352
43,RMSProp,SGD,random,0.032787851345123235,0.5052364157607371
43,RMSProp,SGD,sparse,0.0382161186711388,0.6012405369522977
43,RMSProp,SGD,zero,0.02803947351375547,0.26693167146134106
43,RMSProp,full,random,0.05150268537177978,0.25950248476568416
43,RMSProp,full,sparse,0.06040797366272036,0.27440714171465586
43,RMSProp,full,zero,0.06040797366272039,0.2744071417146559
43,RMSProp,mini-batch,random,0.059550680424496266,0.2557038154284534
43,RMSProp,mini-batch,sparse,0.05955072934677288,0.2557081217063477
43,RMSProp,mini-batch,zero,0.05954889061729701,0.25565220109708015
43,Adam,SGD,random,0.09411989748536964,0.8122207109627447
43,Adam,SGD,sparse,0.0724908229715842,0.7655722893244502
43,Adam,SGD,zero,0.06582199924660813,0.399461437234767
43,Adam,full,random,0.058014652493359194,0.32954555394776947
43,Adam,full,sparse,0.05584285770027031,0.26687812728257976
43,Adam,full,zero,0.055842984275686375,0.2668715273682658
43,Adam,mini-batch,random,0.05642174503160537,0.3144600328232452
43,Adam,mini-batch,sparse,0.0714461379484783,0.2803450833959468
43,Adam,mini-batch,zero,0.07123459476007982,0.27840336734381776
44,GD,SGD,random,0.09945614731278374,0.3818078531252253
44,GD,SGD,sparse,0.101960511250965,0.431321088423724
44,GD,SGD,zero,0.08901993119924273,0.34821093293381344
44,GD,full,random,0.06560245088099145,0.3280500824888867
44,GD,full,sparse,0.06746049798657955,0.35490530630212136
44,GD,full,zero,0.06463172318126241,0.3250322416929833
44,GD,mini-batch,random,0.0565352947494346,0.308980943831065
44,GD,mini-batch,sparse,0.05902799822090351,0.3497652506381973
44,GD,mini-batch,zero,0.055167117629314026,0.2971260285470343
44,AdaGrad,SGD,random,1.0283929559041969,1.5599869068320003
44,AdaGrad,SGD,sparse,0.24048912987176516,1.645586018297047
44,AdaGrad,SGD,zero,0.27404177842441796,0.7628907769991016
44,AdaGrad,full,random,0.6391112690591041,1.4375699802223232
44,AdaGrad,full,sparse,0.18476538695168163,1.3409074938879442
44,AdaGrad,full,zero,0.10415035353354342,0.6267531753106674
44,AdaGrad,mini-batch,random,0.6403914078725851,1.436622219437187
44,AdaGrad,mini-batch,sparse,0.20933623295600032,1.4348262458817584
44,AdaGrad,mini-batch,zero,0.10700021578817732,0.6335415018726079
44,RMSProp,SGD,random,0.060842335474870106,0.3018903021780707
44,RMSProp,SGD,sparse,0.06176970148262039,0.3400123611700894
44,RMSProp,SGD,zero,0.05122721628441926,0.24264322485394887
44,RMSProp,full,random,0.06720800004632907,0.28565974012851186
44,RMSProp,full,sparse,0.06720800004632904,0.2856597401285118
44,RMSProp,full,zero,0.06720800004632907,0.28565974012851186
44,RMSProp,mini-batch,random,0.05449025362640996,0.23107585475671358
44,RMSProp,mini-batch,sparse,0.054490818381427567,0.23108273220459655
44,RMSProp,mini-batch,zero,0.05449616079932435,0.2311966721616027
44,Adam,SGD,random,0.11672574699561461,0.47953613026082514
44,Adam,SGD,sparse,0.10806375291942802,0.4569889069912297
44,Adam,SGD,zero,0.09756878634943482,0.355218703875333
44,Adam,full,random,0.06152860958413811,0.25719851950490785
44,Adam,full,sparse,0.06239417687710584,0.27796799869056876
44,Adam,full,zero,0.06239418259043512,0.27796808311243426
44,Adam,mini-batch,random,0.05393535225536305,0.220753276141622
44,Adam,mini-batch,sparse,0.04945088106573213,0.22291331224168964
44,Adam,mini-batch,zero,0.050163437297196516,0.22467984780810082
45,GD,SGD,random,0.04277286248657477,0.22766337567702113
45,GD,SGD,sparse,0.05886031758699479,0.4241587250298346
45,GD,SGD,zero,0.05163267690597072,0.2908113469399411
45,GD,full,random,0.06104955684169435,0.253705918014754
45,GD,full,sparse,0.07013107980022219,0.41626624773532955
45,GD,full,zero,0.06295927032454286,0.28932043981506933
45,GD,mini-batch,random,0.06591680815480347,0.2560531492031007
45,GD,mini-batch,sparse,0.07324284264111892,0.4062132162114242
45,GD,mini-batch,zero,0.0672904473958839,0.2934396021004364
45,AdaGrad,SGD,random,0.5748691470012487,1.1829850840238425
45,AdaGrad,SGD,sparse,0.24249055416866064,1.5881676115874057
45,AdaGrad,SGD,zero,0.45088890001705806,0.8340616545598238
45,AdaGrad,full,random,0.2965364003069009,1.0438337627320469
45,AdaGrad,full,sparse,0.13538082666519052,1.094304548371802
45,AdaGrad,full,zero,0.16716256273899208,0.6375010321437427
45,AdaGrad,mini-batch,random,0.3042767582426802,1.0495757020281669
45,AdaGrad,mini-batch,sparse,0.17316074732165773,1.2416101496438425
45,AdaGrad,mini-batch,zero,0.1840939723060183,0.6525095161020139
45,RMSProp,SGD,random,0.018120702813508242,0.14326602357561466
45,RMSProp,SGD,sparse,0.02659246723920157,0.25615657902470157
45,RMSProp,SGD,zero,0.020202974281278558,0.21018431625273587
45,RMSProp,full,random,0.05696369447211332,0.253738828194694
45,RMSProp,full,sparse,0.06620343792690579,0.26992400986427223
45,RMSProp,full,zero,0.05696369447211332,0.253738828194694
45,RMSProp,mini-batch,random,0.0825454851122477,0.30264258582447023
45,RMSProp,mini-batch,sparse,0.08254592873678734,0.30265807104720466
45,RMSProp,mini-batch,zero,0.08254709896335252,0.3026514345137833
45,Adam,SGD,random,0.04331386517832349,0.25494341566254863
45,Adam,SGD,sparse,0.052366731481771484,0.4079926863699487
45,Adam,SGD,zero,0.03811719435916144,0.3056880342356067
45,Adam,full,random,0.061190574845443185,0.2566750935283663
45,Adam,full,sparse,0.061476232044793154,0.26176550996231035
45,Adam,full,zero,0.06147656317509588,0.26177083442856214
45,Adam,mini-batch,random,0.06248689055281143,0.2614021888281935
45,Adam,mini-batch,sparse,0.07222036651522046,0.29335424495653406
45,Adam,mini-batch,zero,0.06759559350066864,0.28149535228553296
46,GD,SGD,random,0.04581050977378908,0.4221641961788865
46,GD,SGD,sparse,0.05179715464546852,0.5935271661075409
46,GD,SGD,zero,0.03681992198302317,0.3708025398119149
46,GD,full,random,0.04165615817746289,0.3514131552842916
46,GD,full,sparse,0.05403502434234491,0.5182891641433709
46,GD,full,zero,0.03742424156157974,0.252817855742071
46,GD,mini-batch,random,0.044137593158166614,0.34768216766942783
46,GD,mini-batch,sparse,0.05553009182493431,0.5095444203345794
46,GD,mini-batch,zero,0.03963850702153656,0.24452140165299197
46,AdaGrad,SGD,random,0.9820729772090336,1.7904856412052734
46,AdaGrad,SGD,sparse,0.4352731172102417,2.2274974879633254
46,AdaGrad,SGD,zero,0.2020827062931721,0.7343187748626396
46,AdaGrad,full,random,0.6708763699553596,1.6856337005872042
46,AdaGrad,full,sparse,0.3070661224139526,1.8699429386505868
46,AdaGrad,full,zero,0.0864506533271287,0.6170174243609153
46,AdaGrad,mini-batch,random,0.6872649914075067,1.6915414823016495
46,AdaGrad,mini-batch,sparse,0.34506499612704217,1.958275977816304
46,AdaGrad,mini-batch,zero,0.09385336703708048,0.622159394406869
46,RMSProp,SGD,random,0.02624289057084871,0.29856432665803867
46,RMSProp,SGD,sparse,0.025824592571949676,0.40845713739022316
46,RMSProp,SGD,zero,0.018105848828906146,0.2500913210952782
46,RMSProp,full,random,0.03861842937354622,0.20519297163053374
46,RMSProp,full,sparse,0.032207897753411326,0.1907590088927
46,RMSProp,full,zero,0.03861842937354621,0.20519297163053374
46,RMSProp,mini-batch,random,0.036068833898356474,0.1965518942851838
46,RMSProp,mini-batch,sparse,0.036068949429476464,0.19655428141791365
46,RMSProp,mini-batch,zero,0.03606912644781268,0.19655972252194484
46,Adam,SGD,random,0.046180526300559854,0.515392963190396
46,Adam,SGD,sparse,0.047647287892135674,0.5419759871014522
46,Adam,SGD,zero,0.03666761344895555,0.377076345420384
46,Adam,full,random,0.035609567156643214,0.21641587396996015
46,Adam,full,sparse,0.03530462465770647,0.19785546593558023
46,Adam,full,zero,0.03530465019323676,0.19785505283004387
46,Adam,mini-batch,random,0.038962324002525243,0.21519847575643583
46,Adam,mini-batch,sparse,0.032210955275511745,0.18090809520907333
46,Adam,mini-batch,zero,0.0330984405303317,0.18079482540261244
47,GD,SGD,random,0.026654170300663686,0.20261917503465507
47,GD,SGD,sparse,0.023287863272984884,0.20880518805518028
47,GD,SGD,zero,0.031545717513523364,0.2902976984215355
47,GD,full,random,0.037328229927554184,0.19843208116502384
47,GD,full,sparse,0.03756403370056318,0.22753371722143953
47,GD,full,zero,0.041134109260547884,0.2900166973573706
47,GD,mini-batch,random,0.04026227406997541,0.20206013531933698
47,GD,mini-batch,sparse,0.0404734562762632,0.23356154043997795
47,GD,mini-batch,zero,0.04449741229659962,0.29393259153474643
47,AdaGrad,SGD,random,1.3962190815339595,1.4395465199765718
47,AdaGrad,SGD,sparse,0.12160579370403468,1.1771895272903636
47,AdaGrad,SGD,zero,0.11449889564626499,0.7227443968692724
47,AdaGrad,full,random,1.000330300817714,1.303605209960148
47,AdaGrad,full,sparse,0.11767255408503016,1.0762072216327496
47,AdaGrad,full,zero,0.06731696982641433,0.5994061147858585
47,AdaGrad,mini-batch,random,1.0181693065991855,1.3096898056367687
47,AdaGrad,mini-batch,sparse,0.12000409246508388,1.098098066193559
47,AdaGrad,mini-batch,zero,0.06898187922229196,0.6135470236244248
47,RMSProp,SGD,random,0.01341462885433214,0.09022121777402205
47,RMSProp,SGD,sparse,0.015165801055899101,0.09015935449835774
47,RMSProp,SGD,zero,0.017040114503620602,0.10425214998357832
47,RMSProp,full,random,0.04116019414754654,0.2196550828322013
47,RMSProp,full,sparse,0.04116019414754654,0.21965508283220134
47,RMSProp,full,zero,0.0344040299273271,0.20517457271559644
47,RMSProp,mini-batch,random,0.03599481584462223,0.22332991917945366
47,RMSProp,mini-batch,sparse,0.035994800432535966,0.22332979315389262
47,RMSProp,mini-batch,zero,0.035995061120713115,0.2233361945630578
47,Adam,SGD,random,0.03389964054784871,0.24045047198051747
47,Adam,SGD,sparse,0.019268142490901193,0.18259147094174955
47,Adam,SGD,zero,0.0399114225529002,0.27934465513739576
47,Adam,full,random,0.03653551465719976,0.18042755147243356
47,Adam,full,sparse,0.03767149137858516,0.21230234141664522
47,Adam,full,zero,0.03767151422947866,0.21230280387619815
47,Adam,mini-batch,random,0.045293765609534346,0.20227973338978025
47,Adam,mini-batch,sparse,0.05375688894385105,0.25045177240989974
47,Adam,mini-batch,zero,0.05397867234716621,0.25199983756332733
48,GD,SGD,random,0.050327542242960877,0.3783708315894299
48,GD,SGD,sparse,0.04978715108685565,0.49233253820046774
48,GD,SGD,zero,0.042929754124558316,0.22169722784052356
48,GD,full,random,0.037384223448377364,0.35374831415614877
48,GD,full,sparse,0.0467309699306795,0.4869426251832949
48,GD,full,zero,0.0301710653783314,0.18575301330335006
48,GD,mini-batch,random,0.03777058257266955,0.35535455067594107
48,GD,mini-batch,sparse,0.04632826324806786,0.4786142105961887
48,GD,mini-batch,zero,0.030385348261060208,0.1892567634723325
48,AdaGrad,SGD,random,1.618332265746154,1.9060667870706327
48,AdaGrad,SGD,sparse,0.3598303596137554,2.087108130946201
48,AdaGrad,SGD,zero,0.07532485005702784,0.4148926189402102
48,AdaGrad,full,random,1.1590580083818536,1.7788922783871397
48,AdaGrad,full,sparse,0.3202189500208487,1.9528213471960862
48,AdaGrad,full,zero,0.036862299139256066,0.3124166440136577
48,AdaGrad,mini-batch,random,1.1847002543798824,1.785055080434679
48,AdaGrad,mini-batch,sparse,0.3237545555153424,1.9612818505680196
48,AdaGrad,mini-batch,zero,0.03779271630660974,0.32536185598508555
48,RMSProp,SGD,random,0.02552463014746156,0.18378952521271605
48,RMSProp,SGD,sparse,0.016288238665352554,0.18961754737465597
48,RMSProp,SGD,zero,0.027310677988363105,0.136834712889574
48,RMSProp,full,random,0.03272205493549666,0.18823914294213784
48,RMSProp,full,sparse,0.027007194487404546,0.17415993115107747
48,RMSProp,full,zero,0.03272205493549666,0.18823914294213784
48,RMSProp,mini-batch,random,0.03559319509005374,0.2117409022163887
48,RMSProp,mini-batch,sparse,0.03559319927573196,0.21174082567634994
48,RMSProp,mini-batch,zero,0.035593163794495876,0.21174012647937354
48,Adam,SGD,random,0.06303087805936142,0.46523258081964625
48,Adam,SGD,sparse,0.04729244461544444,0.3727782234390108
48,Adam,SGD,zero,0.04944508804424254,0.21776146871671123
48,Adam,full,random,0.031245832788707815,0.23017178175212338
48,Adam,full,sparse,0.029755639685451987,0.18105972747535623
48,Adam,full,zero,0.029756191244746346,0.18106028957538783
48,Adam,mini-batch,random,0.03439244297576399,0.25629370694064363
48,Adam,mini-batch,sparse,0.039570823726242634,0.22496903771753438
48,Adam,mini-batch,zero,0.03976847036443753,0.22589508592531835
49,GD,SGD,random,0.09923555460046364,0.3692802882429482
49,GD,SGD,sparse,0.07054466733478773,0.34290682941646056
49,GD,SGD,zero,0.14437506363041022,0.4477744687021023
49,GD,full,random,0.09297244830272722,0.33624917483383254
49,GD,full,sparse,0.0958072556150571,0.3733633690706279
49,GD,full,zero,0.09277299622016108,0.33272446119292753
49,GD,mini-batch,random,0.10331230713613486,0.352189499235411
49,GD,mini-batch,sparse,0.10539373810940339,0.3834801718559567
49,GD,mini-batch,zero,0.10342303388786424,0.3455339445661652
49,AdaGrad,SGD,random,0.8070238521010603,1.4328578434559993
49,AdaGrad,SGD,sparse,0.2968318536709278,1.733329038133832
49,AdaGrad,SGD,zero,0.3769856584599306,0.6928858523650885
49,AdaGrad,full,random,0.42903779980152157,1.30391178718115
49,AdaGrad,full,sparse,0.21812127507770906,1.383601720144022
49,AdaGrad,full,zero,0.14090376687019074,0.48992004492143926
49,AdaGrad,mini-batch,random,0.4385131097364263,1.3076611452104439
49,AdaGrad,mini-batch,sparse,0.2678394326320461,1.513067438683629
49,AdaGrad,mini-batch,zero,0.15699456462949513,0.5076736063424748
49,RMSProp,SGD,random,0.04928506498698921,0.29038849951421164
49,RMSProp,SGD,sparse,0.03253180120527674,0.2862188368039214
49,RMSProp,SGD,zero,0.08185449629627498,0.3386474499560316
49,RMSProp,full,random,0.08610061492905055,0.3066826834301587
49,RMSProp,full,sparse,0.08610061492905055,0.30668268343015875
49,RMSProp,full,zero,0.08610061492905055,0.30668268343015875
49,RMSProp,mini-batch,random,0.09993204723624795,0.3362501303619461
49,RMSProp,mini-batch,sparse,0.09993190510118909,0.3362266361508903
49,RMSProp,mini-batch,zero,0.09994421038572159,0.3364295053909501
49,Adam,SGD,random,0.13966429157226387,0.4832210433316791
49,Adam,SGD,sparse,0.09681505929929428,0.41051642378591774
49,Adam,SGD,zero,0.16644204472574348,0.4644878461028002
49,Adam,full,random,0.09084523330396739,0.30003537035521977
49,Adam,full,sparse,0.0918056922727568,0.3151414682934031
49,Adam,full,zero,0.09180569517663353,0.3151415139770788
49,Adam,mini-batch,random,0.11526434072751304,0.33007754733255795
49,Adam,mini-batch,sparse,0.11623619693866866,0.35211754072521795
49,Adam,mini-batch,zero,0.11783668005589536,0.355014290203936
50,GD,SGD,random,0.10707426835785706,0.5375476087547881
50,GD,SGD,sparse,0.09425951905104245,0.6376959461025521
50,GD,SGD,zero,0.07337020201909725,0.3040111710722821
50,GD,full,random,0.08511894447211783,0.4902409133890472
50,GD,full,sparse,0.095767862124398,0.622262870966316
50,GD,full,zero,0.07355218955812118,0.31636611181995233
50,GD,mini-batch,random,0.09063490027829291,0.4943751888547563
50,GD,mini-batch,sparse,0.1004954124287037,0.6144482574702992
50,GD,mini-batch,zero,0.08023821798441647,0.3282064044698817
50,AdaGrad,SGD,random,0.9999061638682698,1.8296918542500953
50,AdaGrad,SGD,sparse,0.36644493007120393,2.0963076624646457
50,AdaGrad,SGD,zero,0.26846685972370254,0.6870904696693471
50,AdaGrad,full,random,0.641006585218053,1.7428355707500895
50,AdaGrad,full,sparse,0.28542558063789303,1.767359231593782
50,AdaGrad,full,zero,0.1111698232025742,0.5427629924574485
50,AdaGrad,mini-batch,random,0.6516706928768219,1.7424937177467597
50,AdaGrad,mini-batch,sparse,0.3194975547769226,1.857636915704422
50,AdaGrad,mini-batch,zero,0.11611028628662413,0.5511292962734218
50,RMSProp,SGD,random,0.06324770819003502,0.34640427257648193
50,RMSProp,SGD,sparse,0.05290444891062597,0.42424302114790324
50,RMSProp,SGD,zero,0.041337045328563214,0.18179613489293442
50,RMSProp,full,random,0.07705776271601872,0.28465115665613033
50,RMSProp,full,sparse,0.07705776271601872,0.28465115665613033
50,RMSProp,full,zero,0.07705776271601872,0.28465115665613033
50,RMSProp,mini-batch,random,0.06170622223981289,0.24987303746561862
50,RMSProp,mini-batch,sparse,0.061703166578316926,0.24981851838986907
50,RMSProp,mini-batch,zero,0.061699459273612076,0.24976319207619196
50,Adam,SGD,random,0.11865605693627794,0.6592984602381671
50,Adam,SGD,sparse,0.10631045713282447,0.5958559092620178
50,Adam,SGD,zero,0.09838452118239471,0.3354763732690254
50,Adam,full,random,0.07331593344250392,0.3140632380211762
50,Adam,full,sparse,0.07177656197200706,0.27619809554472147
50,Adam,full,zero,0.07177656617252595,0.27619796293246773
50,Adam,mini-batch,random,0.08821192167186448,0.34072737911717865
50,Adam,mini-batch,sparse,0.07851265609225114,0.28644659603549383
50,Adam,mini-batch,zero,0.07994864747809238,0.28846539773478913
51,GD,SGD,random,0.09155603584855483,0.4958743164480913
51,GD,SGD,sparse,0.06747316445151964,0.3407154207097216
51,GD,SGD,zero,0.06879229196827742,0.35672635974124856
51,GD,full,random,0.0810855720912561,0.3396389022781448
51,GD,full,sparse,0.07977387429589752,0.3101194272252094
51,GD,full,zero,0.07748539751565382,0.2749881789061415
51,GD,mini-batch,random,0.07257251216854893,0.3300723262794034
51,GD,mini-batch,sparse,0.07213389987053946,0.30630387007806315
51,GD,mini-batch,zero,0.06909370827748554,0.2546334153320807
51,AdaGrad,SGD,random,0.5189601573031936,1.5329063587552976
51,AdaGrad,SGD,sparse,0.26058679767618725,1.4675690483059824
51,AdaGrad,SGD,zero,0.5698452126431446,0.8743515228993494
51,AdaGrad,full,random,0.3235847253201497,1.4587461839550386
51,AdaGrad,full,sparse,0.1352693923746574,0.9620875557113728
51,AdaGrad,full,zero,0.21803898620725204,0.6495770709922293
51,AdaGrad,mini-batch,random,0.3293119723556274,1.461041023432966
51,AdaGrad,mini-batch,sparse,0.18086991898679444,1.1397608189243973
51,AdaGrad,mini-batch,zero,0.23936529445201335,0.6682305441166791
51,RMSProp,SGD,random,0.06534106139794428,0.5127050387800492
51,RMSProp,SGD,sparse,0.0372566545722792,0.3427384016457102
51,RMSProp,SGD,zero,0.0318382905377498,0.24927682003518026
51,RMSProp,full,random,0.07108722797874197,0.24732294389315737
51,RMSProp,full,sparse,0.07108722797874197,0.24732294389315737
51,RMSProp,full,zero,0.07108722797874197,0.24732294389315737
51,RMSProp,mini-batch,random,0.06779866803990442,0.22948737358809598
51,RMSProp,mini-batch,sparse,0.0677982492240528,0.229523488372581
51,RMSProp,mini-batch,zero,0.06780136406291148,0.22958538399340797
51,Adam,SGD,random,0.09579801256355974,0.5693554773912475
51,Adam,SGD,sparse,0.07235689184915553,0.36526025708836346
51,Adam,SGD,zero,0.0809363492468356,0.3925513567963478
51,Adam,full,random,0.07609937950204364,0.2522707313489766
51,Adam,full,sparse,0.07631362964687183,0.2566112507738786
51,Adam,full,zero,0.07631378264718043,0.2566050047963024
51,Adam,mini-batch,random,0.06229086570862708,0.21730987595165638
51,Adam,mini-batch,sparse,0.0634664525848834,0.2194998664214895
51,Adam,mini-batch,zero,0.06299540798058864,0.21989555570233163
52,GD,SGD,random,0.04090371068916344,0.32219012336543373
52,GD,SGD,sparse,0.049577428171624215,0.34475867445442937
52,GD,SGD,zero,0.04544007730333099,0.24790571715348508
52,GD,full,random,0.03989579551108826,0.29394130531576407
52,GD,full,sparse,0.041874475516570954,0.3234785586463163
52,GD,full,zero,0.036004853601049894,0.20758277459779848
52,GD,mini-batch,random,0.041048520870287514,0.3097707911453551
52,GD,mini-batch,sparse,0.04238101379594763,0.33003508962075845
52,GD,mini-batch,zero,0.035857982407609325,0.2055113963058039
52,AdaGrad,SGD,random,1.2881174317691786,1.6632039616564835
52,AdaGrad,SGD,sparse,0.21129938726675773,1.522543440343543
52,AdaGrad,SGD,zero,0.11139917643452411,0.4973355441034233
52,AdaGrad,full,random,0.8726664716838121,1.533466104622944
52,AdaGrad,full,sparse,0.17057471125041848,1.3212735790626624
52,AdaGrad,full,zero,0.04835310869764819,0.39282183263906245
52,AdaGrad,mini-batch,random,0.8862671982640694,1.5354751530854276
52,AdaGrad,mini-batch,sparse,0.1810321459698017,1.3571089744299614
52,AdaGrad,mini-batch,zero,0.049326422416941115,0.39590741747944086
52,RMSProp,SGD,random,0.01709078961431012,0.14962825956244352
52,RMSProp,SGD,sparse,0.026936008540095892,0.16026148969507695
52,RMSProp,SGD,zero,0.024205861197448098,0.16200493233386
52,RMSProp,full,random,0.038350564044033815,0.17844997027691442
52,RMSProp,full,sparse,0.0318248415734103,0.16075049629171523
52,RMSProp,full,zero,0.0318248415734103,0.16075049629171523
52,RMSProp,mini-batch,random,0.049860729302652,0.19931183531326202
52,RMSProp,mini-batch,sparse,0.04986066208397184,0.19931013652777846
52,RMSProp,mini-batch,zero,0.04986065689746252,0.1993101370903806
52,Adam,SGD,random,0.05406497095381844,0.3870905093481149
52,Adam,SGD,sparse,0.032153714967894285,0.20401704509952834
52,Adam,SGD,zero,0.05055016398640709,0.24472888972260948
52,Adam,full,random,0.035068817875643074,0.17621782877436507
52,Adam,full,sparse,0.034979638108937255,0.16953627027864374
52,Adam,full,zero,0.034979639575067265,0.1695363004210269
52,Adam,mini-batch,random,0.03856058910788027,0.1879885133567547
52,Adam,mini-batch,sparse,0.044108069695535046,0.18097176619447589
52,Adam,mini-batch,zero,0.04391362851042359,0.1808670305058484
53,GD,SGD,random,0.04526003596088901,0.3736967617593909
53,GD,SGD,sparse,0.0735554950916984,0.5908562009796215
53,GD,SGD,zero,0.048336410418585336,0.314725420496653
53,GD,full,random,0.04834912558115211,0.3556082110213449
53,GD,full,sparse,0.061051870129823674,0.5273738262671719
53,GD,full,zero,0.04422414884525264,0.28935833287681184
53,GD,mini-batch,random,0.05008995410940357,0.35953326120643975
53,GD,mini-batch,sparse,0.06391706800998415,0.5360453470107848
53,GD,mini-batch,zero,0.045616248494630536,0.28793789812025555
53,AdaGrad,SGD,random,1.309612915290429,1.9099335713066135
53,AdaGrad,SGD,sparse,0.47729637298552663,2.3404406659208505
53,AdaGrad,SGD,zero,0.17785600999550588,0.8258916001144037
53,AdaGrad,full,random,0.8393429234614088,1.7823867530838462
53,AdaGrad,full,sparse,0.36941605100920405,2.0289826106347477
53,AdaGrad,full,zero,0.09051729084219196,0.712964114276873
53,AdaGrad,mini-batch,random,0.8487233474761026,1.7854203491851706
53,AdaGrad,mini-batch,sparse,0.4098591586729791,2.120275471748182
53,AdaGrad,mini-batch,zero,0.09678426661641433,0.7243637792891185
53,RMSProp,SGD,random,0.016843452286498972,0.1295429600681685
53,RMSProp,SGD,sparse,0.03256052331447465,0.29489413098551676
53,RMSProp,SGD,zero,0.01931412369484145,0.11835890750758579
53,RMSProp,full,random,0.044693870021288044,0.2205359531030413
53,RMSProp,full,sparse,0.03742091907077367,0.20479818493010807
53,RMSProp,full,zero,0.03742091907077366,0.20479818493010807
53,RMSProp,mini-batch,random,0.03457864998433698,0.1824488501934674
53,RMSProp,mini-batch,sparse,0.034578919410239634,0.18245808341096328
53,RMSProp,mini-batch,zero,0.03457864712694722,0.18245893887383016
53,Adam,SGD,random,0.06669322941128383,0.5921085173237833
53,Adam,SGD,sparse,0.07448755799224975,0.6017286353263058
53,Adam,SGD,zero,0.03822358841584322,0.2649712956140033
53,Adam,full,random,0.041639975571312944,0.23494091686554153
53,Adam,full,sparse,0.04094830515688311,0.21257932419642223
53,Adam,full,zero,0.040948536339713036,0.2125775170879942
53,Adam,mini-batch,random,0.0453885610718603,0.24177411010358282
53,Adam,mini-batch,sparse,0.05078382158376268,0.21953306890748214
53,Adam,mini-batch,zero,0.051562021203814895,0.22152407804554344
54,GD,SGD,random,0.21844722616877837,0.6708150873271195
54,GD,SGD,sparse,0.22929932194950478,0.854878753019637
54,GD,SGD,zero,0.266116890275062,0.6992037554029844
54,GD,full,random,0.12569896661329952,0.4477856406095137
54,GD,full,sparse,0.1395742152934962,0.6148831182199763
54,GD,full,zero,0.12568499678850997,0.4341472053448262
54,GD,mini-batch,random,0.11095843841329424,0.4259740363579767
54,GD,mini-batch,sparse,0.12616157588203777,0.6023181052467433
54,GD,mini-batch,zero,0.11169849672139263,0.40455217913002384
54,AdaGrad,SGD,random,0.45126678423657096,1.1533867461893423
54,AdaGrad,SGD,sparse,0.3277462452150207,1.7442347360216963
54,AdaGrad,SGD,zero,0.6763427351046893,0.9671370490035411
54,AdaGrad,full,random,0.2013881823157009,1.038036009830104
54,AdaGrad,full,sparse,0.19494619930107485,1.188121086930092
54,AdaGrad,full,zero,0.261860516696866,0.7280405379404029
54,AdaGrad,mini-batch,random,0.20625341235800274,1.0363971540160386
54,AdaGrad,mini-batch,sparse,0.2534530870947823,1.398174157861221
54,AdaGrad,mini-batch,zero,0.2867848912593257,0.7466819661560937
54,RMSProp,SGD,random,0.08089112050509552,0.4011294955124047
54,RMSProp,SGD,sparse,0.10603908056656366,0.6295015856816157
54,RMSProp,SGD,zero,0.083596220194835,0.3640647775749188
54,RMSProp,full,random,0.13080032702537991,0.4194640100409273
54,RMSProp,full,sparse,0.13080032702537994,0.41946401004092737
54,RMSProp,full,zero,0.11723627191417672,0.40397250738431256
54,RMSProp,mini-batch,random,0.11528152288423656,0.37633649956920195
54,RMSProp,mini-batch,sparse,0.115311331602736,0.3767252165689514
54,RMSProp,mini-batch,zero,0.11528003324867193,0.37608452997743474
54,Adam,SGD,random,0.22903317745651255,0.7198578311733504
54,Adam,SGD,sparse,0.2555739638394717,0.9543907397926332
54,Adam,SGD,zero,0.18492120017105435,0.5897334068768808
54,Adam,full,random,0.12397577375462195,0.4146550555682578
54,Adam,full,sparse,0.1239124002322993,0.41166967511285923
54,Adam,full,zero,0.12391215888103915,0.4116643711067167
54,Adam,mini-batch,random,0.09460800602138338,0.35677630857550685
54,Adam,mini-batch,sparse,0.103218594223292,0.35637174456118503
54,Adam,mini-batch,zero,0.09939410779819419,0.3538801509495897
55,GD,SGD,random,0.029568751472795637,0.43390606362767015
55,GD,SGD,sparse,0.04487785235018042,0.527899745694771
55,GD,SGD,zero,0.023450031806093313,0.21302643374262964
55,GD,full,random,0.06167173995832133,0.44017447069850507
55,GD,full,sparse,0.06679763399903298,0.4948320968205135
55,GD,full,zero,0.05043776900976242,0.21936592719297596
55,GD,mini-batch,random,0.06110148873453572,0.4434643231059999
55,GD,mini-batch,sparse,0.06607516250334651,0.49471206637542553
55,GD,mini-batch,zero,0.04932336193537441,0.22060807379979724
55,AdaGrad,SGD,random,1.242875525503757,1.9768320228576077
55,AdaGrad,SGD,sparse,0.36451383184846897,2.025313154213112
55,AdaGrad,SGD,zero,0.18013943735594246,0.46391791604631605
55,AdaGrad,full,random,0.7312379633154198,1.7993706522410244
55,AdaGrad,full,sparse,0.28131644581144993,1.7293726768012372
55,AdaGrad,full,zero,0.07047685653738865,0.3375889648180187
55,AdaGrad,mini-batch,random,0.7487515545275857,1.8045705399942957
55,AdaGrad,mini-batch,sparse,0.3101942867312713,1.797304206582455
55,AdaGrad,mini-batch,zero,0.07966699479888996,0.3530583983346636
55,RMSProp,SGD,random,0.017682605343556337,0.3091312775322934
55,RMSProp,SGD,sparse,0.020769739853419646,0.2771131909997079
55,RMSProp,SGD,zero,0.013448820226698934,0.14582579713991076
55,RMSProp,full,random,0.05408826496751259,0.21263874919743841
55,RMSProp,full,sparse,0.04591222970943062,0.19427270191439178
55,RMSProp,full,zero,0.05408826496751259,0.21263874919743841
55,RMSProp,mini-batch,random,0.04988318249502473,0.2147449507837929
55,RMSProp,mini-batch,sparse,0.049881934848080615,0.214706598046579
55,RMSProp,mini-batch,zero,0.04988118032229647,0.2146871192939733
55,Adam,SGD,random,0.047274562953887427,0.6553901242730785
55,Adam,SGD,sparse,0.03937096270330198,0.5039135538806242
55,Adam,SGD,zero,0.023759827622495944,0.2219379585195993
55,Adam,full,random,0.0510045152645627,0.2432377614861769
55,Adam,full,sparse,0.049892743623012346,0.20341744820960092
55,Adam,full,zero,0.049892745577736486,0.20341722108597454
55,Adam,mini-batch,random,0.053858691788276444,0.2707453463449366
55,Adam,mini-batch,sparse,0.06376068340595747,0.2404966928191309
55,Adam,mini-batch,zero,0.06237541453739564,0.23563332049100694
56,GD,SGD,random,0.11860438495643337,0.3728298645109294
56,GD,SGD,sparse,0.15509822383448058,0.4559757944317729
56,GD,SGD,zero,0.11173253821802899,0.32697690318136596
56,GD,full,random,0.09992186792880552,0.4009471787802924
56,GD,full,sparse,0.10846688578951473,0.5102674677648652
56,GD,full,zero,0.09249782782092113,0.2794453733387012
56,GD,mini-batch,random,0.10050493419080188,0.40759677443622677
56,GD,mini-batch,sparse,0.1099172575475449,0.5189137851071001
56,GD,mini-batch,zero,0.09187453630000553,0.2816139350236104
56,AdaGrad,SGD,random,0.4584868254460621,1.8169493663479925
56,AdaGrad,SGD,sparse,0.5604368720200179,2.2300886567909752
56,AdaGrad,SGD,zero,0.8859944854682378,0.9771775429863576
56,AdaGrad,full,random,0.2783743106040908,1.7420814164492773
56,AdaGrad,full,sparse,0.2578837500713962,1.4864059708593484
56,AdaGrad,full,zero,0.4395961741156104,0.7469369443759624
56,AdaGrad,mini-batch,random,0.2824384227562071,1.7427830375749336
56,AdaGrad,mini-batch,sparse,0.3413378876096728,1.7419020737324684
56,AdaGrad,mini-batch,zero,0.46246140504674993,0.7601688710019197
56,RMSProp,SGD,random,0.0590921369238358,0.34025386686222575
56,RMSProp,SGD,sparse,0.07572243460326428,0.4789919395833339
56,RMSProp,SGD,zero,0.03809707375873939,0.21045548685691293
56,RMSProp,full,random,0.09811409184139555,0.2825745641087746
56,RMSProp,full,sparse,0.09811409184139555,0.2825745641087746
56,RMSProp,full,zero,0.08620988381875067,0.26289879672075583
56,RMSProp,mini-batch,random,0.10175910457216464,0.2862428445773042
56,RMSProp,mini-batch,sparse,0.10176857925046076,0.28640978332563966
56,RMSProp,mini-batch,zero,0.10175426337669373,0.2863720819432761
56,Adam,SGD,random,0.1266872992382489,0.5942438151524598
56,Adam,SGD,sparse,0.14969653788399762,0.6476774099774959
56,Adam,SGD,zero,0.095354970508095,0.2807054151635184
56,Adam,full,random,0.0919798964038714,0.2722970841779036
56,Adam,full,sparse,0.0920528133603907,0.2727307847995406
56,Adam,full,zero,0.09205221155402483,0.2726500143141017
56,Adam,mini-batch,random,0.1062251038908364,0.29615682829955164
56,Adam,mini-batch,sparse,0.10313486027394735,0.28900607197854666
56,Adam,mini-batch,zero,0.10486953093006487,0.2923203757053012
57,GD,SGD,random,0.11856629030057798,0.5617142863120027
57,GD,SGD,sparse,0.10330649151658294,0.6427283324530177
57,GD,SGD,zero,0.08067377855737033,0.3598342201044782
57,GD,full,random,0.07269108113231709,0.539745187182292
57,GD,full,sparse,0.08587712433401005,0.6778060662782391
57,GD,full,zero,0.05977016958543685,0.34870044116960225
57,GD,mini-batch,random,0.06831901717667689,0.5273484765976522
57,GD,mini-batch,sparse,0.08075132195994356,0.6653415429313652
57,GD,mini-batch,zero,0.05650392601633312,0.33846448169514626
57,AdaGrad,SGD,random,1.0460114779031153,1.8919590939141595
57,AdaGrad,SGD,sparse,0.44517876685130336,2.295492150983674
57,AdaGrad,SGD,zero,0.22797299379490005,0.71420732260006
57,AdaGrad,full,random,0.6708936857748603,1.7881674421111367
57,AdaGrad,full,sparse,0.33904597046007773,1.9691923051633493
57,AdaGrad,full,zero,0.0993965528663079,0.5913453253963121
57,AdaGrad,mini-batch,random,0.6867643144243166,1.7927760432964195
57,AdaGrad,mini-batch,sparse,0.37497341013063334,2.051788633703523
57,AdaGrad,mini-batch,zero,0.10803309664533323,0.6021549733679616
57,RMSProp,SGD,random,0.05815017418526694,0.3942929231409153
57,RMSProp,SGD,sparse,0.052994136075489744,0.4590207145294024
57,RMSProp,SGD,zero,0.03827436248159348,0.2257752861739896
57,RMSProp,full,random,0.06245570296189326,0.32038843815953166
57,RMSProp,full,sparse,0.06245570296189323,0.3203884381595316
57,RMSProp,full,zero,0.053781549682744935,0.30745233243806397
57,RMSProp,mini-batch,random,0.04586498730545287,0.2919498361008698
57,RMSProp,mini-batch,sparse,0.04586442277684043,0.2919358254625799
57,RMSProp,mini-batch,zero,0.04586258635317234,0.29188536694790884
57,Adam,SGD,random,0.10196234472907789,0.6584482262564536
57,Adam,SGD,sparse,0.1164017111825065,0.6405435898608253
57,Adam,SGD,zero,0.05073407726109776,0.2867710257927352
57,Adam,full,random,0.06031357802220007,0.36500275119763637
57,Adam,full,sparse,0.05801154945712193,0.31382889357389687
57,Adam,full,zero,0.058011524589762394,0.3138277411897485
57,Adam,mini-batch,random,0.054207213554891935,0.35861872903935416
57,Adam,mini-batch,sparse,0.04092389236638299,0.27931504911077226
57,Adam,mini-batch,zero,0.041953739331134256,0.2849384191104362
58,GD,SGD,random,0.06271977278652534,0.6146048205968941
58,GD,SGD,sparse,0.07336388768249866,0.6290463607066212
58,GD,SGD,zero,0.0636934755070152,0.39549836618031853
58,GD,full,random,0.0742355655956135,0.5447073769898957
58,GD,full,sparse,0.07528655721888561,0.5647297270561533
58,GD,full,zero,0.059485050594736674,0.3236179611929794
58,GD,mini-batch,random,0.07218362664685973,0.5380272064254801
58,GD,mini-batch,sparse,0.0700851323075995,0.5435481583717713
58,GD,mini-batch,zero,0.057949111585633505,0.32562788241449137
58,AdaGrad,SGD,random,0.9096437933670692,1.8949477827568155
58,AdaGrad,SGD,sparse,0.2727587201902185,1.7999634685527075
58,AdaGrad,SGD,zero,0.2586444511573001,0.6764138050462244
58,AdaGrad,full,random,0.6130367637106585,1.8124290058994752
58,AdaGrad,full,sparse,0.1864718917953007,1.4163291055918907
58,AdaGrad,full,zero,0.10873494555427024,0.5453405403936679
58,AdaGrad,mini-batch,random,0.6328711113690539,1.8172282408507971
58,AdaGrad,mini-batch,sparse,0.22169624051731313,1.549212320883128
58,AdaGrad,mini-batch,zero,0.11289754160386883,0.5477847944838443
58,RMSProp,SGD,random,0.032134927979560586,0.45769512950416286
58,RMSProp,SGD,sparse,0.03841625115472732,0.4278918697364567
58,RMSProp,SGD,zero,0.033517118948862314,0.2445045155099475
58,RMSProp,full,random,0.06237686163879591,0.2981514194132079
58,RMSProp,full,sparse,0.06237686163879591,0.2981514194132079
58,RMSProp,full,zero,0.06237686163879591,0.2981514194132079
58,RMSProp,mini-batch,random,0.052428414365170435,0.2571101201062899
58,RMSProp,mini-batch,sparse,0.052424472086487976,0.2570301678986065
58,RMSProp,mini-batch,zero,0.052423219616168665,0.25697887512543827
58,Adam,SGD,random,0.08621240881150062,0.6973557894523646
58,Adam,SGD,sparse,0.06683724622318016,0.5533055248686596
58,Adam,SGD,zero,0.0860166261173385,0.42341470457867253
58,Adam,full,random,0.059053083480361424,0.32075029706542507
58,Adam,full,sparse,0.05786729536277133,0.29127856155595505
58,Adam,full,zero,0.05786731029526686,0.2912788578127197
58,Adam,mini-batch,random,0.054057705750071045,0.3228431723073245
58,Adam,mini-batch,sparse,0.04284317700218433,0.2458801183846453
58,Adam,mini-batch,zero,0.043541154186878726,0.25036852632893386
59,GD,SGD,random,0.037730644615757425,0.3380609957891642
59,GD,SGD,sparse,0.08627840032584336,0.4419549258731606
59,GD,SGD,zero,0.032171755108802096,0.23094430634831897
59,GD,full,random,0.08331500384460837,0.40508113305488763
59,GD,full,sparse,0.086214768383704,0.4444835924807899
59,GD,full,zero,0.08187926336004835,0.3565206717197323
59,GD,mini-batch,random,0.07927888152598112,0.4117731320356799
59,GD,mini-batch,sparse,0.08319736243482244,0.46202539853551966
59,GD,mini-batch,zero,0.07709924768802051,0.35682793026947457
59,AdaGrad,SGD,random,0.6469995385848547,1.225318506100955
59,AdaGrad,SGD,sparse,0.22268346201426595,1.4857795089258277
59,AdaGrad,SGD,zero,0.4224071872695279,0.8373635212273669
59,AdaGrad,full,random,0.32590028687121864,1.0911936892932461
59,AdaGrad,full,sparse,0.13679224019631417,1.032168607275061
59,AdaGrad,full,zero,0.17391894559406862,0.6586249037471121
59,AdaGrad,mini-batch,random,0.33240013904751264,1.095183600944538
59,AdaGrad,mini-batch,sparse,0.17414371238743095,1.18158757580048
59,AdaGrad,mini-batch,zero,0.18294298229132935,0.6687603190938275
59,RMSProp,SGD,random,0.02244470445273983,0.2857899242498115
59,RMSProp,SGD,sparse,0.04944769021959102,0.3663338618690696
59,RMSProp,SGD,zero,0.01357859080806219,0.15063537042080807
59,RMSProp,full,random,0.08579429320129876,0.34564669313422824
59,RMSProp,full,sparse,0.08579429320129876,0.34564669313422824
59,RMSProp,full,zero,0.08579429320129876,0.34564669313422824
59,RMSProp,mini-batch,random,0.0766677055906313,0.32478252026497273
59,RMSProp,mini-batch,sparse,0.07666474131831673,0.3247289749571878
59,RMSProp,mini-batch,zero,0.07665887377354634,0.3245903356376119
59,Adam,SGD,random,0.04482065275560519,0.43510230212929385
59,Adam,SGD,sparse,0.06119328501993883,0.47387529503957243
59,Adam,SGD,zero,0.03981901124388871,0.2516920277754071
59,Adam,full,random,0.08043128951192334,0.34413038422022735
59,Adam,full,sparse,0.08031122813706622,0.3382909925480574
59,Adam,full,zero,0.08031126203051514,0.3382899732552761
59,Adam,mini-batch,random,0.071007587111867,0.3344445831997505
59,Adam,mini-batch,sparse,0.08136601828487175,0.3313687199753671
59,Adam,mini-batch,zero,0.07717628909115341,0.3273982204863538
60,GD,SGD,random,0.08213894633597921,0.4150403927550255
60,GD,SGD,sparse,0.09644896430456058,0.5078216102151929
60,GD,SGD,zero,0.10777714920073131,0.3265701588136566
60,GD,full,random,0.1099521569411692,0.5523291259741482
60,GD,full,sparse,0.1176640823358778,0.6527364949088371
60,GD,full,zero,0.09536090042819048,0.3576533989425507
60,GD,mini-batch,random,0.13940652950996907,0.5606986811325287
60,GD,mini-batch,sparse,0.1462335073573307,0.6602278572533242
60,GD,mini-batch,zero,0.12452252815891916,0.3829808954598624
60,AdaGrad,SGD,random,0.38129889521283494,1.5291252877545376
60,AdaGrad,SGD,sparse,0.365852881607674,1.897774801151577
60,AdaGrad,SGD,zero,0.7620358157421756,0.8765244606033887
60,AdaGrad,full,random,0.2175528561362285,1.4591199876784737
60,AdaGrad,full,sparse,0.18032029800279045,1.1771039746607768
60,AdaGrad,full,zero,0.38777453696347,0.6507513191374735
60,AdaGrad,mini-batch,random,0.224893596035681,1.4577538649477555
60,AdaGrad,mini-batch,sparse,0.2557449493100751,1.4903230251481643
60,AdaGrad,mini-batch,zero,0.4155241469223975,0.6698665891827172
60,RMSProp,SGD,random,0.03627182165982567,0.27389018182488145
60,RMSProp,SGD,sparse,0.04769754634426488,0.40822415845304955
60,RMSProp,SGD,zero,0.04372736137086888,0.1842215199452762
60,RMSProp,full,random,0.09059964157837558,0.3666740032552339
60,RMSProp,full,sparse,0.09059964157837543,0.36667400325523364
60,RMSProp,full,zero,0.10236674641848632,0.3811643432156296
60,RMSProp,mini-batch,random,0.1386070093751201,0.41588032186160284
60,RMSProp,mini-batch,sparse,0.13857838388994662,0.4156651974929322
60,RMSProp,mini-batch,zero,0.13855462943586577,0.4152530802762743
60,Adam,SGD,random,0.10860115053496575,0.5502771857776353
60,Adam,SGD,sparse,0.10198406439345761,0.5921958163152314
60,Adam,SGD,zero,0.10960311523344662,0.32957994741850855
60,Adam,full,random,0.09657426561982382,0.37773960763846587
60,Adam,full,sparse,0.09637604268683612,0.3738556416407031
60,Adam,full,zero,0.09636865317867739,0.37373389234986215
60,Adam,mini-batch,random,0.15318181081529542,0.4403338666497528
60,Adam,mini-batch,sparse,0.14842462201212478,0.42535415940655846
60,Adam,mini-batch,zero,0.15102237168037677,0.4254720938380028
61,GD,SGD,random,0.026875673034608652,0.2165206882267256
61,GD,SGD,sparse,0.03948583917863667,0.3008457558777655
61,GD,SGD,zero,0.03413577526710991,0.2144417101470927
61,GD,full,random,0.0662892587703349,0.35535735663143453
61,GD,full,sparse,0.06844746095486859,0.3838917170359509
61,GD,full,zero,0.06118251703926833,0.2422581751190151
61,GD,mini-batch,random,0.06502296065988537,0.363002388050967
61,GD,mini-batch,sparse,0.06596826929488654,0.3914107373359013
61,GD,mini-batch,zero,0.06025545693027383,0.24578560224370216
61,AdaGrad,SGD,random,0.567868291776178,1.5034878581710027
61,AdaGrad,SGD,sparse,0.24514711850310889,1.5796385160645403
61,AdaGrad,SGD,zero,0.4054208348088618,0.7033224195476531
61,AdaGrad,full,random,0.32776429682686253,1.4054291356097623
61,AdaGrad,full,sparse,0.13415403065362005,1.0761370480565844
61,AdaGrad,full,zero,0.17837352652868801,0.5256187867299653
61,AdaGrad,mini-batch,random,0.3345654497386177,1.4087237430000266
61,AdaGrad,mini-batch,sparse,0.17297595600716242,1.2347715228661045
61,AdaGrad,mini-batch,zero,0.19618063053171553,0.5448469888296612
61,RMSProp,SGD,random,0.011364792750536933,0.1003588956445769
61,RMSProp,SGD,sparse,0.020749548260824688,0.14986345962443348
61,RMSProp,SGD,zero,0.013968933792309063,0.12470464371974008
61,RMSProp,full,random,0.06502459227685732,0.23174379151679847
61,RMSProp,full,sparse,0.05590923815018613,0.21197678563386504
61,RMSProp,full,zero,0.06502459227685732,0.23174379151679847
61,RMSProp,mini-batch,random,0.06466947667180199,0.23578673020092306
61,RMSProp,mini-batch,sparse,0.06466939265514622,0.23576099241202617
61,RMSProp,mini-batch,zero,0.06467060185834778,0.23577219251034603
61,Adam,SGD,random,0.03288969111463071,0.29847684403881036
61,Adam,SGD,sparse,0.029835946565209763,0.287410304284051
61,Adam,SGD,zero,0.03759204355588737,0.22345337900507026
61,Adam,full,random,0.06033055204601308,0.22398918159735695
61,Adam,full,sparse,0.06036273153502575,0.22185506861417997
61,Adam,full,zero,0.0603630296511526,0.22186189442119572
61,Adam,mini-batch,random,0.04799769802587809,0.2077757342630594
61,Adam,mini-batch,sparse,0.048291458854006424,0.19955789411661545
61,Adam,mini-batch,zero,0.04790084619762268,0.19958215905218135
62,GD,SGD,random,0.02431433964502063,0.28817525971542723
62,GD,SGD,sparse,0.020267020808818488,0.27940100590443273
62,GD,SGD,zero,0.021070853819894497,0.19743509482768043
62,GD,full,random,0.03799232770817382,0.2742372743863147
62,GD,full,sparse,0.03830626266406936,0.2928410010288019
62,GD,full,zero,0.035969594378370634,0.2368305725694143
62,GD,mini-batch,random,0.040538334514393974,0.27275656789527347
62,GD,mini-batch,sparse,0.04158998254498685,0.3006180326529479
62,GD,mini-batch,zero,0.03845182057848935,0.23809424142136
62,AdaGrad,SGD,random,1.2820777811219806,1.5847004967585168
62,AdaGrad,SGD,sparse,0.15288115605972755,1.340692821095355
62,AdaGrad,SGD,zero,0.11496604917567185,0.6207397447176992
62,AdaGrad,full,random,0.8866834583347393,1.4689412792742322
62,AdaGrad,full,sparse,0.12854797741982268,1.1548894188672483
62,AdaGrad,full,zero,0.05523518300063455,0.5074277720027193
62,AdaGrad,mini-batch,random,0.8920144126784914,1.4713651764421294
62,AdaGrad,mini-batch,sparse,0.13691231140870644,1.185916587297802
62,AdaGrad,mini-batch,zero,0.0574465216126949,0.5147821415594155
62,RMSProp,SGD,random,0.011391079189909531,0.07886246108172273
62,RMSProp,SGD,sparse,0.011240419771290122,0.09970733190150877
62,RMSProp,SGD,zero,0.010872966269255092,0.10547969031954345
62,RMSProp,full,random,0.03093591049773974,0.1689167293049275
62,RMSProp,full,sparse,0.03728762053942301,0.18583297984154437
62,RMSProp,full,zero,0.03728762053942301,0.18583297984154437
62,RMSProp,mini-batch,random,0.046935730855428424,0.19745857713027248
62,RMSProp,mini-batch,sparse,0.04693571856204149,0.19745843891075568
62,RMSProp,mini-batch,zero,0.046935737345072254,0.1974593279041136
62,Adam,SGD,random,0.025685042282509372,0.34052116264252763
62,Adam,SGD,sparse,0.01609902876851785,0.2091090165619003
62,Adam,SGD,zero,0.01679618476211681,0.1563212345048957
62,Adam,full,random,0.03390451037710529,0.1735627876597849
62,Adam,full,sparse,0.03400468294072385,0.17729457994589645
62,Adam,full,zero,0.03400468432904847,0.1772946111050399
62,Adam,mini-batch,random,0.036961813576298415,0.17647470807296042
62,Adam,mini-batch,sparse,0.05156223602937202,0.20586024017218305
62,Adam,mini-batch,zero,0.05113020841247049,0.20572206644869304
63,GD,SGD,random,0.025921565006946888,0.2982087380320111
63,GD,SGD,sparse,0.03781323116798348,0.3893322970239086
63,GD,SGD,zero,0.030348396526011824,0.2919348565750503
63,GD,full,random,0.042941078845497284,0.3259712028066271
63,GD,full,sparse,0.05146228770779642,0.45712977486927087
63,GD,full,zero,0.03933699926900149,0.25290612984267435
63,GD,mini-batch,random,0.04449090780217,0.33114942605024106
63,GD,mini-batch,sparse,0.05388957353099356,0.46601494109756997
63,GD,mini-batch,zero,0.04169806840718398,0.2564243283437787
63,AdaGrad,SGD,random,1.1076447683769055,1.6995080298773966
63,AdaGrad,SGD,sparse,0.31410760783429487,1.8983512154266822
63,AdaGrad,SGD,zero,0.12874978100525658,0.5025757793731749
63,AdaGrad,full,random,0.7456622213867817,1.5905205366330346
63,AdaGrad,full,sparse,0.24110892303563217,1.6273269736665694
63,AdaGrad,full,zero,0.060777813369971075,0.4085183916412403
63,AdaGrad,mini-batch,random,0.7588636815777846,1.5954136809439243
63,AdaGrad,mini-batch,sparse,0.2654319787174347,1.6995393866600823
63,AdaGrad,mini-batch,zero,0.06365794516134703,0.4142018209001046
63,RMSProp,SGD,random,0.012724972620482118,0.19799729757125717
63,RMSProp,SGD,sparse,0.01703426104133115,0.20904817790322666
63,RMSProp,SGD,zero,0.014113252541498526,0.2160614231720144
63,RMSProp,full,random,0.04180554230837233,0.22993903978192412
63,RMSProp,full,sparse,0.03492530615403531,0.21600082860865066
63,RMSProp,full,zero,0.04180554230837234,0.22993903978192423
63,RMSProp,mini-batch,random,0.053471544062503255,0.2532410721229045
63,RMSProp,mini-batch,sparse,0.05347186100687612,0.25324531412370543
63,RMSProp,mini-batch,zero,0.05347134877195805,0.253237346535363
63,Adam,SGD,random,0.03090207024016331,0.3665141737889512
63,Adam,SGD,sparse,0.026609924039291293,0.3171023596764496
63,Adam,SGD,zero,0.031308923958360574,0.30113702800283665
63,Adam,full,random,0.038284992494287906,0.22909817291319678
63,Adam,full,sparse,0.03825443021576739,0.22285455095766574
63,Adam,full,zero,0.038254438256764195,0.22285462866379185
63,Adam,mini-batch,random,0.040731111740946756,0.23332691144178547
63,Adam,mini-batch,sparse,0.040650364197719335,0.22535564314025608
63,Adam,mini-batch,zero,0.03987500681163898,0.22372232337688822
64,GD,SGD,random,0.06278565934854109,0.4716841730151645
64,GD,SGD,sparse,0.05737478163212328,0.5225767616370023
64,GD,SGD,zero,0.0557777956293436,0.3318181673948563
64,GD,full,random,0.055873832868771595,0.4426954827368102
64,GD,full,sparse,0.06094659938971217,0.5099574536212665
64,GD,full,zero,0.04574613145555054,0.28473603546466486
64,GD,mini-batch,random,0.05861458336780888,0.44901603249967365
64,GD,mini-batch,sparse,0.06405284134568455,0.5202833101224228
64,GD,mini-batch,zero,0.048977799705288844,0.29639192656899116
64,AdaGrad,SGD,random,1.3291280425692147,2.1980105189792956
64,AdaGrad,SGD,sparse,0.40848707773247545,2.1948046509192256
64,AdaGrad,SGD,zero,0.1472850929363852,0.7675930317259698
64,AdaGrad,full,random,0.9490762646844766,2.1031169028450947
64,AdaGrad,full,sparse,0.31525671746958567,1.8947541877586394
64,AdaGrad,full,zero,0.08509167429813547,0.6674252679666822
64,AdaGrad,mini-batch,random,0.9656278340647892,2.106673015558812
64,AdaGrad,mini-batch,sparse,0.3557983285068609,1.9989556122402825
64,AdaGrad,mini-batch,zero,0.08988187958303943,0.6803771975534849
64,RMSProp,SGD,random,0.031289218170587836,0.2500846319283951
64,RMSProp,SGD,sparse,0.024592856528976484,0.23981863948022059
64,RMSProp,SGD,zero,0.030862996946431066,0.18739295779912465
64,RMSProp,full,random,0.039175861763706424,0.20834154947369546
64,RMSProp,full,sparse,0.046415657628643296,0.22432234108217788
64,RMSProp,full,zero,0.039175861763706424,0.20834154947369546
64,RMSProp,mini-batch,random,0.04017000072801011,0.2091296379027979
64,RMSProp,mini-batch,sparse,0.040169750333145085,0.20912547160149753
64,RMSProp,mini-batch,zero,0.040169104792639826,0.20911325344305992
64,Adam,SGD,random,0.06731381120758033,0.576519091434383
64,Adam,SGD,sparse,0.05034981832562216,0.4318011085326422
64,Adam,SGD,zero,0.06900327825745291,0.33628195907088937
64,Adam,full,random,0.04371178783205378,0.24688087422604874
64,Adam,full,sparse,0.042688068166017196,0.2162456911334774
64,Adam,full,zero,0.04268831490113915,0.21624837715698922
64,Adam,mini-batch,random,0.04579954492410174,0.2603766221129096
64,Adam,mini-batch,sparse,0.04267582654245692,0.21774984462379912
64,Adam,mini-batch,zero,0.04251106424566257,0.217335871172257
65,GD,SGD,random,0.04561139244161822,0.4166822301452372
65,GD,SGD,sparse,0.0657180882673118,0.5770772972868145
65,GD,SGD,zero,0.034854607220491204,0.22951028515560415
65,GD,full,random,0.0338092722865839,0.36011789740513134
65,GD,full,sparse,0.043851403860336174,0.5120008608131111
65,GD,full,zero,0.02482966924708633,0.16825793677574793
65,GD,mini-batch,random,0.031458993760595945,0.34052045077286935
65,GD,mini-batch,sparse,0.041453560644970903,0.49801333290905486
65,GD,mini-batch,zero,0.023440552967839333,0.15504887791830188
65,AdaGrad,SGD,random,2.0871872129801705,2.0330972958171825
65,AdaGrad,SGD,sparse,0.3954038780563056,2.130910741871997
65,AdaGrad,SGD,zero,0.044836362507116,0.34303774411238763
65,AdaGrad,full,random,1.5396264543972586,1.9040949626509214
65,AdaGrad,full,sparse,0.3575897646546453,2.0476237462708844
65,AdaGrad,full,zero,0.02706607222140043,0.23248600681770895
65,AdaGrad,mini-batch,random,1.565202649702266,1.9104519649657472
65,AdaGrad,mini-batch,sparse,0.36006632296516894,2.0572078015548922
65,AdaGrad,mini-batch,zero,0.02666995469153667,0.2391242025997373
65,RMSProp,SGD,random,0.025815589599117224,0.20584009617434382
65,RMSProp,SGD,sparse,0.0265687523614065,0.2335749160128115
65,RMSProp,SGD,zero,0.027594939481606354,0.16173467341970846
65,RMSProp,full,random,0.021879056021891122,0.12976170598350606
65,RMSProp,full,sparse,0.021879056021891122,0.12976170598350606
65,RMSProp,full,zero,0.02655966500142641,0.1455404717249763
65,RMSProp,mini-batch,random,0.025011369126921354,0.13130834994131527
65,RMSProp,mini-batch,sparse,0.025011369403422974,0.13130837078129814
65,RMSProp,mini-batch,zero,0.025011368404487363,0.13130833411484685
65,Adam,SGD,random,0.05991875685979507,0.5474665814095202
65,Adam,SGD,sparse,0.053493608478434714,0.4404876334415266
65,Adam,SGD,zero,0.049549559903337335,0.2534786159542502
65,Adam,full,random,0.027442425065906797,0.24639344537084926
65,Adam,full,sparse,0.02411581895049606,0.13777335548735087
65,Adam,full,zero,0.024112471077764604,0.13751387134332235
65,Adam,mini-batch,random,0.025275644873952906,0.24030432074342475
65,Adam,mini-batch,sparse,0.01759416391945377,0.10553842624433171
65,Adam,mini-batch,zero,0.018077120443130045,0.10653775601642382
66,GD,SGD,random,0.018244991165339824,0.23981485477460554
66,GD,SGD,sparse,0.031982236704731284,0.44056131657089453
66,GD,SGD,zero,0.02184389854158102,0.2610069163253188
66,GD,full,random,0.033165075428948386,0.2266675678961222
66,GD,full,sparse,0.04232112551299599,0.38464196634523556
66,GD,full,zero,0.033842061866563806,0.2569495538143138
66,GD,mini-batch,random,0.03594563425431149,0.2332459432095958
66,GD,mini-batch,sparse,0.04455993172888871,0.38599917213031254
66,GD,mini-batch,zero,0.0354860050237003,0.25032291201677803
66,AdaGrad,SGD,random,1.4160276638318934,1.5528979225774209
66,AdaGrad,SGD,sparse,0.2960465174402827,1.8003456851690882
66,AdaGrad,SGD,zero,0.09620252503789846,0.5883403340689097
66,AdaGrad,full,random,0.9201103648970569,1.3844456963338787
66,AdaGrad,full,sparse,0.23624846039919095,1.5769131757101766
66,AdaGrad,full,zero,0.05018384881701094,0.48895368208615586
66,AdaGrad,mini-batch,random,0.9290182777324558,1.3888190638478835
66,AdaGrad,mini-batch,sparse,0.24936859951888218,1.6145300314933537
66,AdaGrad,mini-batch,zero,0.0511483110858572,0.49491229327640823
66,RMSProp,SGD,random,0.009994056490086188,0.09227855233389506
66,RMSProp,SGD,sparse,0.01443004654107157,0.14939637985796803
66,RMSProp,SGD,zero,0.009978092639534124,0.09893302745446893
66,RMSProp,full,random,0.034616868884809235,0.19999778056769957
66,RMSProp,full,sparse,0.034616868884809235,0.1999977805676995
66,RMSProp,full,zero,0.03461686888480926,0.19999778056769965
66,RMSProp,mini-batch,random,0.0385269674099204,0.18622023586577074
66,RMSProp,mini-batch,sparse,0.038526962479624775,0.18622107380390399
66,RMSProp,mini-batch,zero,0.03852695658349234,0.18622124873933307
66,Adam,SGD,random,0.0234631714548713,0.3556705447516131
66,Adam,SGD,sparse,0.022215712776143145,0.3478983010424816
66,Adam,SGD,zero,0.020317324395811624,0.23345944265391305
66,Adam,full,random,0.031061559144222414,0.17429841408530794
66,Adam,full,sparse,0.0315343966251953,0.1926888165228093
66,Adam,full,zero,0.031534463883332656,0.19269026970637912
66,Adam,mini-batch,random,0.03623408749833311,0.18220896765822792
66,Adam,mini-batch,sparse,0.04469905458492148,0.20740796677810622
66,Adam,mini-batch,zero,0.044983941809395724,0.2078812522065995
67,GD,SGD,random,0.08723386087962984,0.5453235698194123
67,GD,SGD,sparse,0.12119509857712434,0.5031261207908044
67,GD,SGD,zero,0.0562728875861066,0.3217234844186135
67,GD,full,random,0.08650843643739534,0.5547293723436847
67,GD,full,sparse,0.08386568672194454,0.5142976708310343
67,GD,full,zero,0.07323086578573955,0.3695496953211567
67,GD,mini-batch,random,0.08345529925007632,0.5547034033963415
67,GD,mini-batch,sparse,0.08163505782938912,0.5187953366729963
67,GD,mini-batch,zero,0.06899592334615715,0.36361526097221314
67,AdaGrad,SGD,random,0.9282403986869684,1.8490640085460153
67,AdaGrad,SGD,sparse,0.30223979595013406,1.8541220624130443
67,AdaGrad,SGD,zero,0.3292374843017497,0.6497036621137321
67,AdaGrad,full,random,0.558695706109455,1.7506462495591708
67,AdaGrad,full,sparse,0.21083613985879887,1.4627594672157405
67,AdaGrad,full,zero,0.11722158920554482,0.45775861567486953
67,AdaGrad,mini-batch,random,0.5736058279933217,1.7572549494379928
67,AdaGrad,mini-batch,sparse,0.2531792272737221,1.5799312099678515
67,AdaGrad,mini-batch,zero,0.12621222359556403,0.46791232594213056
67,RMSProp,SGD,random,0.05045869712334771,0.34243370256132666
67,RMSProp,SGD,sparse,0.07062874545278201,0.3412505688204998
67,RMSProp,SGD,zero,0.030964306283892302,0.19164534250967385
67,RMSProp,full,random,0.06779022532573675,0.3532574171713749
67,RMSProp,full,sparse,0.06779022532573675,0.3532574171713749
67,RMSProp,full,zero,0.07778482952050218,0.3659929443191326
67,RMSProp,mini-batch,random,0.06735347679879745,0.34137857724505893
67,RMSProp,mini-batch,sparse,0.06734983722323583,0.341303001643825
67,RMSProp,mini-batch,zero,0.06734560056009807,0.3412635002305686
67,Adam,SGD,random,0.09820816351800105,0.661676661406117
67,Adam,SGD,sparse,0.11855490314682726,0.5525702305147301
67,Adam,SGD,zero,0.06947104509881102,0.34546895141051376
67,Adam,full,random,0.07349769863147707,0.37734427185415537
67,Adam,full,sparse,0.07267793491402623,0.35954251000110465
67,Adam,full,zero,0.0726779513157856,0.35954277567285725
67,Adam,mini-batch,random,0.0723069939039503,0.388174921141498
67,Adam,mini-batch,sparse,0.07691639717204962,0.35217409714747516
67,Adam,mini-batch,zero,0.0759148318294906,0.35429623686910156
68,GD,SGD,random,0.04774886184564759,0.5384436872532598
68,GD,SGD,sparse,0.04955109076483343,0.5921684863344276
68,GD,SGD,zero,0.03961967635161516,0.3465541445911388
68,GD,full,random,0.05506277203578725,0.5156016899874083
68,GD,full,sparse,0.05962795863538525,0.5592533128158645
68,GD,full,zero,0.04079936713604129,0.3013470102119399
68,GD,mini-batch,random,0.04817844644716641,0.5042291260035658
68,GD,mini-batch,sparse,0.05114190581120686,0.5350082621917059
68,GD,mini-batch,zero,0.033982983415118975,0.2765515484561489
68,AdaGrad,SGD,random,1.553317005779176,2.155527858239608
68,AdaGrad,SGD,sparse,0.40370886609435225,2.1378345574703084
68,AdaGrad,SGD,zero,0.14167122224462608,0.6881847374395564
68,AdaGrad,full,random,1.0931689293036349,2.0421158523656304
68,AdaGrad,full,sparse,0.33413724237067477,1.9180266840896545
68,AdaGrad,full,zero,0.06158159318300787,0.5514086869117069
68,AdaGrad,mini-batch,random,1.1128171667762823,2.041877858457325
68,AdaGrad,mini-batch,sparse,0.3491729897088936,1.9608571913038801
68,AdaGrad,mini-batch,zero,0.06430602897429621,0.5711469776434934
68,RMSProp,SGD,random,0.029130229244351435,0.41608519929909865
68,RMSProp,SGD,sparse,0.025666933187578667,0.3941271557365726
68,RMSProp,SGD,zero,0.023145100362987912,0.2394950304744607
68,RMSProp,full,random,0.03493235575194079,0.237077742127114
68,RMSProp,full,sparse,0.04154986655685501,0.25059841924554266
68,RMSProp,full,zero,0.03493235575194079,0.237077742127114
68,RMSProp,mini-batch,random,0.028156760200360485,0.180905616425184
68,RMSProp,mini-batch,sparse,0.028156658421463032,0.1809030125085972
68,RMSProp,mini-batch,zero,0.028156602313605894,0.18090152890587324
68,Adam,SGD,random,0.055436665767065664,0.6640658802430203
68,Adam,SGD,sparse,0.04340554493758422,0.5221083003380133
68,Adam,SGD,zero,0.027300267965362564,0.2911523955286269
68,Adam,full,random,0.0413724091012362,0.3205451313737271
68,Adam,full,sparse,0.03813435592138462,0.2437328006376595
68,Adam,full,zero,0.03813421922914264,0.2437267157326178
68,Adam,mini-batch,random,0.03154631667919155,0.2968635702158992
68,Adam,mini-batch,sparse,0.024700643508463956,0.18088475068901974
68,Adam,mini-batch,zero,0.024885326771761255,0.18356119751668287
69,GD,SGD,random,0.08056880224571812,0.2922820221501896
69,GD,SGD,sparse,0.06726442441278481,0.2726383395703733
69,GD,SGD,zero,0.09476207952268607,0.3584876161307678
69,GD,full,random,0.04287425752695485,0.22295910065496394
69,GD,full,sparse,0.045061977655191085,0.2625487368445473
69,GD,full,zero,0.04409992647132819,0.25176160517487817
69,GD,mini-batch,random,0.04586630643276001,0.2311946372650356
69,GD,mini-batch,sparse,0.04799886904667076,0.2674677122708526
69,GD,mini-batch,zero,0.04732347363570759,0.257582611793311
69,AdaGrad,SGD,random,1.1066278037550614,1.4466786706977546
69,AdaGrad,SGD,sparse,0.20333672411251363,1.5153829347561345
69,AdaGrad,SGD,zero,0.11803160064316928,0.49155425165814387
69,AdaGrad,full,random,0.7296351968845798,1.3146278526420165
69,AdaGrad,full,sparse,0.17246214327177262,1.3312143379573886
69,AdaGrad,full,zero,0.057787390725724704,0.3892540796851516
69,AdaGrad,mini-batch,random,0.7364768997128062,1.3170334087246762
69,AdaGrad,mini-batch,sparse,0.18937308040955825,1.3883774295609084
69,AdaGrad,mini-batch,zero,0.061489815331810846,0.39767908791303175
69,RMSProp,SGD,random,0.05278155972061629,0.2197313358241121
69,RMSProp,SGD,sparse,0.03661718079123518,0.16950169893987216
69,RMSProp,SGD,zero,0.0615814982326678,0.26170930412449334
69,RMSProp,full,random,0.03939568799039026,0.2178071693507662
69,RMSProp,full,sparse,0.03939568799039026,0.21780716935076622
69,RMSProp,full,zero,0.04679949244926802,0.23287970848997216
69,RMSProp,mini-batch,random,0.0524736317775624,0.24928115611864268
69,RMSProp,mini-batch,sparse,0.05247352909303317,0.24927741447025192
69,RMSProp,mini-batch,zero,0.052474393807287266,0.24929533179074756
69,Adam,SGD,random,0.10242295634449608,0.3346156935905582
69,Adam,SGD,sparse,0.10800897633852136,0.30468906144432817
69,Adam,SGD,zero,0.10927950862371484,0.36660738349616584
69,Adam,full,random,0.04189740290639333,0.1974545607946422
69,Adam,full,sparse,0.04298889678183335,0.22524737050061472
69,Adam,full,zero,0.04298890626847761,0.2252475550231973
69,Adam,mini-batch,random,0.05307054615746701,0.22254143942631532
69,Adam,mini-batch,sparse,0.06499400577998188,0.27192121492650745
69,Adam,mini-batch,zero,0.06515809017266248,0.27540421341601806
70,GD,SGD,random,0.05008237055267944,0.4679696127920082
70,GD,SGD,sparse,0.046138071588297754,0.5205903909847026
70,GD,SGD,zero,0.05165396820387815,0.3208409880424542
70,GD,full,random,0.04663354546552371,0.4384769056310156
70,GD,full,sparse,0.052980522788481525,0.5174276839311593
70,GD,full,zero,0.036735833523170926,0.2669225904502619
70,GD,mini-batch,random,0.048085294179628195,0.43758085680746356
70,GD,mini-batch,sparse,0.0546424956547312,0.5217867383201722
70,GD,mini-batch,zero,0.03847625289432027,0.2714611797665207
70,AdaGrad,SGD,random,1.557365551398023,2.2073956430311608
70,AdaGrad,SGD,sparse,0.4533678197116184,2.2616015862970684
70,AdaGrad,SGD,zero,0.14817013206500346,0.782496144485405
70,AdaGrad,full,random,1.160354571811245,2.1162703829771012
70,AdaGrad,full,sparse,0.36571030018362816,2.0246209019120114
70,AdaGrad,full,zero,0.07316060899955598,0.6490834911432107
70,AdaGrad,mini-batch,random,1.186217002621366,2.1213441105488986
70,AdaGrad,mini-batch,sparse,0.39042330421292276,2.0819067173677204
70,AdaGrad,mini-batch,zero,0.07663846532958597,0.6671123385713725
70,RMSProp,SGD,random,0.026553507961755717,0.33286153668261936
70,RMSProp,SGD,sparse,0.02259342795655599,0.33416868837974106
70,RMSProp,SGD,zero,0.021510235285811457,0.21003025767329603
70,RMSProp,full,random,0.03669835228330752,0.19896709169160015
70,RMSProp,full,sparse,0.03056694031638306,0.18412594911808208
70,RMSProp,full,zero,0.03669835228330752,0.19896709169160015
70,RMSProp,mini-batch,random,0.04602322978057193,0.2119618560163731
70,RMSProp,mini-batch,sparse,0.04602326322004941,0.21196259016151722
70,RMSProp,mini-batch,zero,0.04602322947372224,0.21196182143432266
70,Adam,SGD,random,0.06783475986247005,0.6164254415800609
70,Adam,SGD,sparse,0.04508816193984781,0.47567491707077014
70,Adam,SGD,zero,0.041761174601552965,0.29526969014223514
70,Adam,full,random,0.035415581324696625,0.25341712005675665
70,Adam,full,sparse,0.03352569685437494,0.19144611578317558
70,Adam,full,zero,0.033525732548435716,0.19142918938612166
70,Adam,mini-batch,random,0.03891256844772923,0.26565837789409946
70,Adam,mini-batch,sparse,0.04197587375244606,0.20248623967677082
70,Adam,mini-batch,zero,0.04146267724963637,0.20049538000820366
71,GD,SGD,random,0.0427273031462667,0.2315204972006288
71,GD,SGD,sparse,0.05400362718222867,0.3138605122464821
71,GD,SGD,zero,0.05328695882261557,0.23610883138249483
71,GD,full,random,0.06535837993847934,0.2891093375677871
71,GD,full,sparse,0.06594009027160296,0.30380150514887394
71,GD,full,zero,0.06333801599029365,0.2540144615227236
71,GD,mini-batch,random,0.06431133703548604,0.2925597052446776
71,GD,mini-batch,sparse,0.06569953517724714,0.303897879865961
71,GD,mini-batch,zero,0.06221471430097168,0.2518006072718888
71,AdaGrad,SGD,random,0.7230379670955068,1.4477709921700448
71,AdaGrad,SGD,sparse,0.2170900869099395,1.4589330488559713
71,AdaGrad,SGD,zero,0.27949039767979345,0.6043236703876566
71,AdaGrad,full,random,0.44772359694540254,1.34498739583998
71,AdaGrad,full,sparse,0.14208946424131144,1.0777560298813442
71,AdaGrad,full,zero,0.1167067297260464,0.4481843086964446
71,AdaGrad,mini-batch,random,0.4646750021534581,1.3532158960307679
71,AdaGrad,mini-batch,sparse,0.17469442145418487,1.1892586658411657
71,AdaGrad,mini-batch,zero,0.12989528512644208,0.46681854553813146
71,RMSProp,SGD,random,0.016742802632886293,0.10300272048585524
71,RMSProp,SGD,sparse,0.022966910644734422,0.19645133109886861
71,RMSProp,SGD,zero,0.02192565994145222,0.16333972428384852
71,RMSProp,full,random,0.06743680548143882,0.2458578389598159
71,RMSProp,full,sparse,0.05785729330607813,0.22738610458535236
71,RMSProp,full,zero,0.06743680548143881,0.2458578389598159
71,RMSProp,mini-batch,random,0.06142008883129954,0.2366467673832201
71,RMSProp,mini-batch,sparse,0.061422187321153926,0.23668558070721174
71,RMSProp,mini-batch,zero,0.06142411658021513,0.23672948546145797
71,Adam,SGD,random,0.05140443742268995,0.3011570556363859
71,Adam,SGD,sparse,0.051318464989410464,0.30801290355906924
71,Adam,SGD,zero,0.04326066346699205,0.21533702773942168
71,Adam,full,random,0.06215002717250514,0.22711223132078695
71,Adam,full,sparse,0.06253754778896266,0.2365909105410701
71,Adam,full,zero,0.06253756095842558,0.23659113577025442
71,Adam,mini-batch,random,0.05530591603553746,0.21427704925454072
71,Adam,mini-batch,sparse,0.04776047146488311,0.21159610180390137
71,Adam,mini-batch,zero,0.04966062952455015,0.21478218675770738
72,GD,SGD,random,0.17442248836741395,0.4651780716176072
72,GD,SGD,sparse,0.280698716327037,0.6951407318529598
72,GD,SGD,zero,0.09013576940190647,0.3339617776407002
72,GD,full,random,0.11625386067344025,0.4305156551661348
72,GD,full,sparse,0.12410516392202728,0.5299754690560857
72,GD,full,zero,0.10836617880058531,0.3094030547774185
72,GD,mini-batch,random,0.11328731365410832,0.4225761715603823
72,GD,mini-batch,sparse,0.12131788613845865,0.5320539609262996
72,GD,mini-batch,zero,0.10707656359869533,0.31000438638972083
72,AdaGrad,SGD,random,0.5150213539900852,1.656682994736996
72,AdaGrad,SGD,sparse,0.4209416718027728,1.911040770702211
72,AdaGrad,SGD,zero,0.7556189179593928,0.8476701456660609
72,AdaGrad,full,random,0.2634678444885098,1.5774906535248554
72,AdaGrad,full,sparse,0.2178693338540638,1.2954889673506116
72,AdaGrad,full,zero,0.3292075355904297,0.5718351677905157
72,AdaGrad,mini-batch,random,0.2654261958863317,1.573883270037678
72,AdaGrad,mini-batch,sparse,0.28475963720933084,1.5048799501794872
72,AdaGrad,mini-batch,zero,0.3459783971308507,0.5847147530233039
72,RMSProp,SGD,random,0.0782325091345065,0.40475241848340576
72,RMSProp,SGD,sparse,0.13267654366597392,0.6365693205961347
72,RMSProp,SGD,zero,0.03711780431889349,0.24554930474231632
72,RMSProp,full,random,0.11531391435171538,0.32781930984465085
72,RMSProp,full,sparse,0.11531391435171531,0.32781930984465074
72,RMSProp,full,zero,0.10222928465868925,0.3091396342583786
72,RMSProp,mini-batch,random,0.10426758467735181,0.3178249717454295
72,RMSProp,mini-batch,sparse,0.10429601787434264,0.31840976704282875
72,RMSProp,mini-batch,zero,0.10428615784207766,0.31818334025819317
72,Adam,SGD,random,0.13330269023948577,0.5524955414859788
72,Adam,SGD,sparse,0.20137922859658258,0.7223141772016006
72,Adam,SGD,zero,0.1043635636204402,0.3303547042040951
72,Adam,full,random,0.10859723965376702,0.3188163157373043
72,Adam,full,sparse,0.1086622950145297,0.3184594273542276
72,Adam,full,zero,0.10866065516598784,0.31840666158087944
72,Adam,mini-batch,random,0.11433190908531916,0.33144890428681556
72,Adam,mini-batch,sparse,0.12103266603602622,0.33980011491943
72,Adam,mini-batch,zero,0.11775084468060415,0.335164883191144
73,GD,SGD,random,0.1343052064981576,0.38136858472426327
73,GD,SGD,sparse,0.12397222620192959,0.3957228884639249
73,GD,SGD,zero,0.11847296266358578,0.42308648200188687
73,GD,full,random,0.06994191183541697,0.3243387225148511
73,GD,full,sparse,0.06943353639261331,0.31734245046610077
73,GD,full,zero,0.07093403882588548,0.3509333634279309
73,GD,mini-batch,random,0.07073056487838798,0.3373623073983306
73,GD,mini-batch,sparse,0.0713842978421204,0.33917798821581774
73,GD,mini-batch,zero,0.06993276530526689,0.3368346417353351
73,AdaGrad,SGD,random,0.9406554043348068,1.6115056290442884
73,AdaGrad,SGD,sparse,0.24587309625826384,1.5836939281898772
73,AdaGrad,SGD,zero,0.3807959566878397,0.9581442240553469
73,AdaGrad,full,random,0.5241459233990263,1.465854497500664
73,AdaGrad,full,sparse,0.1472165971135409,1.1138671833753249
73,AdaGrad,full,zero,0.14366287960901636,0.7963464489059325
73,AdaGrad,mini-batch,random,0.5339060325306383,1.4724129274057987
73,AdaGrad,mini-batch,sparse,0.1883709232695849,1.2732678680628653
73,AdaGrad,mini-batch,zero,0.15144403043346855,0.8037152131998523
73,RMSProp,SGD,random,0.08076609574244575,0.3359306726720527
73,RMSProp,SGD,sparse,0.0783715591742767,0.359829654909636
73,RMSProp,SGD,zero,0.07145779714328981,0.3254326683059592
73,RMSProp,full,random,0.062301899953728576,0.280928139789671
73,RMSProp,full,sparse,0.06230189995372853,0.2809281397896709
73,RMSProp,full,zero,0.07222460191154137,0.2969348436145873
73,RMSProp,mini-batch,random,0.06795591215637663,0.2632598062815337
73,RMSProp,mini-batch,sparse,0.06795458542037165,0.26324133041134473
73,RMSProp,mini-batch,zero,0.06795644695195269,0.2633415914830297
73,Adam,SGD,random,0.12673896910300103,0.47285967763879655
73,Adam,SGD,sparse,0.1325468090733479,0.4597721194040288
73,Adam,SGD,zero,0.13926939070398683,0.45801422552024246
73,Adam,full,random,0.06646477979545798,0.2734986992109027
73,Adam,full,sparse,0.06715204631225212,0.2888692795076722
73,Adam,full,zero,0.06715204137196654,0.2888676751405826
73,Adam,mini-batch,random,0.06064540066773034,0.25361685844301624
73,Adam,mini-batch,sparse,0.0698163099476935,0.2696844962027498
73,Adam,mini-batch,zero,0.0680575605411769,0.2669513355206784
74,GD,SGD,random,0.055194131801096474,0.4218431702755154
74,GD,SGD,sparse,0.07625451102267339,0.5229516006810049
74,GD,SGD,zero,0.06431884563520875,0.25978267451706066
74,GD,full,random,0.06908158297467298,0.380064595711293
74,GD,full,sparse,0.07255750394793503,0.4312281472900477
74,GD,full,zero,0.06169239226236726,0.24062814829545565
74,GD,mini-batch,random,0.06097726919086943,0.36452384970590174
74,GD,mini-batch,sparse,0.0646526489819116,0.4131716449807903
74,GD,mini-batch,zero,0.054367978653829606,0.2234535974602684
74,AdaGrad,SGD,random,0.8461147143185154,1.7713303083225795
74,AdaGrad,SGD,sparse,0.3363310662905341,1.9201138450345154
74,AdaGrad,SGD,zero,0.37342636518391403,0.6239492149052921
74,AdaGrad,full,random,0.5130071701822326,1.692299290065934
74,AdaGrad,full,sparse,0.21863926912350704,1.51057413626705
74,AdaGrad,full,zero,0.12272363913966468,0.40118106509963014
74,AdaGrad,mini-batch,random,0.5347972653434208,1.6961738859768782
74,AdaGrad,mini-batch,sparse,0.2559340581264857,1.6227732590144612
74,AdaGrad,mini-batch,zero,0.13342521250368353,0.41270901218104844
74,RMSProp,SGD,random,0.032813402245925376,0.3742418532724185
74,RMSProp,SGD,sparse,0.049241653373094926,0.4733754410631653
74,RMSProp,SGD,zero,0.035745540039932695,0.15525441833309303
74,RMSProp,full,random,0.0663144527242352,0.2475106754963263
74,RMSProp,full,sparse,0.0663144527242352,0.2475106754963263
74,RMSProp,full,zero,0.0569081284005705,0.22997144777253933
74,RMSProp,mini-batch,random,0.04311538130372939,0.20635141924354322
74,RMSProp,mini-batch,sparse,0.04311501833697324,0.2063353558529831
74,RMSProp,mini-batch,zero,0.04311775133794673,0.2064006879451156
74,Adam,SGD,random,0.07942367972042574,0.5844854071470502
74,Adam,SGD,sparse,0.06714884036678259,0.5404095383273455
74,Adam,SGD,zero,0.05785938647886453,0.2482206641946314
74,Adam,full,random,0.06113421449684682,0.2320407547154682
74,Adam,full,sparse,0.061498654529746004,0.2386926738656976
74,Adam,full,zero,0.061498701614189494,0.23869274521456488
74,Adam,mini-batch,random,0.05169426315171661,0.21328458797634894
74,Adam,mini-batch,sparse,0.04782046314779801,0.2138740783231327
74,Adam,mini-batch,zero,0.04875094194999147,0.213607724200083
75,GD,SGD,random,0.025770919834042616,0.2924719232115233
75,GD,SGD,sparse,0.03287059523262117,0.4004301272660371
75,GD,SGD,zero,0.023180710408047783,0.18851214941285227
75,GD,full,random,0.029897818947362504,0.27317267366880077
75,GD,full,sparse,0.03466272718303388,0.36657084720422417
75,GD,full,zero,0.026225648804482592,0.1939523237417393
75,GD,mini-batch,random,0.029249723834390902,0.274856679932111
75,GD,mini-batch,sparse,0.034735936114247926,0.3761578930316581
75,GD,mini-batch,zero,0.025560530936158152,0.18714719463125032
75,AdaGrad,SGD,random,1.6768708639623167,1.7867107908530921
75,AdaGrad,SGD,sparse,0.2542902143769834,1.7133981628825532
75,AdaGrad,SGD,zero,0.06686924566480827,0.46934114890268774
75,AdaGrad,full,random,1.171001718726184,1.6503700384480566
75,AdaGrad,full,sparse,0.22008360267555976,1.578604981147405
75,AdaGrad,full,zero,0.035729055270002585,0.364420835340681
75,AdaGrad,mini-batch,random,1.19443191643689,1.657183764938826
75,AdaGrad,mini-batch,sparse,0.2260042334949195,1.601585745959077
75,AdaGrad,mini-batch,zero,0.03644684071701759,0.3784378940360461
75,RMSProp,SGD,random,0.011652651707328847,0.11831425425466381
75,RMSProp,SGD,sparse,0.01274404102770636,0.12967986265184409
75,RMSProp,SGD,zero,0.014562042724583772,0.09105334912822456
75,RMSProp,full,random,0.02749845649891182,0.15887373516788122
75,RMSProp,full,sparse,0.02749845649891183,0.15887373516788122
75,RMSProp,full,zero,0.02749845649891183,0.15887373516788122
75,RMSProp,mini-batch,random,0.01719428492628306,0.11625000397895333
75,RMSProp,mini-batch,sparse,0.017194284921652193,0.11625000407183728
75,RMSProp,mini-batch,zero,0.01719427867223266,0.11624980815224448
75,Adam,SGD,random,0.030084833891694463,0.3664276023933195
75,Adam,SGD,sparse,0.021085971667350715,0.27034606618387963
75,Adam,SGD,zero,0.016752831478890964,0.1512826696057432
75,Adam,full,random,0.02533110939674198,0.16333223617524475
75,Adam,full,sparse,0.024963523464189827,0.15159782804022418
75,Adam,full,zero,0.024963753916170842,0.15160416434227403
75,Adam,mini-batch,random,0.02679420169746295,0.16629033858208178
75,Adam,mini-batch,sparse,0.0218891724391126,0.13988436538880042
75,Adam,mini-batch,zero,0.02176814264618628,0.14006140787012678
76,GD,SGD,random,0.047829687362155,0.45425368079947437
76,GD,SGD,sparse,0.04926459140151938,0.5798319524865009
76,GD,SGD,zero,0.04649328629910216,0.2803588112593369
76,GD,full,random,0.0554790341350303,0.39328565485781675
76,GD,full,sparse,0.06610197891381794,0.5303329307098348
76,GD,full,zero,0.04790613725815558,0.24232131784152472
76,GD,mini-batch,random,0.055242820689094474,0.39136339314455765
76,GD,mini-batch,sparse,0.06490347552039454,0.524268725406477
76,GD,mini-batch,zero,0.04703864130139775,0.23311315589606346
76,AdaGrad,SGD,random,1.1345198784067485,1.819821965328428
76,AdaGrad,SGD,sparse,0.3974158418718385,2.1425063405005593
76,AdaGrad,SGD,zero,0.18833112399868515,0.5885548529332282
76,AdaGrad,full,random,0.7193604886294703,1.7220056340603165
76,AdaGrad,full,sparse,0.31568990269925123,1.8761795959289158
76,AdaGrad,full,zero,0.073877153963692,0.45390369145054027
76,AdaGrad,mini-batch,random,0.7334712267491708,1.7263139671544445
76,AdaGrad,mini-batch,sparse,0.34341283065385864,1.943620011347211
76,AdaGrad,mini-batch,zero,0.07589605557815557,0.45516008505413913
76,RMSProp,SGD,random,0.02225483032575735,0.29081450564923816
76,RMSProp,SGD,sparse,0.02152619928939446,0.36193994770953836
76,RMSProp,SGD,zero,0.02963039918248833,0.2192917098222479
76,RMSProp,full,random,0.043121542950386664,0.20746056476278857
76,RMSProp,full,sparse,0.04312154295038667,0.20746056476278862
76,RMSProp,full,zero,0.04312154295038665,0.20746056476278854
76,RMSProp,mini-batch,random,0.02860427860070336,0.1496430538563522
76,RMSProp,mini-batch,sparse,0.02860369260877487,0.14962656951351458
76,RMSProp,mini-batch,zero,0.02860397135263053,0.1496280530357215
76,Adam,SGD,random,0.0630504771884342,0.5498169701453809
76,Adam,SGD,sparse,0.04481358855361441,0.49671069769680165
76,Adam,SGD,zero,0.04692911569295946,0.26906611704945776
76,Adam,full,random,0.047607697408435276,0.24367067635515802
76,Adam,full,sparse,0.046920496163354745,0.21598809060145016
76,Adam,full,zero,0.046920538582956556,0.21598725627823587
76,Adam,mini-batch,random,0.04860818480143158,0.24269435933521408
76,Adam,mini-batch,sparse,0.03162695127788596,0.1576946032439992
76,Adam,mini-batch,zero,0.031958929571270014,0.15971219225426292
77,GD,SGD,random,0.052847872150486926,0.4275145384926539
77,GD,SGD,sparse,0.046518317834247126,0.47389613520253215
77,GD,SGD,zero,0.02819563674331466,0.18537487914359588
77,GD,full,random,0.026473405595982092,0.3373480636813635
77,GD,full,sparse,0.031697257252769624,0.42736044816222724
77,GD,full,zero,0.018201602545283833,0.12415444649919154
77,GD,mini-batch,random,0.026702559315882897,0.33864889005145177
77,GD,mini-batch,sparse,0.031653426557587114,0.42523709473407945
77,GD,mini-batch,zero,0.017974308822911234,0.11981909078191683
77,AdaGrad,SGD,random,1.9641106486398276,2.176627425597521
77,AdaGrad,SGD,sparse,0.3512680210848835,2.008657912675207
77,AdaGrad,SGD,zero,0.037452030007253445,0.3732182068870895
77,AdaGrad,full,random,1.5106776205017638,2.0362574918608503
77,AdaGrad,full,sparse,0.30923119774720736,1.894556171227115
77,AdaGrad,full,zero,0.024144526518862543,0.27693939774875803
77,AdaGrad,mini-batch,random,1.527960315608968,2.0388679792639213
77,AdaGrad,mini-batch,sparse,0.31358071408843036,1.9083866257338102
77,AdaGrad,mini-batch,zero,0.025232469764615937,0.2932297404652734
77,RMSProp,SGD,random,0.03552760714483871,0.1973700795537501
77,RMSProp,SGD,sparse,0.025824547452876934,0.1464228632555144
77,RMSProp,SGD,zero,0.023626572278470453,0.12348027293107794
77,RMSProp,full,random,0.019549459060401148,0.11210442431011886
77,RMSProp,full,sparse,0.019549459060401148,0.11210442431011886
77,RMSProp,full,zero,0.019549459060401148,0.11210442431011886
77,RMSProp,mini-batch,random,0.014613696814564018,0.07405965924955997
77,RMSProp,mini-batch,sparse,0.01461369682973397,0.07405966375241503
77,RMSProp,mini-batch,zero,0.014613696829403592,0.07405966372209495
77,Adam,SGD,random,0.06691565560625724,0.5597407243437664
77,Adam,SGD,sparse,0.04543585760215624,0.3305807275633286
77,Adam,SGD,zero,0.027051576773868973,0.2020363384764057
77,Adam,full,random,0.019003775608930615,0.16866861570509356
77,Adam,full,sparse,0.017693053491579052,0.10396650401392078
77,Adam,full,zero,0.017693044642896644,0.10391843033487466
77,Adam,mini-batch,random,0.019173927431748578,0.17085291000754035
77,Adam,mini-batch,sparse,0.013619424899037476,0.0673394325869409
77,Adam,mini-batch,zero,0.011840246397937928,0.051826320189992
78,GD,SGD,random,0.034332851162147245,0.4160161577246189
78,GD,SGD,sparse,0.03505737221370262,0.4946645294564465
78,GD,SGD,zero,0.0222441385184836,0.1500427076169587
78,GD,full,random,0.04737068427843829,0.42971407361531927
78,GD,full,sparse,0.056292529331840084,0.5456737078136722
78,GD,full,zero,0.03728724184015486,0.223651555941908
78,GD,mini-batch,random,0.04633010441212513,0.42580176604621334
78,GD,mini-batch,sparse,0.055227899652188765,0.5460796752594923
78,GD,mini-batch,zero,0.03663190381353053,0.22228944006420503
78,AdaGrad,SGD,random,0.9956180212610387,1.8877697468346528
78,AdaGrad,SGD,sparse,0.31278139109654274,1.9407026864133545
78,AdaGrad,SGD,zero,0.19269230587693648,0.5938281252814814
78,AdaGrad,full,random,0.6877614230914522,1.7944021462480761
78,AdaGrad,full,sparse,0.22087457469033492,1.5915946172770108
78,AdaGrad,full,zero,0.07190156002073837,0.45702002056577296
78,AdaGrad,mini-batch,random,0.6938609294060423,1.798494566582775
78,AdaGrad,mini-batch,sparse,0.2504297938644613,1.6866164183937826
78,AdaGrad,mini-batch,zero,0.07579528700030315,0.4643730829973618
78,RMSProp,SGD,random,0.01694755042162226,0.19480674079515348
78,RMSProp,SGD,sparse,0.01310524773628601,0.16292433542914653
78,RMSProp,SGD,zero,0.013231296646558874,0.09115701912430613
78,RMSProp,full,random,0.033277350547613216,0.19210211280253772
78,RMSProp,full,sparse,0.03327735054761326,0.19210211280253783
78,RMSProp,full,zero,0.033277350547613216,0.19210211280253775
78,RMSProp,mini-batch,random,0.02067063616248616,0.14020200774226627
78,RMSProp,mini-batch,sparse,0.020670662943970606,0.14020377034731504
78,RMSProp,mini-batch,zero,0.0206705719576859,0.14019716660250772
78,Adam,SGD,random,0.041699774773817366,0.4973297241655751
78,Adam,SGD,sparse,0.031081499017408618,0.3906767989859118
78,Adam,SGD,zero,0.027138423084601303,0.17405986390518313
78,Adam,full,random,0.037192737972412904,0.2297492596520815
78,Adam,full,sparse,0.036470268461331556,0.2000160969668707
78,Adam,full,zero,0.03647028169951281,0.20001652901049852
78,Adam,mini-batch,random,0.03563385468045781,0.230557609052177
78,Adam,mini-batch,sparse,0.03573754589348453,0.18824641191146954
78,Adam,mini-batch,zero,0.03489260880483454,0.18666731341561402
79,GD,SGD,random,0.0400166647890207,0.24733786120846735
79,GD,SGD,sparse,0.05472899388570796,0.3663960956175193
79,GD,SGD,zero,0.03681666746039006,0.16784101085721645
79,GD,full,random,0.041587732240368,0.3256040316284496
79,GD,full,sparse,0.04352104670459038,0.3629187298445617
79,GD,full,zero,0.035681538843802964,0.18643347115716336
79,GD,mini-batch,random,0.03812437806980711,0.3187116150927494
79,GD,mini-batch,sparse,0.040315129350582964,0.3586478551299149
79,GD,mini-batch,zero,0.03323492137212719,0.17911223146341868
79,AdaGrad,SGD,random,1.391592340429475,1.899732890115055
79,AdaGrad,SGD,sparse,0.2824044118747692,1.8314841725493152
79,AdaGrad,SGD,zero,0.10932118963055218,0.3800980758732302
79,AdaGrad,full,random,0.9555661318135484,1.7760183966370884
79,AdaGrad,full,sparse,0.22981920195186875,1.6098990373938717
79,AdaGrad,full,zero,0.04240548312183021,0.2718865194169896
79,AdaGrad,mini-batch,random,1.001709899711039,1.7904393722037253
79,AdaGrad,mini-batch,sparse,0.24055203830267455,1.6464325749706163
79,AdaGrad,mini-batch,zero,0.04288631629622745,0.27392398927589323
79,RMSProp,SGD,random,0.020290068941265976,0.12289544017653484
79,RMSProp,SGD,sparse,0.029055791254870636,0.19505536480145258
79,RMSProp,SGD,zero,0.017669438399631716,0.10485447725519653
79,RMSProp,full,random,0.032187431285214854,0.16622929433865985
79,RMSProp,full,sparse,0.03218743128521485,0.1662292943386598
79,RMSProp,full,zero,0.038831458689175896,0.18301284651699057
79,RMSProp,mini-batch,random,0.04153566219193918,0.17849503444311476
79,RMSProp,mini-batch,sparse,0.04153564952634443,0.17849310000671087
79,RMSProp,mini-batch,zero,0.04153579371432646,0.17849737221973705
79,Adam,SGD,random,0.04920248648752229,0.3815338374795013
79,Adam,SGD,sparse,0.05055913547789769,0.3684761286983036
79,Adam,SGD,zero,0.038158852254966215,0.17289700556543328
79,Adam,full,random,0.03521676945662413,0.17666822824018413
79,Adam,full,sparse,0.035399204362371546,0.17453359957013112
79,Adam,full,zero,0.03539933525044488,0.17453635821929805
79,Adam,mini-batch,random,0.031153052937565907,0.16758888006420275
79,Adam,mini-batch,sparse,0.034509086468785026,0.15740877115798768
79,Adam,mini-batch,zero,0.03433825659500916,0.15680929379305392
80,GD,SGD,random,0.08158663907689198,0.4636597338808778
80,GD,SGD,sparse,0.17164542598336907,0.5793082693928279
80,GD,SGD,zero,0.09594547680993551,0.4013320698774179
80,GD,full,random,0.0771987478410694,0.428076111577383
80,GD,full,sparse,0.08514490207565707,0.536811238612552
80,GD,full,zero,0.06895615240317876,0.2982488314465715
80,GD,mini-batch,random,0.07956878956799143,0.4326556061382867
80,GD,mini-batch,sparse,0.08724116805613556,0.5391550214098549
80,GD,mini-batch,zero,0.0721608030569245,0.29667951409753973
80,AdaGrad,SGD,random,0.7683360334917034,1.849712759340023
80,AdaGrad,SGD,sparse,0.3900764114252302,2.1095398761497797
80,AdaGrad,SGD,zero,0.4638846263031036,0.9366376623886009
80,AdaGrad,full,random,0.5019467391491912,1.7700303983129584
80,AdaGrad,full,sparse,0.2450207173519752,1.6192383005114421
80,AdaGrad,full,zero,0.1709511792275178,0.7449574909078369
80,AdaGrad,mini-batch,random,0.5116287636944448,1.7645307039943752
80,AdaGrad,mini-batch,sparse,0.30157229878022634,1.78353592888348
80,AdaGrad,mini-batch,zero,0.18439444710048175,0.7568845496130503
80,RMSProp,SGD,random,0.040529909050059876,0.31945216818809624
80,RMSProp,SGD,sparse,0.09219057952462628,0.3812544068855116
80,RMSProp,SGD,zero,0.044653779452778576,0.21059762901607323
80,RMSProp,full,random,0.07148894070550223,0.2531930566964333
80,RMSProp,full,sparse,0.06171139042275619,0.23456721343667314
80,RMSProp,full,zero,0.07148894070550223,0.2531930566964333
80,RMSProp,mini-batch,random,0.05934667955157775,0.23200604901848124
80,RMSProp,mini-batch,sparse,0.05934761115107123,0.23198183139724857
80,RMSProp,mini-batch,zero,0.059343358450777026,0.23190706338380418
80,Adam,SGD,random,0.109736009357562,0.617682063545184
80,Adam,SGD,sparse,0.13676590533698363,0.5770773603605903
80,Adam,SGD,zero,0.1095794241910698,0.4181007031491617
80,Adam,full,random,0.06655363728789283,0.24835050660210445
80,Adam,full,sparse,0.06649194031253008,0.2438529145835623
80,Adam,full,zero,0.06649211856602621,0.24385537356391432
80,Adam,mini-batch,random,0.06803131894368808,0.2642932215120415
80,Adam,mini-batch,sparse,0.05507763204356875,0.22661515125839057
80,Adam,mini-batch,zero,0.05798006282549805,0.23080820333657975
81,GD,SGD,random,0.1855542930896475,0.44849821453147
81,GD,SGD,sparse,0.20057963730061437,0.6487245524263514
81,GD,SGD,zero,0.19935931816845742,0.5539273768736169
81,GD,full,random,0.1062857717137805,0.3793929728161825
81,GD,full,sparse,0.12103426032856329,0.5966388558161144
81,GD,full,zero,0.11150844437756594,0.46567804338476426
81,GD,mini-batch,random,0.12898159883268878,0.41265004714958836
81,GD,mini-batch,sparse,0.14420023972808615,0.6290073889626067
81,GD,mini-batch,zero,0.13319787489197638,0.4909490548120366
81,AdaGrad,SGD,random,0.4002674173652691,0.9937919437342991
81,AdaGrad,SGD,sparse,0.2496921704184395,1.6324894293329921
81,AdaGrad,SGD,zero,0.5630029798060077,1.012400516193639
81,AdaGrad,full,random,0.2011243622982638,0.8814294015197536
81,AdaGrad,full,sparse,0.15786067882821495,1.096658886447038
81,AdaGrad,full,zero,0.26145884579288514,0.8384433122899174
81,AdaGrad,mini-batch,random,0.20617524385170563,0.8833691790751018
81,AdaGrad,mini-batch,sparse,0.22040021619930594,1.3443770004593987
81,AdaGrad,mini-batch,zero,0.28350923077606255,0.8553444668721061
81,RMSProp,SGD,random,0.08710815463192108,0.3095763437509047
81,RMSProp,SGD,sparse,0.10655048380560095,0.5515841657784094
81,RMSProp,SGD,zero,0.0926120940523614,0.37840067181400466
81,RMSProp,full,random,0.11404720727620378,0.4127072808960047
81,RMSProp,full,sparse,0.10148510190474205,0.3988443633471438
81,RMSProp,full,zero,0.1014851019047421,0.39884436334714385
81,RMSProp,mini-batch,random,0.11524110518150861,0.48368911697185396
81,RMSProp,mini-batch,sparse,0.11527014791687638,0.48413171484136436
81,RMSProp,mini-batch,zero,0.11524803923221791,0.4836438520192641
81,Adam,SGD,random,0.1701395265372214,0.4449758957458632
81,Adam,SGD,sparse,0.20130924432181277,0.6802892279923908
81,Adam,SGD,zero,0.14405165982189208,0.5229786453008435
81,Adam,full,random,0.10731006561805102,0.4011764536098153
81,Adam,full,sparse,0.10765789988545507,0.40571179810772023
81,Adam,full,zero,0.10765849983719003,0.40571992992159334
81,Adam,mini-batch,random,0.13300422259155176,0.4737276710026198
81,Adam,mini-batch,sparse,0.1134724893716427,0.49580848940279226
81,Adam,mini-batch,zero,0.12119043762260555,0.49174261275937
82,GD,SGD,random,0.020190996210984864,0.29960207047307846
82,GD,SGD,sparse,0.022146910100454793,0.33109858820036236
82,GD,SGD,zero,0.013079818988062954,0.06277170652950342
82,GD,full,random,0.022121726049748276,0.31885193239684134
82,GD,full,sparse,0.025917847073749157,0.3666846790946441
82,GD,full,zero,0.013734691983687763,0.0679756359918971
82,GD,mini-batch,random,0.02279056323755306,0.3212434004433672
82,GD,mini-batch,sparse,0.026704950962871895,0.37309613013839005
82,GD,mini-batch,zero,0.014874043033380108,0.07707297288961361
82,AdaGrad,SGD,random,2.400904246614115,2.1334669041994907
82,AdaGrad,SGD,sparse,0.4214402283366298,2.0358263531431087
82,AdaGrad,SGD,zero,0.0158200034696988,0.15231761068274718
82,AdaGrad,full,random,1.883136597965578,2.0046743600088566
82,AdaGrad,full,sparse,0.3492413682553522,1.9592856860232786
82,AdaGrad,full,zero,0.013800514348706107,0.06979842479151724
82,AdaGrad,mini-batch,random,1.8929854226095728,2.0084377136307374
82,AdaGrad,mini-batch,sparse,0.3502905794030354,1.9599683868511195
82,AdaGrad,mini-batch,zero,0.014732886785098329,0.0849830307936077
82,RMSProp,SGD,random,0.012493670390709661,0.0766930098976188
82,RMSProp,SGD,sparse,0.011476680004125495,0.07971424233524563
82,RMSProp,SGD,zero,0.009927276617054406,0.03226392436199614
82,RMSProp,full,random,0.014936803885351724,0.07186941916075519
82,RMSProp,full,sparse,0.012408665518729349,0.052274643900246165
82,RMSProp,full,zero,0.012408665518729349,0.05227464390024616
82,RMSProp,mini-batch,random,0.017398110283302355,0.08860993626924499
82,RMSProp,mini-batch,sparse,0.017398110283272282,0.08860993626333154
82,RMSProp,mini-batch,zero,0.017398110283265975,0.08860993626238998
82,Adam,SGD,random,0.02606533022850898,0.4072244968817547
82,Adam,SGD,sparse,0.014917232363782852,0.18712354496125103
82,Adam,SGD,zero,0.010320769533493607,0.03537686341526956
82,Adam,full,random,0.016405859652710946,0.18786363962843347
82,Adam,full,sparse,0.013564919129195599,0.0618698739561049
82,Adam,full,zero,0.013566736082606334,0.06203971382238091
82,Adam,mini-batch,random,0.01776822480609867,0.20480249170807374
82,Adam,mini-batch,sparse,0.016073575877758546,0.08060036788800089
82,Adam,mini-batch,zero,0.015584364256740306,0.07755396821808738
83,GD,SGD,random,0.09525226350070652,0.4288252396619482
83,GD,SGD,sparse,0.06569558471047704,0.40654044296625447
83,GD,SGD,zero,0.11014841919747595,0.3955237737226574
83,GD,full,random,0.06888513797769179,0.3895995967881688
83,GD,full,sparse,0.07464697141909984,0.46294923440175306
83,GD,full,zero,0.06546804411085534,0.32683313981828854
83,GD,mini-batch,random,0.05988990314401878,0.3811534411020798
83,GD,mini-batch,sparse,0.06464909738326735,0.4482629628755352
83,GD,mini-batch,zero,0.05711482334790809,0.3247040530367577
83,AdaGrad,SGD,random,0.8010714922287322,1.4053096854624847
83,AdaGrad,SGD,sparse,0.265186371294271,1.7090146127688717
83,AdaGrad,SGD,zero,0.30394781165427703,0.7445346169429055
83,AdaGrad,full,random,0.5058102722464729,1.2900938839705025
83,AdaGrad,full,sparse,0.1869520264527922,1.3455236657923315
83,AdaGrad,full,zero,0.11754888988876105,0.5956086161983679
83,AdaGrad,mini-batch,random,0.5225373111710475,1.2952188205390187
83,AdaGrad,mini-batch,sparse,0.22982554607966313,1.5008927767861284
83,AdaGrad,mini-batch,zero,0.12199750159431648,0.600916019757583
83,RMSProp,SGD,random,0.05135765191951593,0.28396453513698033
83,RMSProp,SGD,sparse,0.03477507515688908,0.2869020348320197
83,RMSProp,SGD,zero,0.05650350077405777,0.23397083977668498
83,RMSProp,full,random,0.05934913496196735,0.2916747771963693
83,RMSProp,full,sparse,0.05934913496196736,0.29167477719636936
83,RMSProp,full,zero,0.05934913496196736,0.29167477719636936
83,RMSProp,mini-batch,random,0.04668177627095581,0.26984797886055933
83,RMSProp,mini-batch,sparse,0.04667801933551494,0.26975100196614277
83,RMSProp,mini-batch,zero,0.046680271747246545,0.2697925345556744
83,Adam,SGD,random,0.11215936394402072,0.5231485623827217
83,Adam,SGD,sparse,0.08864435817235493,0.4810786593911711
83,Adam,SGD,zero,0.10254888653515441,0.379952461142797
83,Adam,full,random,0.06400770878581821,0.3032974853812203
83,Adam,full,sparse,0.06391156575789719,0.29886667250098603
83,Adam,full,zero,0.06391157459969471,0.2988665449350585
83,Adam,mini-batch,random,0.04890712761974884,0.28621708477068286
83,Adam,mini-batch,sparse,0.03601762892765899,0.25792774337951574
83,Adam,mini-batch,zero,0.03696249855634725,0.25945494067185687
84,GD,SGD,random,0.07565650765484183,0.3765072994592029
84,GD,SGD,sparse,0.11051051315948802,0.4081133371068891
84,GD,SGD,zero,0.026210655513915805,0.25817398417424703
84,GD,full,random,0.07070424408876771,0.32865067886247407
84,GD,full,sparse,0.073473016218674,0.37363307201823603
84,GD,full,zero,0.06715663272480428,0.27534648230532927
84,GD,mini-batch,random,0.07195740788541394,0.33762330830568593
84,GD,mini-batch,sparse,0.0746454921438002,0.3709540040137722
84,GD,mini-batch,zero,0.06945400831767526,0.28906313045959803
84,AdaGrad,SGD,random,0.5801804118005939,1.4373855612148538
84,AdaGrad,SGD,sparse,0.25003831166128976,1.6313021403672747
84,AdaGrad,SGD,zero,0.3451124298201732,0.6027850994500534
84,AdaGrad,full,random,0.36541610207974573,1.3610330520118719
84,AdaGrad,full,sparse,0.16430860815114226,1.2263401886232548
84,AdaGrad,full,zero,0.1483236148415052,0.41622457891271397
84,AdaGrad,mini-batch,random,0.37585480060184256,1.3683110882500078
84,AdaGrad,mini-batch,sparse,0.20947988044584762,1.3764072865680608
84,AdaGrad,mini-batch,zero,0.15894419617204797,0.4301919505902243
84,RMSProp,SGD,random,0.04256565921413337,0.25323257848338543
84,RMSProp,SGD,sparse,0.04847547510753179,0.214717226393854
84,RMSProp,SGD,zero,0.016133822005832233,0.21469344931168385
84,RMSProp,full,random,0.06212485893680036,0.2591860420621168
84,RMSProp,full,sparse,0.07189774745634943,0.2762287106986038
84,RMSProp,full,zero,0.07189774745634943,0.2762287106986038
84,RMSProp,mini-batch,random,0.057664486266749075,0.2826622884011772
84,RMSProp,mini-batch,sparse,0.057659986107095655,0.28256211951896354
84,RMSProp,mini-batch,zero,0.05766587769519457,0.28270495527253137
84,Adam,SGD,random,0.040858734074904327,0.32174993505206595
84,Adam,SGD,sparse,0.06967746265210516,0.3228934632999462
84,Adam,SGD,zero,0.0253491546787994,0.27109208439522525
84,Adam,full,random,0.06656367261958103,0.2600087242912544
84,Adam,full,sparse,0.06690448409299768,0.26765622108373055
84,Adam,full,zero,0.0669045361327177,0.2676577244179256
84,Adam,mini-batch,random,0.07252900774397,0.29308484731519946
84,Adam,mini-batch,sparse,0.0781104017433294,0.31898171739813497
84,Adam,mini-batch,zero,0.07802193147282802,0.31652683832048645
85,GD,SGD,random,0.064000906254452,0.4528921988762168
85,GD,SGD,sparse,0.05325706043319822,0.4775655918631517
85,GD,SGD,zero,0.08151878012640512,0.33942585482146964
85,GD,full,random,0.05252351508144295,0.43554554677990576
85,GD,full,sparse,0.06011377837240553,0.5268853173748731
85,GD,full,zero,0.04161072221102164,0.25721758037178516
85,GD,mini-batch,random,0.05248584197321494,0.4260451348654529
85,GD,mini-batch,sparse,0.06102618017599538,0.5230123487604413
85,GD,mini-batch,zero,0.04209457000687051,0.25476710731478575
85,AdaGrad,SGD,random,1.581110829428738,2.114160787971524
85,AdaGrad,SGD,sparse,0.36423885795715905,2.0558167598384873
85,AdaGrad,SGD,zero,0.1351499245704284,0.6369711259405061
85,AdaGrad,full,random,1.129940324231381,2.0138289645212666
85,AdaGrad,full,sparse,0.3127926198725632,1.8724626086023763
85,AdaGrad,full,zero,0.06004948606595183,0.5029023123242612
85,AdaGrad,mini-batch,random,1.1386362277779736,2.014759072270369
85,AdaGrad,mini-batch,sparse,0.3317234395602084,1.9236941222135788
85,AdaGrad,mini-batch,zero,0.06232458576465221,0.5150407926245474
85,RMSProp,SGD,random,0.031459443556977794,0.2875545505863883
85,RMSProp,SGD,sparse,0.022576226564433203,0.2709846485426926
85,RMSProp,SGD,zero,0.04319216130668215,0.21419314096459685
85,RMSProp,full,random,0.04324103467954253,0.21367419162259652
85,RMSProp,full,sparse,0.04324103467954253,0.21367419162259652
85,RMSProp,full,zero,0.03621905312919652,0.1971182132056056
85,RMSProp,mini-batch,random,0.04456202049285358,0.20518206957088747
85,RMSProp,mini-batch,sparse,0.04456198673882981,0.2051801110826699
85,RMSProp,mini-batch,zero,0.044561809069645145,0.205177646436562
85,Adam,SGD,random,0.08903467527329938,0.6058217666342621
85,Adam,SGD,sparse,0.05761202885011625,0.41718389187333926
85,Adam,SGD,zero,0.09490111694319565,0.3370742388210712
85,Adam,full,random,0.041898799698172735,0.26778341416261103
85,Adam,full,sparse,0.03962181264880851,0.2053265818944495
85,Adam,full,zero,0.03962172112795972,0.20531956861646705
85,Adam,mini-batch,random,0.044506940351761046,0.266134208961854
85,Adam,mini-batch,sparse,0.047626212327704684,0.21390500854212482
85,Adam,mini-batch,zero,0.04723627094934646,0.21228180353761958
86,GD,SGD,random,0.056689090678640086,0.32683567980949035
86,GD,SGD,sparse,0.05564970328692084,0.32659370543091837
86,GD,SGD,zero,0.07596331418896432,0.28178512772267494
86,GD,full,random,0.046851471031491024,0.2784112936013217
86,GD,full,sparse,0.046588166306875796,0.27476019163960197
86,GD,full,zero,0.04464023486643285,0.23116600256387973
86,GD,mini-batch,random,0.046561292493090094,0.27175371573404594
86,GD,mini-batch,sparse,0.046628089608253355,0.2728741017429951
86,GD,mini-batch,zero,0.04484057649288285,0.239358804492466
86,AdaGrad,SGD,random,1.0543938650337612,1.7843394162057837
86,AdaGrad,SGD,sparse,0.26720293822424895,1.7141082732744715
86,AdaGrad,SGD,zero,0.17119754086370656,0.5421325849549825
86,AdaGrad,full,random,0.6684343606622701,1.668702155531975
86,AdaGrad,full,sparse,0.18105760413324162,1.3585885657424972
86,AdaGrad,full,zero,0.07587900229855775,0.43363883464884456
86,AdaGrad,mini-batch,random,0.6805760844573782,1.675238344442925
86,AdaGrad,mini-batch,sparse,0.20836700396358898,1.4493030219976513
86,AdaGrad,mini-batch,zero,0.07864854056068171,0.4428674373440348
86,RMSProp,SGD,random,0.028320859261007872,0.22148124208481995
86,RMSProp,SGD,sparse,0.025792114151124788,0.19184069947768673
86,RMSProp,SGD,zero,0.04689415917847603,0.20276594167014722
86,RMSProp,full,random,0.048232855973435546,0.23659064014029801
86,RMSProp,full,sparse,0.048232855973435594,0.23659064014029815
86,RMSProp,full,zero,0.048232855973435546,0.23659064014029801
86,RMSProp,mini-batch,random,0.062371199645205974,0.2660210351818107
86,RMSProp,mini-batch,sparse,0.0623713565583122,0.2660236103244848
86,RMSProp,mini-batch,zero,0.06237224969304557,0.2660418114103116
86,Adam,SGD,random,0.07696266219342959,0.42258496093284104
86,Adam,SGD,sparse,0.059950454191000715,0.30154991668667186
86,Adam,SGD,zero,0.08936105808891538,0.30502831167447575
86,Adam,full,random,0.043415825427611784,0.20564026626558157
86,Adam,full,sparse,0.04443289162450736,0.22893392639228513
86,Adam,full,zero,0.04443289255177956,0.22893391900574864
86,Adam,mini-batch,random,0.048331825555364374,0.21550815316873836
86,Adam,mini-batch,sparse,0.07115052924761622,0.27327514780480233
86,Adam,mini-batch,zero,0.07026564654763688,0.2749134204975317
87,GD,SGD,random,0.03873455469345014,0.1867788227792093
87,GD,SGD,sparse,0.03622026358757974,0.31588082685302793
87,GD,SGD,zero,0.050089542899241224,0.23838117975644385
87,GD,full,random,0.05335971008495778,0.2306020455480932
87,GD,full,sparse,0.06021399308906188,0.38354338496410656
87,GD,full,zero,0.05390391665889956,0.25362896845649785
87,GD,mini-batch,random,0.04976644451013406,0.22084196223241281
87,GD,mini-batch,sparse,0.05521478114485572,0.3682228456965671
87,GD,mini-batch,zero,0.05045813409485141,0.2510969102695145
87,AdaGrad,SGD,random,0.9859751267331175,1.5905098578739465
87,AdaGrad,SGD,sparse,0.2201667427669933,1.594455980705599
87,AdaGrad,SGD,zero,0.24165858194410184,0.5525031253715195
87,AdaGrad,full,random,0.5845758286157807,1.4300159063880564
87,AdaGrad,full,sparse,0.16520401925071865,1.2920274314644549
87,AdaGrad,full,zero,0.07841857757420378,0.36789171814326393
87,AdaGrad,mini-batch,random,0.5936771719652166,1.4325058902987342
87,AdaGrad,mini-batch,sparse,0.18901743359415324,1.3722035374972823
87,AdaGrad,mini-batch,zero,0.08297166720516432,0.3768876498407398
87,RMSProp,SGD,random,0.020024976751865875,0.11786101928099002
87,RMSProp,SGD,sparse,0.015443264697506925,0.13976793115160877
87,RMSProp,SGD,zero,0.030052988074219293,0.16939073828787923
87,RMSProp,full,random,0.0498817915770964,0.250736709412209
87,RMSProp,full,sparse,0.0498817915770964,0.250736709412209
87,RMSProp,full,zero,0.0498817915770964,0.250736709412209
87,RMSProp,mini-batch,random,0.05901605721658606,0.2888102402532122
87,RMSProp,mini-batch,sparse,0.059016745696354254,0.2888339063915533
87,RMSProp,mini-batch,zero,0.0590184839030001,0.288855509238735
87,Adam,SGD,random,0.04526187111710063,0.29734806783886614
87,Adam,SGD,sparse,0.03751358225147042,0.3185946331654828
87,Adam,SGD,zero,0.05154188760690018,0.2464726292588814
87,Adam,full,random,0.0529568113235715,0.23578039823256344
87,Adam,full,sparse,0.05399459563755527,0.25848121857578
87,Adam,full,zero,0.053994596444808515,0.2584812114334417
87,Adam,mini-batch,random,0.039607285353712246,0.2076712857574802
87,Adam,mini-batch,sparse,0.042851321301877424,0.25159294366573914
87,Adam,mini-batch,zero,0.04209157473243727,0.24921007789950278
88,GD,SGD,random,0.36600561422164596,0.8776036585956465
88,GD,SGD,sparse,0.2934190908198298,0.9485961789002528
88,GD,SGD,zero,0.2162374707692096,0.5916987230909306
88,GD,full,random,0.1489627563760717,0.5680005199357631
88,GD,full,sparse,0.1626875810568043,0.6992311005153162
88,GD,full,zero,0.13750110246194838,0.42780054858648475
88,GD,mini-batch,random,0.17923947087084746,0.5736692784690833
88,GD,mini-batch,sparse,0.19292752933445612,0.7098169333270448
88,GD,mini-batch,zero,0.16851207305227453,0.45577573099127744
88,AdaGrad,SGD,random,0.48080544911341777,1.7342213122597185
88,AdaGrad,SGD,sparse,0.5484717716998709,2.28763160640208
88,AdaGrad,SGD,zero,0.7871318487823693,0.9880227634501602
88,AdaGrad,full,random,0.3001110435298673,1.7015440668661617
88,AdaGrad,full,sparse,0.32553707162582723,1.6954621664713039
88,AdaGrad,full,zero,0.3551826414407111,0.7288716623643215
88,AdaGrad,mini-batch,random,0.3011217148257261,1.6997861941428487
88,AdaGrad,mini-batch,sparse,0.4153523104331217,1.8864503806126518
88,AdaGrad,mini-batch,zero,0.39603201575398,0.7592115434117601
88,RMSProp,SGD,random,0.15500296264067773,0.6228187727406376
88,RMSProp,SGD,sparse,0.16186157020225797,0.8161188833920694
88,RMSProp,SGD,zero,0.08976174076096327,0.3986849365865198
88,RMSProp,full,random,0.14297404182907517,0.4081153918703664
88,RMSProp,full,sparse,0.14297404182907522,0.40811539187036644
88,RMSProp,full,zero,0.14297404182907522,0.40811539187036644
88,RMSProp,mini-batch,random,0.1561038458951404,0.4172007843026526
88,RMSProp,mini-batch,sparse,0.1561259063715454,0.4176809727770814
88,RMSProp,mini-batch,zero,0.15606989035926094,0.4168742715760502
88,Adam,SGD,random,0.2825556690842663,0.8898900910390407
88,Adam,SGD,sparse,0.31822807569605566,1.0514530074749595
88,Adam,SGD,zero,0.20920289138712,0.6065901598442275
88,Adam,full,random,0.13616845809915262,0.4108643410112566
88,Adam,full,sparse,0.1355926899746547,0.3995761410459264
88,Adam,full,zero,0.13559501974721824,0.39961045893867475
88,Adam,mini-batch,random,0.18685211482602967,0.4649110955929195
88,Adam,mini-batch,sparse,0.18292857606270677,0.4449881482103621
88,Adam,mini-batch,zero,0.18468689819138395,0.44662595969599783
89,GD,SGD,random,0.060407316360621834,0.2486512057796226
89,GD,SGD,sparse,0.08868977871857776,0.43229010159879305
89,GD,SGD,zero,0.058483785356333085,0.32735862812701755
89,GD,full,random,0.07889638528061343,0.3128906618196777
89,GD,full,sparse,0.08319172653112863,0.40268603264908026
89,GD,full,zero,0.08034027993571885,0.35147465972231035
89,GD,mini-batch,random,0.07069099088698176,0.29666262968654084
89,GD,mini-batch,sparse,0.07522095791689834,0.391493428288531
89,GD,mini-batch,zero,0.07283861824813122,0.3266440070722645
89,AdaGrad,SGD,random,0.5576525534932926,1.4934901161344125
89,AdaGrad,SGD,sparse,0.26585561110896094,1.5782417823306099
89,AdaGrad,SGD,zero,0.5149477281324752,0.883635419804378
89,AdaGrad,full,random,0.3038114594929776,1.4060553387200847
89,AdaGrad,full,sparse,0.14049564089893996,1.0362340579641667
89,AdaGrad,full,zero,0.23806044024032552,0.7217756017833722
89,AdaGrad,mini-batch,random,0.31540670610396815,1.409879084759026
89,AdaGrad,mini-batch,sparse,0.17543042308170925,1.183865426844239
89,AdaGrad,mini-batch,zero,0.2473838746166728,0.7238188627277808
89,RMSProp,SGD,random,0.022448055925127407,0.18938081253305142
89,RMSProp,SGD,sparse,0.04005188393148615,0.4244524657446029
89,RMSProp,SGD,zero,0.02082261053620625,0.23685173449620545
89,RMSProp,full,random,0.07360859547027662,0.32083959451828215
89,RMSProp,full,sparse,0.07360859547027661,0.3208395945182821
89,RMSProp,full,zero,0.08411496744835827,0.33570570173081465
89,RMSProp,mini-batch,random,0.06155277786535045,0.274171223247679
89,RMSProp,mini-batch,sparse,0.061556534391675494,0.2742481631888085
89,RMSProp,mini-batch,zero,0.06155878139562935,0.27423490062942935
89,Adam,SGD,random,0.06477052365617635,0.31973905313676654
89,Adam,SGD,sparse,0.08208903331621965,0.46634338138770687
89,Adam,SGD,zero,0.050998604457224754,0.31240809145504345
89,Adam,full,random,0.0783675965377379,0.3220619214039815
89,Adam,full,sparse,0.07875415351038877,0.32820448196076374
89,Adam,full,zero,0.07875572518385208,0.3282299116812122
89,Adam,mini-batch,random,0.05678580515841021,0.2648850506020169
89,Adam,mini-batch,sparse,0.046658519502902056,0.25613465239526345
89,Adam,mini-batch,zero,0.050981470220461796,0.2642387791888249
90,GD,SGD,random,0.11225635893964374,0.4566168785224083
90,GD,SGD,sparse,0.1755328914709171,0.7230017152856384
90,GD,SGD,zero,0.08859015962884262,0.41253340275440115
90,GD,full,random,0.08053166875248581,0.37956597666117176
90,GD,full,sparse,0.09806944111971852,0.6048720711159463
90,GD,full,zero,0.0787405107383363,0.35045602345807314
90,GD,mini-batch,random,0.09034445184437674,0.39984213071413094
90,GD,mini-batch,sparse,0.10915292033198991,0.62782754358044
90,GD,mini-batch,zero,0.08754588736366138,0.36319542919302866
90,AdaGrad,SGD,random,0.9095114046498566,1.605053877358712
90,AdaGrad,SGD,sparse,0.388085489904242,2.1220098807822114
90,AdaGrad,SGD,zero,0.3122635106708398,0.8082808685034689
90,AdaGrad,full,random,0.5219118916327977,1.485442836411431
90,AdaGrad,full,sparse,0.28823842465710997,1.7503562077200598
90,AdaGrad,full,zero,0.13669205825704822,0.6667628004835927
90,AdaGrad,mini-batch,random,0.534939220691041,1.4881095456620934
90,AdaGrad,mini-batch,sparse,0.3464544562810968,1.893209358392401
90,AdaGrad,mini-batch,zero,0.14891338227090814,0.6775865732366165
90,RMSProp,SGD,random,0.0656449484879703,0.32234803863892436
90,RMSProp,SGD,sparse,0.11251585217964077,0.5856412910808637
90,RMSProp,SGD,zero,0.057447189417558095,0.3109963284251613
90,RMSProp,full,random,0.07101864184295606,0.2961663955468702
90,RMSProp,full,sparse,0.07101864184295607,0.2961663955468702
90,RMSProp,full,zero,0.08140213369079449,0.31162597064451736
90,RMSProp,mini-batch,random,0.06462587817370609,0.3045952958493302
90,RMSProp,mini-batch,sparse,0.06463847135494484,0.3048102908197217
90,RMSProp,mini-batch,zero,0.0646218905084814,0.30452667003050127
90,Adam,SGD,random,0.13118640462354242,0.5966493299188935
90,Adam,SGD,sparse,0.17766149250286678,0.7426922336902269
90,Adam,SGD,zero,0.09703146382441286,0.4130608586035524
90,Adam,full,random,0.07643345010735801,0.3159985121305042
90,Adam,full,sparse,0.07610266244880942,0.30383004582103845
90,Adam,full,zero,0.07610267951549668,0.30383005960729037
90,Adam,mini-batch,random,0.0873223731897018,0.3513237537802774
90,Adam,mini-batch,sparse,0.06950447370252423,0.322577842086964
90,Adam,mini-batch,zero,0.0710912477732124,0.321688191948201
91,GD,SGD,random,0.04078889685336859,0.264981873566444
91,GD,SGD,sparse,0.03913540471347264,0.2850110664910508
91,GD,SGD,zero,0.057459707760054775,0.326021973019735
91,GD,full,random,0.06163553754887526,0.2735707638761164
91,GD,full,sparse,0.06666106308685918,0.3676668264161893
91,GD,full,zero,0.06218408404096364,0.28720666998217764
91,GD,mini-batch,random,0.059182965984751895,0.27596655889927135
91,GD,mini-batch,sparse,0.06431520412192154,0.36355286099229467
91,GD,mini-batch,zero,0.06048484032876652,0.2788768474216131
91,AdaGrad,SGD,random,1.2085682346943913,1.4619097865734132
91,AdaGrad,SGD,sparse,0.21169290873915747,1.559150431943071
91,AdaGrad,SGD,zero,0.1805305189309688,0.537746714551466
91,AdaGrad,full,random,0.7433124017877926,1.292843343439049
91,AdaGrad,full,sparse,0.192346013605381,1.3735413588148322
91,AdaGrad,full,zero,0.0740795463686412,0.3990583806804715
91,AdaGrad,mini-batch,random,0.7607162440309438,1.301149614335475
91,AdaGrad,mini-batch,sparse,0.20082154845603173,1.4149450160763073
91,AdaGrad,mini-batch,zero,0.07293293433110327,0.4025603880291968
91,RMSProp,SGD,random,0.01841212523783816,0.13157810724841681
91,RMSProp,SGD,sparse,0.02018595883712909,0.18947435838573365
91,RMSProp,SGD,zero,0.02745524860609153,0.1846076787446191
91,RMSProp,full,random,0.05717247133699175,0.27181096976486335
91,RMSProp,full,sparse,0.05717247133699172,0.27181096976486324
91,RMSProp,full,zero,0.05717247133699172,0.2718109697648633
91,RMSProp,mini-batch,random,0.08658179744972776,0.3103018046514449
91,RMSProp,mini-batch,sparse,0.08658207987198178,0.3103045860155176
91,RMSProp,mini-batch,zero,0.08658228770939772,0.31031325217071776
91,Adam,SGD,random,0.050508133897284944,0.35054278439826725
91,Adam,SGD,sparse,0.04437000423592064,0.31432262552470897
91,Adam,SGD,zero,0.05672186890941332,0.32435312205101513
91,Adam,full,random,0.06074892415937158,0.2618171436972718
91,Adam,full,sparse,0.061683143372141425,0.27966492980548113
91,Adam,full,zero,0.061683168197298244,0.27966522206948974
91,Adam,mini-batch,random,0.06549069952523287,0.2682589045927323
91,Adam,mini-batch,sparse,0.08907623213641895,0.32178050134137315
91,Adam,mini-batch,zero,0.08953916404112747,0.3238891608863266
92,GD,SGD,random,0.026449866304688596,0.18114210787624896
92,GD,SGD,sparse,0.03292548821198785,0.4061914112840112
92,GD,SGD,zero,0.05376651401461307,0.3265248674195426
92,GD,full,random,0.038290329747201986,0.18457902892408082
92,GD,full,sparse,0.04815169667915116,0.3992904604562254
92,GD,full,zero,0.04325712034397274,0.28436514807337987
92,GD,mini-batch,random,0.04599919135796232,0.2031339273925382
92,GD,mini-batch,sparse,0.05602295246847329,0.41022947169683516
92,GD,mini-batch,zero,0.05177819236884138,0.3048960809391991
92,AdaGrad,SGD,random,0.9643124747055973,1.1701326473149083
92,AdaGrad,SGD,sparse,0.20068099022364555,1.515744915461845
92,AdaGrad,SGD,zero,0.1893836782820417,0.8486930562040609
92,AdaGrad,full,random,0.6423395724371046,1.036987300786792
92,AdaGrad,full,sparse,0.1441976017803435,1.20709276376508
92,AdaGrad,full,zero,0.09703209680181861,0.7428414503257235
92,AdaGrad,mini-batch,random,0.6547985655659019,1.0447652943331585
92,AdaGrad,mini-batch,sparse,0.17139316122390374,1.3135992709344602
92,AdaGrad,mini-batch,zero,0.10298378503669503,0.7589139024456597
92,RMSProp,SGD,random,0.012289884499872202,0.09517062692771344
92,RMSProp,SGD,sparse,0.01334818132842877,0.12258107843545273
92,RMSProp,SGD,zero,0.021792510192912423,0.13015483276888198
92,RMSProp,full,random,0.04281368414078329,0.20709861382464287
92,RMSProp,full,sparse,0.04281368414078331,0.20709861382464287
92,RMSProp,full,zero,0.0359274941101841,0.1912439833828803
92,RMSProp,mini-batch,random,0.04525940595928933,0.20285632283246025
92,RMSProp,mini-batch,sparse,0.04525953667380596,0.20286107947486562
92,RMSProp,mini-batch,zero,0.04525950079992133,0.20285747610455418
92,Adam,SGD,random,0.029997869440480978,0.1970192795301153
92,Adam,SGD,sparse,0.02756489595533775,0.29027123508359987
92,Adam,SGD,zero,0.04608406661102724,0.2888989663847525
92,Adam,full,random,0.038748842580601156,0.18853196199345523
92,Adam,full,sparse,0.039261304225669896,0.19907799648681263
92,Adam,full,zero,0.039261305928670935,0.19907804855410458
92,Adam,mini-batch,random,0.05545195683967067,0.22655669813525173
92,Adam,mini-batch,sparse,0.052896850637153416,0.22368320631905395
92,Adam,mini-batch,zero,0.05419904587999415,0.22655108741148736
93,GD,SGD,random,0.058532439981468176,0.4409614369856297
93,GD,SGD,sparse,0.07573445290721321,0.5598884640524427
93,GD,SGD,zero,0.06057466371791035,0.3638756730613124
93,GD,full,random,0.08334631034597229,0.37921168659981225
93,GD,full,sparse,0.0919748507532165,0.49741876447370714
93,GD,full,zero,0.07833791840413366,0.3030071609046598
93,GD,mini-batch,random,0.08002176175797321,0.3855007618836163
93,GD,mini-batch,sparse,0.08843292553606626,0.500266811460905
93,GD,mini-batch,zero,0.0747314139556538,0.29856733441431615
93,AdaGrad,SGD,random,0.539185562404678,1.5685644217162473
93,AdaGrad,SGD,sparse,0.42438655976348394,1.9624895459503624
93,AdaGrad,SGD,zero,0.6506982496716281,0.8127951692145807
93,AdaGrad,full,random,0.27894713910972907,1.4933350070773859
93,AdaGrad,full,sparse,0.2079910749478304,1.3731966238534439
93,AdaGrad,full,zero,0.2529988698306855,0.5187708530858305
93,AdaGrad,mini-batch,random,0.29206050540725154,1.498143715268789
93,AdaGrad,mini-batch,sparse,0.2527616821909525,1.5002985618602418
93,AdaGrad,mini-batch,zero,0.26227446559343076,0.5288310880404441
93,RMSProp,SGD,random,0.028014369202259286,0.3490186347138905
93,RMSProp,SGD,sparse,0.041224592535025376,0.42931597240220076
93,RMSProp,SGD,zero,0.02385776175415347,0.24941141200577177
93,RMSProp,full,random,0.07321653995207839,0.29654124943647875
93,RMSProp,full,sparse,0.07321653995207839,0.29654124943647875
93,RMSProp,full,zero,0.08374445346054937,0.313117068621033
93,RMSProp,mini-batch,random,0.06254302782920933,0.2804731651173875
93,RMSProp,mini-batch,sparse,0.06255108724157506,0.2806666631021542
93,RMSProp,mini-batch,zero,0.06255030276088049,0.2806342951658267
93,Adam,SGD,random,0.07640693441402656,0.5623413400650725
93,Adam,SGD,sparse,0.08231419650602387,0.663496385614978
93,Adam,SGD,zero,0.05641615716195057,0.3690451817183061
93,Adam,full,random,0.07817866324382317,0.3019499637581569
93,Adam,full,sparse,0.0783749647623606,0.30477779746879524
93,Adam,full,zero,0.07837444962167534,0.3047646253086828
93,Adam,mini-batch,random,0.07983676774356158,0.3066683566916059
93,Adam,mini-batch,sparse,0.06502941050779916,0.28818971622022105
93,Adam,mini-batch,zero,0.07199654308513735,0.29958755573981616
94,GD,SGD,random,0.17929078488019495,0.49692761666084917
94,GD,SGD,sparse,0.13264059244743193,0.4765849856246184
94,GD,SGD,zero,0.10441492238948766,0.30548312774588554
94,GD,full,random,0.06372857699544542,0.30864112699625323
94,GD,full,sparse,0.07013604209405896,0.4078377809711725
94,GD,full,zero,0.06038175523727566,0.23464380484094846
94,GD,mini-batch,random,0.0631899304059897,0.3047560975783113
94,GD,mini-batch,sparse,0.0693394607935492,0.3994991640827094
94,GD,mini-batch,zero,0.060058081756960785,0.23562006096032687
94,AdaGrad,SGD,random,0.7759903626934334,1.5846895579345228
94,AdaGrad,SGD,sparse,0.30178475601994426,1.7666452773752765
94,AdaGrad,SGD,zero,0.3254808462058055,0.6550414186625642
94,AdaGrad,full,random,0.4695881379358627,1.465278595542901
94,AdaGrad,full,sparse,0.18435002302200784,1.3254917099153491
94,AdaGrad,full,zero,0.11866296518713858,0.4691551873981085
94,AdaGrad,mini-batch,random,0.4718520084669787,1.4659435565018895
94,AdaGrad,mini-batch,sparse,0.2233896254655299,1.4554533973786412
94,AdaGrad,mini-batch,zero,0.12317157105220204,0.47569817628593836
94,RMSProp,SGD,random,0.09830607819962828,0.3725430094723764
94,RMSProp,SGD,sparse,0.08209445768257027,0.3855526349990805
94,RMSProp,SGD,zero,0.055226616047988716,0.21560431572435626
94,RMSProp,full,random,0.06422477543106966,0.22738948905728643
94,RMSProp,full,sparse,0.06422477543106965,0.2273894890572864
94,RMSProp,full,zero,0.05502264769233239,0.20800318616386174
94,RMSProp,mini-batch,random,0.048262967707521615,0.19895872626974975
94,RMSProp,mini-batch,sparse,0.04826257994924348,0.19895356392792138
94,RMSProp,mini-batch,zero,0.04826327827398909,0.19899427532058872
94,Adam,SGD,random,0.16425102428282898,0.5707538866712246
94,Adam,SGD,sparse,0.1632329818847807,0.5526574228097898
94,Adam,SGD,zero,0.1453360174333832,0.3651718221906033
94,Adam,full,random,0.05927752371949674,0.21360606961053039
94,Adam,full,sparse,0.05951587988226088,0.21768245850204762
94,Adam,full,zero,0.05951592625969461,0.2176826543024081
94,Adam,mini-batch,random,0.06448640995737465,0.2255682901081605
94,Adam,mini-batch,sparse,0.06821245489150529,0.2392835428986583
94,Adam,mini-batch,zero,0.06804566128838287,0.23897036560305937
95,GD,SGD,random,0.053169136361258314,0.432392607673821
95,GD,SGD,sparse,0.04696194630230393,0.4728991378054229
95,GD,SGD,zero,0.05137389543194658,0.33607743188265543
95,GD,full,random,0.05278297623871785,0.40898959153841125
95,GD,full,sparse,0.05956271015408823,0.5092375981175942
95,GD,full,zero,0.04514791835751163,0.2981672917523056
95,GD,mini-batch,random,0.05943593646214442,0.4132105367788417
95,GD,mini-batch,sparse,0.06615048211040392,0.5106507224643746
95,GD,mini-batch,zero,0.0515926342565883,0.3047002407852148
95,AdaGrad,SGD,random,1.2977279168352396,2.0021654567166904
95,AdaGrad,SGD,sparse,0.42741822192159956,2.2312734536602123
95,AdaGrad,SGD,zero,0.16158380420296212,0.6872323484533756
95,AdaGrad,full,random,0.8955956449157295,1.894912883711133
95,AdaGrad,full,sparse,0.3367903380149882,1.9469446089251254
95,AdaGrad,full,zero,0.07315816122881583,0.5835766892577942
95,AdaGrad,mini-batch,random,0.9147529282330843,1.9011292558778747
95,AdaGrad,mini-batch,sparse,0.3643262538917324,2.0170480401254496
95,AdaGrad,mini-batch,zero,0.07629398133097003,0.5935849558810622
95,RMSProp,SGD,random,0.02772282685910252,0.3058178687993135
95,RMSProp,SGD,sparse,0.024961527796410025,0.3625625635600018
95,RMSProp,SGD,zero,0.029430279152032144,0.25637707530362885
95,RMSProp,full,random,0.04666309872622516,0.2536535100639217
95,RMSProp,full,sparse,0.03947520144662582,0.23973799485607522
95,RMSProp,full,zero,0.046663098726225156,0.2536535100639217
95,RMSProp,mini-batch,random,0.05571059953805661,0.26960999896895504
95,RMSProp,mini-batch,sparse,0.055710589012886794,0.2696101226745875
95,RMSProp,mini-batch,zero,0.05571032754044472,0.26960574313625374
95,Adam,SGD,random,0.07361076442823009,0.6116854580117022
95,Adam,SGD,sparse,0.05725080566438991,0.5404269100681848
95,Adam,SGD,zero,0.06463982546592839,0.34937761017081786
95,Adam,full,random,0.043667923348297465,0.2668975954432532
95,Adam,full,sparse,0.04296332619550735,0.24659080615748322
95,Adam,full,zero,0.04296357329458594,0.2465911701638358
95,Adam,mini-batch,random,0.05574972149387707,0.2916782469367607
95,Adam,mini-batch,sparse,0.05490575514026886,0.2701920891772842
95,Adam,mini-batch,zero,0.05416453016228439,0.2680923857955103
96,GD,SGD,random,0.06582082248702718,0.4505367034888989
96,GD,SGD,sparse,0.0738679339288116,0.660381964255265
96,GD,SGD,zero,0.08684661302629833,0.42627098431301264
96,GD,full,random,0.07402359278220631,0.44831854518889086
96,GD,full,sparse,0.09017075005538779,0.642551169357379
96,GD,full,zero,0.06772493044730103,0.35643168068263925
96,GD,mini-batch,random,0.08199374348502877,0.4725671667958282
96,GD,mini-batch,sparse,0.09869103673008708,0.6620193787784371
96,GD,mini-batch,zero,0.07640078082793182,0.37492275250820095
96,AdaGrad,SGD,random,1.0668345101168288,1.7181728444501714
96,AdaGrad,SGD,sparse,0.41019703868135066,2.1507652482313326
96,AdaGrad,SGD,zero,0.27712961192391133,0.7018573340982706
96,AdaGrad,full,random,0.66856624243989,1.593291597597747
96,AdaGrad,full,sparse,0.31261261947334806,1.8397094863145422
96,AdaGrad,full,zero,0.0953711351577394,0.5294544250116328
96,AdaGrad,mini-batch,random,0.6963067831950435,1.6038870743017488
96,AdaGrad,mini-batch,sparse,0.349649130607866,1.9311678460836603
96,AdaGrad,mini-batch,zero,0.10509287055904885,0.5441215873515894
96,RMSProp,SGD,random,0.03912900771231289,0.3765219875285702
96,RMSProp,SGD,sparse,0.04742680041367459,0.5803238485048072
96,RMSProp,SGD,zero,0.04723349606145635,0.2780735287098574
96,RMSProp,full,random,0.061347954348649585,0.3126678985857725
96,RMSProp,full,sparse,0.07073596257427296,0.32623045786275273
96,RMSProp,full,zero,0.07073596257427298,0.32623045786275273
96,RMSProp,mini-batch,random,0.0915571246109822,0.369366108551649
96,RMSProp,mini-batch,sparse,0.09156527347856694,0.36948148539401904
96,RMSProp,mini-batch,zero,0.09155901297388769,0.36936542942632034
96,Adam,SGD,random,0.07971916480479883,0.6010572270977808
96,Adam,SGD,sparse,0.08936474383836294,0.7268316987382946
96,Adam,SGD,zero,0.06428675716585212,0.4097535395505047
96,Adam,full,random,0.06730478794740144,0.3504765346906249
96,Adam,full,sparse,0.06593482655112107,0.31936500200416446
96,Adam,full,zero,0.06593482143554406,0.31936466927993634
96,Adam,mini-batch,random,0.08619468953574291,0.3993560022237867
96,Adam,mini-batch,sparse,0.09326700767822776,0.3725467520187863
96,Adam,mini-batch,zero,0.09328670108547049,0.36965130512575023
97,GD,SGD,random,0.06704617780238223,0.540132656491176
97,GD,SGD,sparse,0.06681862885624038,0.5369907548529332
97,GD,SGD,zero,0.03024997661305142,0.30210323080369467
97,GD,full,random,0.0604968262451263,0.5531416474269719
97,GD,full,sparse,0.0614616283706904,0.559468553382961
97,GD,full,zero,0.0452766783205098,0.31675199217782585
97,GD,mini-batch,random,0.06108294626682902,0.5518361311250446
97,GD,mini-batch,sparse,0.06126868880721447,0.5482211331175117
97,GD,mini-batch,zero,0.04625445088460334,0.32512228120607123
97,AdaGrad,SGD,random,1.4848151376787766,2.099750588375531
97,AdaGrad,SGD,sparse,0.32770271003782686,2.0236087257985886
97,AdaGrad,SGD,zero,0.13177564520157967,0.6224459388199736
97,AdaGrad,full,random,1.0494628961510604,1.995303819579301
97,AdaGrad,full,sparse,0.28194932498112674,1.8279886290253424
97,AdaGrad,full,zero,0.062090944272826375,0.520000015997973
97,AdaGrad,mini-batch,random,1.0732472855331645,2.002325772612461
97,AdaGrad,mini-batch,sparse,0.29591095323044714,1.8655505138796364
97,AdaGrad,mini-batch,zero,0.0646566774985875,0.5292617080522727
97,RMSProp,SGD,random,0.04687644793653919,0.3712300898891257
97,RMSProp,SGD,sparse,0.0464784358055001,0.3464167751861889
97,RMSProp,SGD,zero,0.016367062801542057,0.21161114966336247
97,RMSProp,full,random,0.03939825181930108,0.25872690299177337
97,RMSProp,full,sparse,0.04680359336791802,0.2711976537534366
97,RMSProp,full,zero,0.04680359336791802,0.2711976537534365
97,RMSProp,mini-batch,random,0.04818226075563107,0.2765697281064748
97,RMSProp,mini-batch,sparse,0.04818180348361477,0.2765586808396022
97,RMSProp,mini-batch,zero,0.048181618353619914,0.2765499255424499
97,Adam,SGD,random,0.059224500825532836,0.6692706070044611
97,Adam,SGD,sparse,0.057641600643126824,0.5014470165045042
97,Adam,SGD,zero,0.025667946176469097,0.31161104267717066
97,Adam,full,random,0.047015305628304166,0.3596113389549064
97,Adam,full,sparse,0.04298853255473809,0.26484987689364975
97,Adam,full,zero,0.042988553417263604,0.2648469162684128
97,Adam,mini-batch,random,0.04864914831892533,0.3797790292464063
97,Adam,mini-batch,sparse,0.04389652166087904,0.27698917231962955
97,Adam,mini-batch,zero,0.043591151385703304,0.27645679279503405
98,GD,SGD,random,0.025418890407898204,0.19857537132853026
98,GD,SGD,sparse,0.024036807582277938,0.25270925279944656
98,GD,SGD,zero,0.031615269031168375,0.19884755327502673
98,GD,full,random,0.06336597469012877,0.31197303831251183
98,GD,full,sparse,0.06648407822880874,0.3747146203176991
98,GD,full,zero,0.060854803618987104,0.2449979094945841
98,GD,mini-batch,random,0.055556910651668276,0.2980350500331303
98,GD,mini-batch,sparse,0.05923255198975629,0.36798114289629713
98,GD,mini-batch,zero,0.05216285280843196,0.21694020466096603
98,AdaGrad,SGD,random,0.8049758144342034,1.3264438557095186
98,AdaGrad,SGD,sparse,0.19059648782582328,1.4036427106855849
98,AdaGrad,SGD,zero,0.282983837199843,0.6537606165553574
98,AdaGrad,full,random,0.48183667773070155,1.2004289616640336
98,AdaGrad,full,sparse,0.1323812782815377,1.0698511987912012
98,AdaGrad,full,zero,0.11027849925713867,0.500516482354073
98,AdaGrad,mini-batch,random,0.502375140387442,1.2101521048056418
98,AdaGrad,mini-batch,sparse,0.15532747326966614,1.171989826103747
98,AdaGrad,mini-batch,zero,0.1140424647043183,0.5046677176850283
98,RMSProp,SGD,random,0.014571659003695335,0.20925843427126375
98,RMSProp,SGD,sparse,0.011958647235364703,0.16819692012820409
98,RMSProp,SGD,zero,0.01373422643766354,0.09336365765322091
98,RMSProp,full,random,0.06544038745735505,0.2590984828065454
98,RMSProp,full,sparse,0.0561142869632734,0.24152067615721218
98,RMSProp,full,zero,0.06544038745735505,0.2590984828065454
98,RMSProp,mini-batch,random,0.03049615924998899,0.15699139342591825
98,RMSProp,mini-batch,sparse,0.030496624739175995,0.157004151189334
98,RMSProp,mini-batch,zero,0.030496397387957015,0.15696951940396595
98,Adam,SGD,random,0.03495037206526031,0.30881138518144474
98,Adam,SGD,sparse,0.026385984574468568,0.26699849450549656
98,Adam,SGD,zero,0.03751924477013593,0.21627705583653184
98,Adam,full,random,0.060454989559277715,0.24779129978574824
98,Adam,full,sparse,0.06066861695461352,0.2502641216509773
98,Adam,full,zero,0.06066861927493665,0.25026382560561755
98,Adam,mini-batch,random,0.05086490512558395,0.2215723584022803
98,Adam,mini-batch,sparse,0.04265885745530395,0.19360134284886352
98,Adam,mini-batch,zero,0.044202766703555045,0.19726591475688052
99,GD,SGD,random,0.026946853014991713,0.4071977834219423
99,GD,SGD,sparse,0.037704425038974226,0.46557801386371334
99,GD,SGD,zero,0.019903345075289656,0.16142020696102427
99,GD,full,random,0.03147499588570029,0.37027037370572236
99,GD,full,sparse,0.033650882563955056,0.39895306614360493
99,GD,full,zero,0.02256208751110363,0.1471992581152923
99,GD,mini-batch,random,0.031685264392634575,0.3716655081090559
99,GD,mini-batch,sparse,0.033321717145656266,0.3999531443095896
99,GD,mini-batch,zero,0.022512194779090004,0.14812605618575697
99,AdaGrad,SGD,random,2.135210218957111,2.002513789658627
99,AdaGrad,SGD,sparse,0.2886616630095437,1.7854695279549242
99,AdaGrad,SGD,zero,0.03205934591263506,0.2645264469229989
99,AdaGrad,full,random,1.5732092497031476,1.8586512447445518
99,AdaGrad,full,sparse,0.2624072352696132,1.720749454153376
99,AdaGrad,full,zero,0.02411806414131086,0.19419337352959568
99,AdaGrad,mini-batch,random,1.588352945736655,1.864525159405061
99,AdaGrad,mini-batch,sparse,0.263956132755979,1.726806287991571
99,AdaGrad,mini-batch,zero,0.02474475520179823,0.20787302209977532
99,RMSProp,SGD,random,0.01413879989826268,0.17958623538112237
99,RMSProp,SGD,sparse,0.025127659807869896,0.17889261079885344
99,RMSProp,SGD,zero,0.015232796557648115,0.11540971493394761
99,RMSProp,full,random,0.020035195694361924,0.12337511252406348
99,RMSProp,full,sparse,0.02003519569436195,0.1233751125240635
99,RMSProp,full,zero,0.020035195694361938,0.12337511252406348
99,RMSProp,mini-batch,random,0.02502327693008093,0.11604205278238663
99,RMSProp,mini-batch,sparse,0.025023275583809814,0.11604199297676537
99,RMSProp,mini-batch,zero,0.025023274727646785,0.11604195301362154
99,Adam,SGD,random,0.03311049201727744,0.5006641153254644
99,Adam,SGD,sparse,0.02155520148158714,0.25942305963304785
99,Adam,SGD,zero,0.016209009703751415,0.1516818915015883
99,Adam,full,random,0.02510139783427278,0.24161201273572525
99,Adam,full,sparse,0.022167363081862585,0.13048563647365619
99,Adam,full,zero,0.022167749249037905,0.13045152716557568
99,Adam,mini-batch,random,0.025069419345828965,0.25246615883147516
99,Adam,mini-batch,sparse,0.02273531630750104,0.11520513503091394
99,Adam,mini-batch,zero,0.024105267615413907,0.11641262126451438
100,GD,SGD,random,0.033706520838634395,0.34136759701482255
100,GD,SGD,sparse,0.04912776357265234,0.5428304093219077
100,GD,SGD,zero,0.02138358350038263,0.20559641544173068
100,GD,full,random,0.034770521384885594,0.3384002887679422
100,GD,full,sparse,0.04892462733697265,0.5333629455993767
100,GD,full,zero,0.030395060125754526,0.24963396800101048
100,GD,mini-batch,random,0.037647256046483,0.3574424687518269
100,GD,mini-batch,sparse,0.05095359207716375,0.541035098400942
100,GD,mini-batch,zero,0.032659814983439193,0.256584676696466
100,AdaGrad,SGD,random,1.7645982710401933,1.7943795294583569
100,AdaGrad,SGD,sparse,0.3824712219363981,2.078680097660735
100,AdaGrad,SGD,zero,0.057962947678177716,0.5562653910875865
100,AdaGrad,full,random,1.3016422805535661,1.6568608154711637
100,AdaGrad,full,sparse,0.3361549674900698,1.972344584752242
100,AdaGrad,full,zero,0.04300594760573732,0.43980878267619616
100,AdaGrad,mini-batch,random,1.3110995179654181,1.6587993670065315
100,AdaGrad,mini-batch,sparse,0.34052118597579645,1.9858969836591145
100,AdaGrad,mini-batch,zero,0.04565459179548916,0.46463330692183225
100,RMSProp,SGD,random,0.018487037018681315,0.11736920019922827
100,RMSProp,SGD,sparse,0.017948253580782027,0.1521050781950149
100,RMSProp,SGD,zero,0.014683725034593337,0.07670863814160933
100,RMSProp,full,random,0.03092404868417608,0.19938527807971088
100,RMSProp,full,sparse,0.025789980111161688,0.18643841627426141
100,RMSProp,full,zero,0.025789980111161688,0.18643841627426141
100,RMSProp,mini-batch,random,0.03226645659291882,0.21301882215193865
100,RMSProp,mini-batch,sparse,0.03226645809861683,0.21301885606686785
100,RMSProp,mini-batch,zero,0.03226645538792149,0.21301876909689346
100,Adam,SGD,random,0.03603111880773487,0.4014812642333331
100,Adam,SGD,sparse,0.03299523839992714,0.3534545766509314
100,Adam,SGD,zero,0.016657061662524352,0.1306452298813618
100,Adam,full,random,0.030406581502562903,0.25357890432685415
100,Adam,full,sparse,0.02825157176898162,0.19284817001882765
100,Adam,full,zero,0.028249931736431012,0.19276121569575888
100,Adam,mini-batch,random,0.033571896889023095,0.27184680462610017
100,Adam,mini-batch,sparse,0.029137718738048542,0.20567258511640638
100,Adam,mini-batch,zero,0.03200997613970292,0.21464497240756344
101,GD,SGD,random,0.025919314377708887,0.24969812316506523
101,GD,SGD,sparse,0.032005864415496715,0.38834062533748037
101,GD,SGD,zero,0.023310879242454622,0.11872849714103695
101,GD,full,random,0.024862624281515873,0.2584634124379037
101,GD,full,sparse,0.029081380390471416,0.34121715358511273
101,GD,full,zero,0.02005460662015422,0.10932958084076681
101,GD,mini-batch,random,0.024929334117611668,0.25356452425672166
101,GD,mini-batch,sparse,0.028529041337967787,0.33036523032196213
101,GD,mini-batch,zero,0.019764160628848195,0.1122568948569344
101,AdaGrad,SGD,random,2.2670323456821406,2.0072798549338686
101,AdaGrad,SGD,sparse,0.32928348162773585,1.8916504345067495
101,AdaGrad,SGD,zero,0.021929603378887375,0.14791699271157205
101,AdaGrad,full,random,1.6489587111280688,1.8495791913803612
101,AdaGrad,full,sparse,0.2944134640853464,1.8245884156806897
101,AdaGrad,full,zero,0.020221428334426694,0.11605020981775703
101,AdaGrad,mini-batch,random,1.6657492864181453,1.8538322320035117
101,AdaGrad,mini-batch,sparse,0.2952991974507878,1.8280648982128695
101,AdaGrad,mini-batch,zero,0.020329737044031668,0.1238323309789321
101,RMSProp,SGD,random,0.0196192212274031,0.10486025255660522
101,RMSProp,SGD,sparse,0.016904634095267948,0.11063038551627298
101,RMSProp,SGD,zero,0.03126165936154869,0.1448866272046265
101,RMSProp,full,random,0.02221827374156895,0.11949169333753099
101,RMSProp,full,sparse,0.02221827374156895,0.11949169333753099
101,RMSProp,full,zero,0.018196979793817163,0.10289990703992247
101,RMSProp,mini-batch,random,0.02104318491396902,0.12320970295646001
101,RMSProp,mini-batch,sparse,0.021043185130942547,0.12320971459865154
101,RMSProp,mini-batch,zero,0.021043185342878426,0.12320972290957781
101,Adam,SGD,random,0.03515934993909552,0.39086534001344736
101,Adam,SGD,sparse,0.024731584629255537,0.20967622878756698
101,Adam,SGD,zero,0.02427876237717678,0.1336915364740178
101,Adam,full,random,0.02074544327216123,0.14351566489680823
101,Adam,full,sparse,0.02009283855845923,0.1108568261403969
101,Adam,full,zero,0.020098612047790856,0.11105551767105946
101,Adam,mini-batch,random,0.021822299130101266,0.15247739715315226
101,Adam,mini-batch,sparse,0.01898955133136657,0.11846530849739198
101,Adam,mini-batch,zero,0.014901507885713788,0.09908146262502697
102,GD,SGD,random,0.023263507365850623,0.3396704340745121
102,GD,SGD,sparse,0.025631001206193486,0.3921004566602428
102,GD,SGD,zero,0.017067630056728567,0.20820744176958642
102,GD,full,random,0.04487944617753688,0.4123548163667713
102,GD,full,sparse,0.047288877917165933,0.4567329000578489
102,GD,full,zero,0.03679446646627215,0.2827422657799618
102,GD,mini-batch,random,0.04360950235289547,0.3956601406401013
102,GD,mini-batch,sparse,0.04616764977224936,0.44304315112465276
102,GD,mini-batch,zero,0.03586631054147883,0.27615261906049177
102,AdaGrad,SGD,random,1.3294558236501102,1.905508793368277
102,AdaGrad,SGD,sparse,0.31535796851122794,1.8816761047801795
102,AdaGrad,SGD,zero,0.09262172816488262,0.5818973804596774
102,AdaGrad,full,random,0.9655859377222519,1.7967827989339105
102,AdaGrad,full,sparse,0.2531217378573867,1.661132507071541
102,AdaGrad,full,zero,0.05411417717693909,0.4913344069718141
102,AdaGrad,mini-batch,random,0.9738377672483475,1.796792090549918
102,AdaGrad,mini-batch,sparse,0.2698720111872613,1.7016893680373582
102,AdaGrad,mini-batch,zero,0.05728394047705329,0.5014516235471952
102,RMSProp,SGD,random,0.011961032839501706,0.14381996216519324
102,RMSProp,SGD,sparse,0.011491914951524752,0.13818161237464732
102,RMSProp,SGD,zero,0.010805483406135474,0.07668822927217042
102,RMSProp,full,random,0.031705486394983606,0.2250754078191011
102,RMSProp,full,sparse,0.0317054863949836,0.2250754078191011
102,RMSProp,full,zero,0.031705486394983606,0.2250754078191011
102,RMSProp,mini-batch,random,0.03616700766876488,0.24273757911486843
102,RMSProp,mini-batch,sparse,0.03616683550477332,0.2427344171884422
102,RMSProp,mini-batch,zero,0.036166864457441335,0.24273506622494792
102,Adam,SGD,random,0.02523538619461746,0.3764623330589365
102,Adam,SGD,sparse,0.018522694117772843,0.25871260434273347
102,Adam,SGD,zero,0.015704310404514997,0.1676426474191957
102,Adam,full,random,0.035580064672627205,0.2557693979601225
102,Adam,full,sparse,0.034744017717410036,0.23137265149619923
102,Adam,full,zero,0.03474404012098281,0.2313725677028007
102,Adam,mini-batch,random,0.03145619684038885,0.24290944578164644
102,Adam,mini-batch,sparse,0.02854038703178894,0.22584861210622867
102,Adam,mini-batch,zero,0.028761882207577742,0.22672875417293487
103,GD,SGD,random,0.06584671940998686,0.442478902384592
103,GD,SGD,sparse,0.06625648747738448,0.3788246681304933
103,GD,SGD,zero,0.06454140664479088,0.3439776677428497
103,GD,full,random,0.05744521198533797,0.3997152463147962
103,GD,full,sparse,0.057126425424790225,0.4058190309810436
103,GD,full,zero,0.05124299675256771,0.2726400989215438
103,GD,mini-batch,random,0.0476045370948566,0.38136925347825784
103,GD,mini-batch,sparse,0.04662497418734592,0.3842349804319045
103,GD,mini-batch,zero,0.042252969015391946,0.258491351062788
103,AdaGrad,SGD,random,0.9776880207687867,1.554102813498351
103,AdaGrad,SGD,sparse,0.17538480356251526,1.3918211032068009
103,AdaGrad,SGD,zero,0.20728672889031002,0.6476334206645395
103,AdaGrad,full,random,0.6824022337055597,1.4714303766095307
103,AdaGrad,full,sparse,0.13744137656756267,1.1474097970124026
103,AdaGrad,full,zero,0.08226173709752069,0.5079616818587255
103,AdaGrad,mini-batch,random,0.6964328555184115,1.476440092904229
103,AdaGrad,mini-batch,sparse,0.15163530442272402,1.2132792301822366
103,AdaGrad,mini-batch,zero,0.08627370206891932,0.5188519936745707
103,RMSProp,SGD,random,0.04002374037135873,0.3221040423242603
103,RMSProp,SGD,sparse,0.042754132678452135,0.27807371924072133
103,RMSProp,SGD,zero,0.039068582094767934,0.23058042257141428
103,RMSProp,full,random,0.04654694186426058,0.25864750065604586
103,RMSProp,full,sparse,0.04654694186426058,0.25864750065604586
103,RMSProp,full,zero,0.05469841861062025,0.27329667472675023
103,RMSProp,mini-batch,random,0.03429893456834562,0.2575118772143106
103,RMSProp,mini-batch,sparse,0.03429844972463662,0.25750575302215595
103,RMSProp,mini-batch,zero,0.03429902555415181,0.25750447947828875
103,Adam,SGD,random,0.0641840771718673,0.496149892694465
103,Adam,SGD,sparse,0.052556150442996157,0.3500983982997653
103,Adam,SGD,zero,0.053855383121945405,0.31832933572446714
103,Adam,full,random,0.051263837057414496,0.2875621904185482
103,Adam,full,sparse,0.05051294939325442,0.26588493975833144
103,Adam,full,zero,0.05051294974780465,0.2658849156857806
103,Adam,mini-batch,random,0.040942538864812486,0.27847043638704927
103,Adam,mini-batch,sparse,0.03668601671549905,0.2658651140063815
103,Adam,mini-batch,zero,0.03623735842559707,0.26284066752567786
104,GD,SGD,random,0.09534140720114856,0.44793077481460225
104,GD,SGD,sparse,0.09868075424449112,0.37231620211997474
104,GD,SGD,zero,0.12692217167390774,0.45047312498295367
104,GD,full,random,0.07802027567483658,0.39089564754960154
104,GD,full,sparse,0.07793332605032285,0.3747563692637591
104,GD,full,zero,0.07137233123251194,0.2763284642826989
104,GD,mini-batch,random,0.07671048627628196,0.3866468363439371
104,GD,mini-batch,sparse,0.07586138933571249,0.36597125116518675
104,GD,mini-batch,zero,0.07137393765343053,0.27906705555968503
104,AdaGrad,SGD,random,0.399304853791281,1.3535234298390368
104,AdaGrad,SGD,sparse,0.294435119480449,1.6104924909467035
104,AdaGrad,SGD,zero,0.609782394544062,0.8420197981422358
104,AdaGrad,full,random,0.21592358537145337,1.2869345774153818
104,AdaGrad,full,sparse,0.13639008459313892,0.9820754337619788
104,AdaGrad,full,zero,0.278733003676893,0.6253864081815543
104,AdaGrad,mini-batch,random,0.22512953082092024,1.2958192667900947
104,AdaGrad,mini-batch,sparse,0.1787506577168413,1.173049727483027
104,AdaGrad,mini-batch,zero,0.29416678647796485,0.6398286185286095
104,RMSProp,SGD,random,0.04796480885872355,0.32048997073650853
104,RMSProp,SGD,sparse,0.052579105812682866,0.28728674267339255
104,RMSProp,SGD,zero,0.06799766601525181,0.28916903477291694
104,RMSProp,full,random,0.07791539110417582,0.325581818558541
104,RMSProp,full,sparse,0.07791539110417577,0.32558181855854096
104,RMSProp,full,zero,0.07791539110417582,0.325581818558541
104,RMSProp,mini-batch,random,0.07459479531103233,0.32244164417940463
104,RMSProp,mini-batch,sparse,0.07458822320343746,0.3223347198375615
104,RMSProp,mini-batch,zero,0.07459201654303267,0.322404223040644
104,Adam,SGD,random,0.13573486130067933,0.5292462977922738
104,Adam,SGD,sparse,0.10986040144048718,0.41218419137841283
104,Adam,SGD,zero,0.15510850073270044,0.45647691592929135
104,Adam,full,random,0.07275080616974357,0.31675226936367895
104,Adam,full,sparse,0.07281340538609042,0.31817799033830163
104,Adam,full,zero,0.0728056470682168,0.31795243216378233
104,Adam,mini-batch,random,0.06870418277992398,0.3152113084341337
104,Adam,mini-batch,sparse,0.06755135733530718,0.31931235992716206
104,Adam,mini-batch,zero,0.06763492342337067,0.3156258112896998
105,GD,SGD,random,0.10852281902367014,0.49020674575290324
105,GD,SGD,sparse,0.08622820355459856,0.5598400571578029
105,GD,SGD,zero,0.04233052817144407,0.21590013779115744
105,GD,full,random,0.14409745303476656,0.5614705057231647
105,GD,full,sparse,0.15472658476667028,0.6725437804437129
105,GD,full,zero,0.13089042202362505,0.4039750667307765
105,GD,mini-batch,random,0.12555253419805756,0.5456069849286314
105,GD,mini-batch,sparse,0.1354283981020176,0.6595791818197733
105,GD,mini-batch,zero,0.11319437948906873,0.38292335946479955
105,AdaGrad,SGD,random,0.5950423919353409,1.9307924046233518
105,AdaGrad,SGD,sparse,0.592122937098999,2.3168440566571484
105,AdaGrad,SGD,zero,0.8897557997934984,1.0336547113388215
105,AdaGrad,full,random,0.358306027653837,1.8753771108448933
105,AdaGrad,full,sparse,0.3178582244337977,1.6774264978410016
105,AdaGrad,full,zero,0.37204631973983676,0.7547900280771224
105,AdaGrad,mini-batch,random,0.3704410100766691,1.8755626582348337
105,AdaGrad,mini-batch,sparse,0.3905055073612228,1.8413850144924604
105,AdaGrad,mini-batch,zero,0.3928268073974277,0.7687050123452677
105,RMSProp,SGD,random,0.05028571397030386,0.5028392673915342
105,RMSProp,SGD,sparse,0.06030064855574062,0.6382534733868532
105,RMSProp,SGD,zero,0.015992533541578306,0.11049620477453279
105,RMSProp,full,random,0.13618717631026925,0.3856951819370951
105,RMSProp,full,sparse,0.12222278369219164,0.36803922035228076
105,RMSProp,full,zero,0.13618717631026916,0.385695181937095
105,RMSProp,mini-batch,random,0.09396549120652288,0.34637899993656435
105,RMSProp,mini-batch,sparse,0.09396082404772745,0.3463248783612059
105,RMSProp,mini-batch,zero,0.09393399332553139,0.34574689142301585
105,Adam,SGD,random,0.10810733564742644,0.7776119854386919
105,Adam,SGD,sparse,0.13566773152523282,0.8822123586276615
105,Adam,SGD,zero,0.058186588485752595,0.28109550221145035
105,Adam,full,random,0.12945407277669366,0.3848007093572264
105,Adam,full,sparse,0.1291002675911942,0.3768379262247315
105,Adam,full,zero,0.12910248357277995,0.37686896348298365
105,Adam,mini-batch,random,0.1217843843603923,0.38900994439259157
105,Adam,mini-batch,sparse,0.12170673322826339,0.37288685528102145
105,Adam,mini-batch,zero,0.12150957569183565,0.3709441293105761
106,GD,SGD,random,0.03381627808102841,0.3321905027299904
106,GD,SGD,sparse,0.030609492647633067,0.3190467166074264
106,GD,SGD,zero,0.03041997312544658,0.2003920163882606
106,GD,full,random,0.04722193387553408,0.3364549260646481
106,GD,full,sparse,0.048734020196925965,0.3588098318023328
106,GD,full,zero,0.04165491064413273,0.21535193806185624
106,GD,mini-batch,random,0.040954067911505396,0.32182883369973064
106,GD,mini-batch,sparse,0.04228139880393691,0.3425700822034714
106,GD,mini-batch,zero,0.03534468159631924,0.2020066685227225
106,AdaGrad,SGD,random,1.4420976743138936,1.7714626106213849
106,AdaGrad,SGD,sparse,0.2538245153085377,1.698239169229376
106,AdaGrad,SGD,zero,0.1240452605802388,0.47037491819525024
106,AdaGrad,full,random,0.955598979953806,1.6293677885781352
106,AdaGrad,full,sparse,0.22037024475969583,1.5190270704136797
106,AdaGrad,full,zero,0.05105791490613662,0.35436334035613465
106,AdaGrad,mini-batch,random,0.9861057929940531,1.6390316363468698
106,AdaGrad,mini-batch,sparse,0.2310324189980453,1.5569147242184527
106,AdaGrad,mini-batch,zero,0.050678555933322406,0.360078005637738
106,RMSProp,SGD,random,0.021012298799824893,0.24164447211783616
106,RMSProp,SGD,sparse,0.017900650088467508,0.15818557730007818
106,RMSProp,SGD,zero,0.018934378111867708,0.13760693641956087
106,RMSProp,full,random,0.03714574209620001,0.1794941534000099
106,RMSProp,full,sparse,0.04447090792338396,0.19721552951067287
106,RMSProp,full,zero,0.04447090792338395,0.19721552951067284
106,RMSProp,mini-batch,random,0.03307556480328088,0.158379839273124
106,RMSProp,mini-batch,sparse,0.0330754907003382,0.15837859456738418
106,RMSProp,mini-batch,zero,0.03307535613589557,0.15837808464696027
106,Adam,SGD,random,0.040941115795812444,0.4728560961633371
106,Adam,SGD,sparse,0.031137148881348123,0.2787011570150723
106,Adam,SGD,zero,0.041803799830428645,0.21989784068850596
106,Adam,full,random,0.04151652174474404,0.21705965063925423
106,Adam,full,sparse,0.04069870543708401,0.1882971504108845
106,Adam,full,zero,0.0406987467912934,0.18829779147324877
106,Adam,mini-batch,random,0.029038711745527353,0.1902355406195765
106,Adam,mini-batch,sparse,0.034616092979991325,0.16716337618400587
106,Adam,mini-batch,zero,0.03498642926872836,0.16775055574502698
107,GD,SGD,random,0.02997312709398369,0.17473434413707387
107,GD,SGD,sparse,0.02786833088607789,0.2761978257861033
107,GD,SGD,zero,0.031348998798437444,0.19436499484125416
107,GD,full,random,0.06025377440734948,0.2586016138011028
107,GD,full,sparse,0.0627378130365296,0.3077376751911674
107,GD,full,zero,0.06000200403084685,0.26993178183892763
107,GD,mini-batch,random,0.04976416412068695,0.24171837022266773
107,GD,mini-batch,sparse,0.052042101072327804,0.2940259069050032
107,GD,mini-batch,zero,0.04932452315120605,0.254094471693092
107,AdaGrad,SGD,random,1.159330867234621,1.6022258964743374
107,AdaGrad,SGD,sparse,0.19857695379014373,1.4667252027650757
107,AdaGrad,SGD,zero,0.1685772231605895,0.5467443247883025
107,AdaGrad,full,random,0.7242398043080555,1.4484731745179713
107,AdaGrad,full,sparse,0.17096925175346658,1.2423193918261313
107,AdaGrad,full,zero,0.0752665882569406,0.4264056501344475
107,AdaGrad,mini-batch,random,0.7478478045518582,1.4602943815196148
107,AdaGrad,mini-batch,sparse,0.18690183791829512,1.296533073110053
107,AdaGrad,mini-batch,zero,0.07844964064422054,0.43716301492505755
107,RMSProp,SGD,random,0.020949742398944527,0.11914073573537602
107,RMSProp,SGD,sparse,0.017376717295505495,0.14830531831509722
107,RMSProp,SGD,zero,0.021124317084806544,0.1406987241144104
107,RMSProp,full,random,0.06376781153818743,0.2553543183506721
107,RMSProp,full,sparse,0.054645797979797836,0.23810780326007186
107,RMSProp,full,zero,0.054645797979797815,0.23810780326007183
107,RMSProp,mini-batch,random,0.04380782259057987,0.193568656468112
107,RMSProp,mini-batch,sparse,0.04380738351923467,0.193554544490228
107,RMSProp,mini-batch,zero,0.043807261417094255,0.19356970528568151
107,Adam,SGD,random,0.031215390904215098,0.2864462479236735
107,Adam,SGD,sparse,0.03273324744190657,0.29740316509451203
107,Adam,SGD,zero,0.024019927926699266,0.1883453400596871
107,Adam,full,random,0.0584867991114705,0.23251884973876016
107,Adam,full,sparse,0.05909948060522886,0.24667907479279308
107,Adam,full,zero,0.05909948207326998,0.246679097521904
107,Adam,mini-batch,random,0.04381420594839877,0.19862240010913748
107,Adam,mini-batch,sparse,0.04700082771997954,0.1980718677952622
107,Adam,mini-batch,zero,0.046844423572707086,0.19749430321136838
108,GD,SGD,random,0.09421572157702267,0.4507010442086184
108,GD,SGD,sparse,0.1520172665173728,0.5365249990671617
108,GD,SGD,zero,0.1188219918123593,0.35581981241906807
108,GD,full,random,0.12378076844938429,0.5264212076558301
108,GD,full,sparse,0.1333519565433304,0.6209563203143318
108,GD,full,zero,0.11167255010764042,0.3697185798464563
108,GD,mini-batch,random,0.1254007369083229,0.5372933738899719
108,GD,mini-batch,sparse,0.13489690326813522,0.632590326225215
108,GD,mini-batch,zero,0.11305413958150322,0.3772790974340533
108,AdaGrad,SGD,random,0.5692275610231392,1.923325441875908
108,AdaGrad,SGD,sparse,0.6075600803267718,2.3681823515802534
108,AdaGrad,SGD,zero,0.9237633921152919,1.0687455046409777
108,AdaGrad,full,random,0.34091610058408073,1.8583319247441996
108,AdaGrad,full,sparse,0.3307978782993955,1.724932629111894
108,AdaGrad,full,zero,0.3969804646349691,0.8148591281994575
108,AdaGrad,mini-batch,random,0.34158515778044946,1.8541986481282675
108,AdaGrad,mini-batch,sparse,0.40771156382567797,1.888410825078068
108,AdaGrad,mini-batch,zero,0.44406436321965415,0.8490849285835487
108,RMSProp,SGD,random,0.055648469124739544,0.47243116298900667
108,RMSProp,SGD,sparse,0.09161941865395501,0.5562898815272326
108,RMSProp,SGD,zero,0.06101244060498099,0.2707118222943485
108,RMSProp,full,random,0.10374870219216625,0.33922868866177813
108,RMSProp,full,sparse,0.11684275602181432,0.35681211738496293
108,RMSProp,full,zero,0.11684275602181432,0.35681211738496293
108,RMSProp,mini-batch,random,0.10268783367741251,0.339113185113239
108,RMSProp,mini-batch,sparse,0.10267935527048827,0.3390629876515681
108,RMSProp,mini-batch,zero,0.10266763485632902,0.33879107209789666
108,Adam,SGD,random,0.14407496778786752,0.7083968145738462
108,Adam,SGD,sparse,0.15643957760316549,0.7309263191328491
108,Adam,SGD,zero,0.14049352761837822,0.38239618694871774
108,Adam,full,random,0.11047788117973037,0.3552887862754474
108,Adam,full,sparse,0.1101868666440016,0.347987787773196
108,Adam,full,zero,0.11018763475524754,0.3479747125207123
108,Adam,mini-batch,random,0.10315981001666437,0.3544210857011914
108,Adam,mini-batch,sparse,0.10431681986938472,0.3419860470607866
108,Adam,mini-batch,zero,0.10277876356480613,0.34109398480805037
109,GD,SGD,random,0.016415627212227512,0.1664283838212508
109,GD,SGD,sparse,0.03393442381524441,0.40326314109920086
109,GD,SGD,zero,0.0177205057376637,0.20089101284930527
109,GD,full,random,0.0664814690506731,0.2992855734474123
109,GD,full,sparse,0.07688759863401351,0.47427524654392494
109,GD,full,zero,0.06553441656848066,0.3160185803544695
109,GD,mini-batch,random,0.05615222277880243,0.278772292020832
109,GD,mini-batch,sparse,0.06666961757573191,0.455704547258187
109,GD,mini-batch,zero,0.054480553487106606,0.28415306960293346
109,AdaGrad,SGD,random,0.8473152831684345,1.26142692012282
109,AdaGrad,SGD,sparse,0.2553077645202873,1.626941927822559
109,AdaGrad,SGD,zero,0.3051590413821986,0.6947206912874087
109,AdaGrad,full,random,0.4484062300807565,1.1039689758271303
109,AdaGrad,full,sparse,0.17526854874219122,1.2413561104820732
109,AdaGrad,full,zero,0.11435683442388424,0.539222949163605
109,AdaGrad,mini-batch,random,0.45535719988311973,1.1077495105152622
109,AdaGrad,mini-batch,sparse,0.2035592474224386,1.3485650433969738
109,AdaGrad,mini-batch,zero,0.11638441706489934,0.5401844595391617
109,RMSProp,SGD,random,0.010834740616411927,0.10758430754506365
109,RMSProp,SGD,sparse,0.0238929851342434,0.30508672950770427
109,RMSProp,SGD,zero,0.010884498836394963,0.15843362112577955
109,RMSProp,full,random,0.06997620800183667,0.30594653149255957
109,RMSProp,full,sparse,0.06997620800183667,0.30594653149255957
109,RMSProp,full,zero,0.06033055074933973,0.29122108224106874
109,RMSProp,mini-batch,random,0.04228227758929311,0.22666029998819792
109,RMSProp,mini-batch,sparse,0.042288527906725125,0.22683002307826367
109,RMSProp,mini-batch,zero,0.04228648058460205,0.2267836212968744
109,Adam,SGD,random,0.022309679288076718,0.2825720613665601
109,Adam,SGD,sparse,0.03375743670468896,0.4642999185580704
109,Adam,SGD,zero,0.0197989571852498,0.22137097356600155
109,Adam,full,random,0.0647568345756334,0.28954028471388193
109,Adam,full,sparse,0.06504306109323699,0.29850711820358194
109,Adam,full,zero,0.06504306640079172,0.29850728929284787
109,Adam,mini-batch,random,0.054330748336646896,0.25000804574446367
109,Adam,mini-batch,sparse,0.049612130796945215,0.24381019442092564
109,Adam,mini-batch,zero,0.05031611282484676,0.2462116087208837
110,GD,SGD,random,0.13404933388581572,0.4239920639495156
110,GD,SGD,sparse,0.10895795982996112,0.35760168408129345
110,GD,SGD,zero,0.11198717965682002,0.34460490228206947
110,GD,full,random,0.06545095659310035,0.33739311286900064
110,GD,full,sparse,0.0652886804343585,0.3506381891578202
110,GD,full,zero,0.0613520799733716,0.23924210099446452
110,GD,mini-batch,random,0.06604730549598098,0.33009304559311836
110,GD,mini-batch,sparse,0.06619279746777743,0.358347184309687
110,GD,mini-batch,zero,0.06123941395500972,0.2324539651888936
110,AdaGrad,SGD,random,0.9731557388921831,1.5803284191645737
110,AdaGrad,SGD,sparse,0.193137336106615,1.4541786159346135
110,AdaGrad,SGD,zero,0.2890167598919009,0.6664891859662146
110,AdaGrad,full,random,0.552494157835208,1.4464427178194705
110,AdaGrad,full,sparse,0.13675076137842504,1.1064898105191405
110,AdaGrad,full,zero,0.10700689949553936,0.4994309809809115
110,AdaGrad,mini-batch,random,0.5661294561478588,1.4511611781327347
110,AdaGrad,mini-batch,sparse,0.15935684124482358,1.1951772026814707
110,AdaGrad,mini-batch,zero,0.10949717944073298,0.4978387708641122
110,RMSProp,SGD,random,0.07806563385113127,0.3471186792170091
110,RMSProp,SGD,sparse,0.05885174763853099,0.3071407013169368
110,RMSProp,SGD,zero,0.0630811282873879,0.23457392739424687
110,RMSProp,full,random,0.06485847741038381,0.22489402500853117
110,RMSProp,full,sparse,0.0648584774103838,0.22489402500853117
110,RMSProp,full,zero,0.0648584774103838,0.2248940250085312
110,RMSProp,mini-batch,random,0.04818821694806065,0.19599985330297526
110,RMSProp,mini-batch,sparse,0.04818749820538484,0.19601078594132587
110,RMSProp,mini-batch,zero,0.04818709385658787,0.19599197649681405
110,Adam,SGD,random,0.1326749560136947,0.5075755783206689
110,Adam,SGD,sparse,0.12496681248874492,0.4036484680864881
110,Adam,SGD,zero,0.14915473892687628,0.39071955837684813
110,Adam,full,random,0.06015419704253726,0.22295701416864935
110,Adam,full,sparse,0.06010308647140656,0.21518279794583733
110,Adam,full,zero,0.060103098135982705,0.215182890345342
110,Adam,mini-batch,random,0.06670684312720535,0.23871912162681916
110,Adam,mini-batch,sparse,0.06372521887260948,0.22616657518004157
110,Adam,mini-batch,zero,0.06443771247370181,0.22709483920321177
111,GD,SGD,random,0.07315510994400458,0.33647802035084173
111,GD,SGD,sparse,0.05213895936825122,0.3624099514833405
111,GD,SGD,zero,0.06881027808759842,0.24633682773593202
111,GD,full,random,0.06296036523953284,0.371372224161172
111,GD,full,sparse,0.06636737038119901,0.42312295577888737
111,GD,full,zero,0.05518644535156116,0.21695903447888928
111,GD,mini-batch,random,0.05537993251063279,0.3677787450469412
111,GD,mini-batch,sparse,0.05844629017810582,0.4216092090002541
111,GD,mini-batch,zero,0.0471004954018348,0.19717622105210192
111,AdaGrad,SGD,random,0.9458788578452538,1.906168015069167
111,AdaGrad,SGD,sparse,0.3039223903020935,1.828446989246186
111,AdaGrad,SGD,zero,0.3018630238382479,0.6533316920968969
111,AdaGrad,full,random,0.5688800102770667,1.8027899103397331
111,AdaGrad,full,sparse,0.19281844920872515,1.4044534251444454
111,AdaGrad,full,zero,0.1185410785293353,0.5143425245998414
111,AdaGrad,mini-batch,random,0.5795601588477128,1.8064365092840635
111,AdaGrad,mini-batch,sparse,0.22686841510687175,1.5055346549914508
111,AdaGrad,mini-batch,zero,0.12823712559252376,0.5280329401207084
111,RMSProp,SGD,random,0.041365636896956506,0.24978619821513354
111,RMSProp,SGD,sparse,0.02815994550696773,0.26544529929509525
111,RMSProp,SGD,zero,0.03843662743686728,0.21953998516241513
111,RMSProp,full,random,0.059183552720359654,0.21308615767526
111,RMSProp,full,sparse,0.05031672622790868,0.19335572532895998
111,RMSProp,full,zero,0.05031672622790866,0.19335572532895998
111,RMSProp,mini-batch,random,0.04018495414971042,0.17257733219157922
111,RMSProp,mini-batch,sparse,0.04018540167702123,0.17258547300426308
111,RMSProp,mini-batch,zero,0.04018550516605085,0.17258145611299344
111,Adam,SGD,random,0.08267249777364771,0.4843483894152274
111,Adam,SGD,sparse,0.05917731280898971,0.4010618245680689
111,Adam,SGD,zero,0.0680530380737296,0.24385061495051136
111,Adam,full,random,0.054439859821027,0.20249457251367958
111,Adam,full,sparse,0.05463990101564908,0.20321435389048104
111,Adam,full,zero,0.05463992023732703,0.20321430438551774
111,Adam,mini-batch,random,0.03857128842422928,0.16720786713099303
111,Adam,mini-batch,sparse,0.04038866544377204,0.1674449292039182
111,Adam,mini-batch,zero,0.0390349700216446,0.1637184354785505
112,GD,SGD,random,0.11102294878011622,0.5641428961581834
112,GD,SGD,sparse,0.12590174337169038,0.6764481841898845
112,GD,SGD,zero,0.058981786157357184,0.3116554724359131
112,GD,full,random,0.06415261270619153,0.42858109308835557
112,GD,full,sparse,0.07624249808298791,0.570271401827762
112,GD,full,zero,0.05791585986020156,0.315849122609612
112,GD,mini-batch,random,0.06444073007526153,0.44338822396481864
112,GD,mini-batch,sparse,0.07723375566761084,0.5833356758752692
112,GD,mini-batch,zero,0.05829569368212173,0.32362192025925984
112,AdaGrad,SGD,random,0.8847854773196847,1.5565893777761197
112,AdaGrad,SGD,sparse,0.37675510683325397,2.0523018509327584
112,AdaGrad,SGD,zero,0.23502867161663374,0.753289618937345
112,AdaGrad,full,random,0.5659458856268179,1.466307244688382
112,AdaGrad,full,sparse,0.27105502887032085,1.7041605170156349
112,AdaGrad,full,zero,0.10686602322778425,0.6356824220202548
112,AdaGrad,mini-batch,random,0.5890298183509185,1.475157550248234
112,AdaGrad,mini-batch,sparse,0.3209640399474438,1.8303029554150967
112,AdaGrad,mini-batch,zero,0.11735858184812911,0.6489421109214866
112,RMSProp,SGD,random,0.052373469567914284,0.33737594442824564
112,RMSProp,SGD,sparse,0.06523900045181105,0.43487358684837724
112,RMSProp,SGD,zero,0.03179345500291333,0.20566425542820177
112,RMSProp,full,random,0.051426997172297546,0.2612957069689656
112,RMSProp,full,sparse,0.060158154546555,0.27671861820474714
112,RMSProp,full,zero,0.051426997172297546,0.2612957069689656
112,RMSProp,mini-batch,random,0.0562346210539761,0.2994573634563114
112,RMSProp,mini-batch,sparse,0.05623466706878216,0.29945168979085435
112,RMSProp,mini-batch,zero,0.05623320122334948,0.2994226852689119
112,Adam,SGD,random,0.07614896114969466,0.5054288177543881
112,Adam,SGD,sparse,0.1064565308252907,0.5636074298177778
112,Adam,SGD,zero,0.04932064690747711,0.2926927937457854
112,Adam,full,random,0.056725231590695965,0.2973857354972206
112,Adam,full,sparse,0.05568483135007689,0.2689318870590571
112,Adam,full,zero,0.05568484117702647,0.268931981807529
112,Adam,mini-batch,random,0.054771325617612936,0.32687941345296023
112,Adam,mini-batch,sparse,0.050362589352180215,0.2863765272336244
112,Adam,mini-batch,zero,0.05145935822224671,0.28837954488595563
113,GD,SGD,random,0.055961851820613896,0.4403822659174358
113,GD,SGD,sparse,0.06439258169989644,0.47130103465502426
113,GD,SGD,zero,0.05022253268211352,0.26907316665881736
113,GD,full,random,0.05435449308318972,0.4074430166644991
113,GD,full,sparse,0.05697811744793159,0.44729605729497923
113,GD,full,zero,0.04758972318762693,0.293525671956272
113,GD,mini-batch,random,0.04700123313681609,0.3951566071063142
113,GD,mini-batch,sparse,0.04909044850643991,0.43886717666252717
113,GD,mini-batch,zero,0.040828931215885045,0.27935686434951595
113,AdaGrad,SGD,random,0.9633169349567143,1.7943911065722808
113,AdaGrad,SGD,sparse,0.292962372115899,1.8337341331261567
113,AdaGrad,SGD,zero,0.21772169695974222,0.7241267645785535
113,AdaGrad,full,random,0.6654152347619033,1.7317178711696928
113,AdaGrad,full,sparse,0.19750522847003948,1.4502951514352234
113,AdaGrad,full,zero,0.09992332827625218,0.6287291325461727
113,AdaGrad,mini-batch,random,0.6807426616259048,1.734691472718236
113,AdaGrad,mini-batch,sparse,0.23845338075744313,1.5958454293158553
113,AdaGrad,mini-batch,zero,0.1035508696118209,0.632915213971387
113,RMSProp,SGD,random,0.022910898174444715,0.20840359536496814
113,RMSProp,SGD,sparse,0.018816191964134657,0.2251703438643686
113,RMSProp,SGD,zero,0.020357670632881967,0.12116984771920337
113,RMSProp,full,random,0.0411534832119114,0.2182487644949416
113,RMSProp,full,sparse,0.04883399695577204,0.23361951394469122
113,RMSProp,full,zero,0.04883399695577204,0.23361951394469122
113,RMSProp,mini-batch,random,0.04570872718729162,0.2173104748449735
113,RMSProp,mini-batch,sparse,0.045707554346621444,0.21729351825433033
113,RMSProp,mini-batch,zero,0.045707849689509576,0.21728910326906684
113,Adam,SGD,random,0.06776412478959276,0.4793895681205254
113,Adam,SGD,sparse,0.04346105863957684,0.3488040020860487
113,Adam,SGD,zero,0.07263951358665488,0.29086444976060355
113,Adam,full,random,0.04501848087039639,0.2337721701297881
113,Adam,full,sparse,0.04488279531139977,0.22584352833796906
113,Adam,full,zero,0.04488283095585984,0.22584444108277907
113,Adam,mini-batch,random,0.03154659596274328,0.2126907211176063
113,Adam,mini-batch,sparse,0.02982471611421423,0.20118173413921747
113,Adam,mini-batch,zero,0.02912877507787428,0.198324609441576
114,GD,SGD,random,0.0803399800183079,0.3621646309970059
114,GD,SGD,sparse,0.09803911818093534,0.4772690104986406
114,GD,SGD,zero,0.08912767744885094,0.29139808075012397
114,GD,full,random,0.11184101306895361,0.4877931705358363
114,GD,full,sparse,0.11695435141823347,0.5265740342793168
114,GD,full,zero,0.1014524740511411,0.30871350479847126
114,GD,mini-batch,random,0.11547682264803334,0.49899085326580594
114,GD,mini-batch,sparse,0.11686429152883548,0.5237410613513119
114,GD,mini-batch,zero,0.10463593895147544,0.3183110774439944
114,AdaGrad,SGD,random,0.8311537338845839,1.8236455373292613
114,AdaGrad,SGD,sparse,0.45105526031761883,2.1837918499869224
114,AdaGrad,SGD,zero,0.42298219211533006,0.7280578043163098
114,AdaGrad,full,random,0.49128271657542577,1.7295741466172472
114,AdaGrad,full,sparse,0.33000783577051945,1.8206005597705037
114,AdaGrad,full,zero,0.15411043041337474,0.5038922989885545
114,AdaGrad,mini-batch,random,0.498947667110855,1.7322604694305264
114,AdaGrad,mini-batch,sparse,0.37287013361272525,1.9124497914231835
114,AdaGrad,mini-batch,zero,0.16558249570596711,0.5187906865236618
114,RMSProp,SGD,random,0.042624034800100234,0.357369322797979
114,RMSProp,SGD,sparse,0.06518355627741816,0.5396860482804852
114,RMSProp,SGD,zero,0.04437309360775549,0.23335572138400273
114,RMSProp,full,random,0.1083162724833413,0.3365457499896556
114,RMSProp,full,sparse,0.09586039884730413,0.31878415296748147
114,RMSProp,full,zero,0.09586039884730416,0.31878415296748147
114,RMSProp,mini-batch,random,0.14423492671697377,0.38127546375235066
114,RMSProp,mini-batch,sparse,0.14422776608339713,0.3811528787038887
114,RMSProp,mini-batch,zero,0.14423795664728734,0.38117060060622104
114,Adam,SGD,random,0.12965730944783857,0.6407822142678888
114,Adam,SGD,sparse,0.12299192509818116,0.6554640026228764
114,Adam,SGD,zero,0.1320633408467271,0.3542728458324672
114,Adam,full,random,0.10198178639116731,0.33546704335257366
114,Adam,full,sparse,0.10198130146725354,0.32763203762937976
114,Adam,full,zero,0.10198139670729103,0.32763225082358405
114,Adam,mini-batch,random,0.10865553909272486,0.350051163938702
114,Adam,mini-batch,sparse,0.12636094654495253,0.3592129938070374
114,Adam,mini-batch,zero,0.12513156938285241,0.3588487618066583
115,GD,SGD,random,0.039837557967748585,0.31445931737747923
115,GD,SGD,sparse,0.03883568955770549,0.42042768346115394
115,GD,SGD,zero,0.036456138587417815,0.20461722089273998
115,GD,full,random,0.03880149408559923,0.34829912489928017
115,GD,full,sparse,0.04515044289264896,0.44053277444469285
115,GD,full,zero,0.031048992809157516,0.17113580755851185
115,GD,mini-batch,random,0.034126592290315394,0.3235160612744123
115,GD,mini-batch,sparse,0.039844727410208364,0.4154200094658868
115,GD,mini-batch,zero,0.027291583117677796,0.15168298404311722
115,AdaGrad,SGD,random,1.5418044045798498,1.8561612883618848
115,AdaGrad,SGD,sparse,0.30899648476250136,1.8787119382238562
115,AdaGrad,SGD,zero,0.0551943578499169,0.28367846626067067
115,AdaGrad,full,random,1.1732476066460436,1.7469756914434396
115,AdaGrad,full,sparse,0.2765743898054123,1.7520057357694832
115,AdaGrad,full,zero,0.032796520967630645,0.22040889460819071
115,AdaGrad,mini-batch,random,1.1853489600318963,1.7518946742655666
115,AdaGrad,mini-batch,sparse,0.27960299513468534,1.7653425995259864
115,AdaGrad,mini-batch,zero,0.031162148495376112,0.21996750068978135
115,RMSProp,SGD,random,0.026369362575470408,0.15317146312004856
115,RMSProp,SGD,sparse,0.01591729442688112,0.14918931416186076
115,RMSProp,SGD,zero,0.02810107752464189,0.13795678095740327
115,RMSProp,full,random,0.027957921185677064,0.15273169760559047
115,RMSProp,full,sparse,0.03394212116829383,0.16971315788452518
115,RMSProp,full,zero,0.03394212116829383,0.16971315788452518
115,RMSProp,mini-batch,random,0.02396340040491331,0.13765491563402785
115,RMSProp,mini-batch,sparse,0.023963398011111064,0.13765489092641145
115,RMSProp,mini-batch,zero,0.023963394001512307,0.13765455941266574
115,Adam,SGD,random,0.056640127025127135,0.39866877413209856
115,Adam,SGD,sparse,0.05188958107799985,0.31172057951876814
115,Adam,SGD,zero,0.060458541931425844,0.24653447259512534
115,Adam,full,random,0.03233143343395079,0.21430745968908668
115,Adam,full,sparse,0.03084243747318795,0.16114247080226585
115,Adam,full,zero,0.03084243243572943,0.16113585538751807
115,Adam,mini-batch,random,0.03203280740208089,0.20250558186267062
115,Adam,mini-batch,sparse,0.032504142555759175,0.1618049085405298
115,Adam,mini-batch,zero,0.030395745678905677,0.15625720337221014
116,GD,SGD,random,0.04490571688190391,0.3922472123570143
116,GD,SGD,sparse,0.05335751636868356,0.38784463898250754
116,GD,SGD,zero,0.027835777446135888,0.30287418832540414
116,GD,full,random,0.04310160859097436,0.37650693605982477
116,GD,full,sparse,0.04374053443710083,0.38457588751922067
116,GD,full,zero,0.03709386847198234,0.27297022682805727
116,GD,mini-batch,random,0.0419910344402397,0.37444726470516165
116,GD,mini-batch,sparse,0.04339301909912991,0.39761731984254495
116,GD,mini-batch,zero,0.035225706646025264,0.2536918829134806
116,AdaGrad,SGD,random,1.2631571156019312,1.80452803419671
116,AdaGrad,SGD,sparse,0.25865490044879247,1.7034387967144193
116,AdaGrad,SGD,zero,0.14726928319465502,0.6681674694582234
116,AdaGrad,full,random,0.8528273840457765,1.685866058515941
116,AdaGrad,full,sparse,0.18182162977540958,1.3910375203871994
116,AdaGrad,full,zero,0.06370775742531455,0.5583882193135634
116,AdaGrad,mini-batch,random,0.864865922293315,1.691280973862086
116,AdaGrad,mini-batch,sparse,0.2037793183649656,1.466481810909341
116,AdaGrad,mini-batch,zero,0.06562869113869396,0.5643662290183477
116,RMSProp,SGD,random,0.020270939968517414,0.18720840975728312
116,RMSProp,SGD,sparse,0.027627566782429874,0.1881151540329226
116,RMSProp,SGD,zero,0.012395389239445253,0.12333693835077936
116,RMSProp,full,random,0.03769358997953721,0.21112395637621204
116,RMSProp,full,sparse,0.03150318034298627,0.19746030800595696
116,RMSProp,full,zero,0.03150318034298627,0.19746030800595696
116,RMSProp,mini-batch,random,0.03947493527632619,0.18999065776398194
116,RMSProp,mini-batch,sparse,0.039474903366219616,0.1899901632075642
116,RMSProp,mini-batch,zero,0.03947488001552002,0.18998974599343726
116,Adam,SGD,random,0.040647498907976934,0.4556832032818842
116,Adam,SGD,sparse,0.04281822072422254,0.3802332057975254
116,Adam,SGD,zero,0.022280189727996624,0.2729882769966996
116,Adam,full,random,0.03531289511047486,0.23006500055934945
116,Adam,full,sparse,0.03448975721990954,0.2041615500054722
116,Adam,full,zero,0.034489758935462536,0.20416158022628283
116,Adam,mini-batch,random,0.037435119804207564,0.22568912646596234
116,Adam,mini-batch,sparse,0.03530987187849385,0.17609486593233964
116,Adam,mini-batch,zero,0.03607211471297801,0.17943528077763357
117,GD,SGD,random,0.0504913091500616,0.5008514021948848
117,GD,SGD,sparse,0.04613829093042199,0.49930183828246094
117,GD,SGD,zero,0.03916587091606135,0.24656868097089016
117,GD,full,random,0.048561558783283096,0.4441910435303816
117,GD,full,sparse,0.04591750952017558,0.4020207568298013
117,GD,full,zero,0.037612997973159486,0.2586549534872589
117,GD,mini-batch,random,0.05311064423929148,0.43627980877144484
117,GD,mini-batch,sparse,0.050222920211775,0.39370576585758255
117,GD,mini-batch,zero,0.04269661856850464,0.2635687960811726
117,AdaGrad,SGD,random,1.4808343001649587,2.0632245975480963
117,AdaGrad,SGD,sparse,0.28599015709758135,1.821886066503313
117,AdaGrad,SGD,zero,0.10957872934692552,0.5748520214419909
117,AdaGrad,full,random,1.11460593664278,1.9612482282205734
117,AdaGrad,full,sparse,0.24759208785330458,1.6525539036562304
117,AdaGrad,full,zero,0.05227597922148855,0.46800160676086705
117,AdaGrad,mini-batch,random,1.1395453303889425,1.9673819150730374
117,AdaGrad,mini-batch,sparse,0.2604250633969804,1.6942703100837029
117,AdaGrad,mini-batch,zero,0.053761280568564045,0.47770391198156287
117,RMSProp,SGD,random,0.025493263121220418,0.3825499361549915
117,RMSProp,SGD,sparse,0.019315425836405525,0.30404444171683503
117,RMSProp,SGD,zero,0.018473126659953026,0.1298751221739804
117,RMSProp,full,random,0.038831920920298496,0.21415211028510311
117,RMSProp,full,sparse,0.03237246912267554,0.1996884541355794
117,RMSProp,full,zero,0.038831920920298496,0.21415211028510311
117,RMSProp,mini-batch,random,0.03550685033820061,0.23240506020700283
117,RMSProp,mini-batch,sparse,0.035506912440936955,0.23240554607772537
117,RMSProp,mini-batch,zero,0.03550709123707463,0.23240898721748524
117,Adam,SGD,random,0.06872413895664098,0.6103514238915829
117,Adam,SGD,sparse,0.035434081886097805,0.38721285499356717
117,Adam,SGD,zero,0.04792131475035056,0.24186466824245434
117,Adam,full,random,0.03711109311864399,0.25152679093974123
117,Adam,full,sparse,0.035492373707610936,0.20680046060959303
117,Adam,full,zero,0.03549260961225203,0.20680498715175605
117,Adam,mini-batch,random,0.04826444661937283,0.2722311839982622
117,Adam,mini-batch,sparse,0.041094057114438455,0.2430870974372549
117,Adam,mini-batch,zero,0.04084317875947714,0.25348446353789866
118,GD,SGD,random,0.08771559466944936,0.42994983454277375
118,GD,SGD,sparse,0.09471282849037477,0.4359881859195109
118,GD,SGD,zero,0.10577236853819291,0.37076672502028857
118,GD,full,random,0.09612593579097807,0.4204548711150452
118,GD,full,sparse,0.09803925957827495,0.4593466588884286
118,GD,full,zero,0.09292400889805422,0.38151526931200064
118,GD,mini-batch,random,0.08404319832782517,0.3957270174051544
118,GD,mini-batch,sparse,0.08649038226173937,0.44620124582154463
118,GD,mini-batch,zero,0.07985453680883668,0.3579329834780993
118,AdaGrad,SGD,random,0.6423083681427437,1.4775263619923895
118,AdaGrad,SGD,sparse,0.21856596427894348,1.5179881195165195
118,AdaGrad,SGD,zero,0.42175860126177184,0.8442471019365515
118,AdaGrad,full,random,0.36869856349242647,1.394828896168241
118,AdaGrad,full,sparse,0.14950819981654934,1.071392191647366
118,AdaGrad,full,zero,0.19082841243299922,0.6872164625933564
118,AdaGrad,mini-batch,random,0.37778938332575873,1.3968557977984462
118,AdaGrad,mini-batch,sparse,0.18943261270520115,1.2506605720244515
118,AdaGrad,mini-batch,zero,0.1926391959515578,0.6865473981986584
118,RMSProp,SGD,random,0.037921043179456264,0.19343291583571187
118,RMSProp,SGD,sparse,0.04493209862658206,0.2491662712149436
118,RMSProp,SGD,zero,0.049856113953818934,0.1989100895655535
118,RMSProp,full,random,0.0845966160478683,0.32648870843236866
118,RMSProp,full,sparse,0.08459661604786826,0.3264887084323686
118,RMSProp,full,zero,0.08459661604786826,0.3264887084323686
118,RMSProp,mini-batch,random,0.07177744783372299,0.2899762018985119
118,RMSProp,mini-batch,sparse,0.07177575613358894,0.289919603232116
118,RMSProp,mini-batch,zero,0.07178158692701889,0.2901129581803059
118,Adam,SGD,random,0.1281992815988702,0.5356037813137104
118,Adam,SGD,sparse,0.11581181766665415,0.4386167395690553
118,Adam,SGD,zero,0.14223674327590777,0.4172439062950567
118,Adam,full,random,0.09015017093698317,0.3354735263064671
118,Adam,full,sparse,0.09015388624049077,0.3344357609819558
118,Adam,full,zero,0.0901541660636954,0.3344404245890212
118,Adam,mini-batch,random,0.07220998569602903,0.3018804003333391
118,Adam,mini-batch,sparse,0.07327409802984072,0.30663088190113313
118,Adam,mini-batch,zero,0.07284984116995324,0.30525704663655123
119,GD,SGD,random,0.01965450816045732,0.30540453693869457
119,GD,SGD,sparse,0.020811801293291403,0.368069002284203
119,GD,SGD,zero,0.01526152722977224,0.09590714742004917
119,GD,full,random,0.02110051979297283,0.2995962179695006
119,GD,full,sparse,0.025571060958162577,0.367025265648681
119,GD,full,zero,0.01530054002758704,0.1026728012912764
119,GD,mini-batch,random,0.021902653865010373,0.3053059356093152
119,GD,mini-batch,sparse,0.02612610331133849,0.3703944809580185
119,GD,mini-batch,zero,0.015638831272672522,0.10360802592013912
119,AdaGrad,SGD,random,2.1404661438091934,1.9614658324044132
119,AdaGrad,SGD,sparse,0.32222210817679686,1.863465228364564
119,AdaGrad,SGD,zero,0.02116063450457536,0.19643344620451883
119,AdaGrad,full,random,1.6603820328129073,1.83417036170893
119,AdaGrad,full,sparse,0.29012851091926517,1.8119615934569426
119,AdaGrad,full,zero,0.01585352340121656,0.1304733528434338
119,AdaGrad,mini-batch,random,1.6892304325656742,1.8426913171033121
119,AdaGrad,mini-batch,sparse,0.29286337432111725,1.8204465275932213
119,AdaGrad,mini-batch,zero,0.016285650777859734,0.14343192122895598
119,RMSProp,SGD,random,0.011384888957580537,0.08135478483471822
119,RMSProp,SGD,sparse,0.010370320835173785,0.06670137224175489
119,RMSProp,SGD,zero,0.01107667499909405,0.04128624483534558
119,RMSProp,full,random,0.013659168407196401,0.07644068279555412
119,RMSProp,full,sparse,0.016701422516053565,0.093846768793502
119,RMSProp,full,zero,0.016701422516053558,0.09384676879350197
119,RMSProp,mini-batch,random,0.021926869113812166,0.12927940642827496
119,RMSProp,mini-batch,sparse,0.02192686910875177,0.1292794061917748
119,RMSProp,mini-batch,zero,0.021926869107569767,0.12927940610806035
119,Adam,SGD,random,0.020284590410617344,0.35207360728898957
119,Adam,SGD,sparse,0.010936436982117935,0.12948708137401738
119,Adam,SGD,zero,0.009851752933320202,0.03208785786501694
119,Adam,full,random,0.016512721201594336,0.17422295995070208
119,Adam,full,sparse,0.015071228889082135,0.08503542151698884
119,Adam,full,zero,0.01507207714279247,0.08500115989997108
119,Adam,mini-batch,random,0.017630051541450732,0.19032669925579757
119,Adam,mini-batch,sparse,0.015617449061270399,0.09507362361163434
119,Adam,mini-batch,zero,0.012930673548882353,0.0858769822805244
120,GD,SGD,random,0.058385969828655786,0.4132447557831539
120,GD,SGD,sparse,0.06602664209406615,0.5368180332865491
120,GD,SGD,zero,0.06439132997655647,0.25958551993302326
120,GD,full,random,0.06083650081344708,0.45920677212946026
120,GD,full,sparse,0.06860846127199521,0.5649313476070233
120,GD,full,zero,0.04845088227792213,0.2439035825787319
120,GD,mini-batch,random,0.06568610296445947,0.4645054403935428
120,GD,mini-batch,sparse,0.07350162057907277,0.5665089518211227
120,GD,mini-batch,zero,0.05338551240745371,0.2540487814404325
120,AdaGrad,SGD,random,1.168334377113007,2.0730965025730406
120,AdaGrad,SGD,sparse,0.38557769041759893,2.1800469765612673
120,AdaGrad,SGD,zero,0.2104622320523944,0.7044148520626424
120,AdaGrad,full,random,0.7624726707343072,1.972611355695341
120,AdaGrad,full,sparse,0.2804950117607734,1.8132206017757089
120,AdaGrad,full,zero,0.09177008402232902,0.6008912606681119
120,AdaGrad,mini-batch,random,0.7806315648008813,1.9768034689227436
120,AdaGrad,mini-batch,sparse,0.31969164973585895,1.922355284212171
120,AdaGrad,mini-batch,zero,0.09860242883576158,0.6046944442614112
120,RMSProp,SGD,random,0.030174949264319028,0.3021846066827883
120,RMSProp,SGD,sparse,0.03827622829022301,0.41764369951633445
120,RMSProp,SGD,zero,0.04138159636711524,0.20864072354857743
120,RMSProp,full,random,0.04302692094779087,0.18678562825438963
120,RMSProp,full,sparse,0.043026920947790884,0.18678562825438966
120,RMSProp,full,zero,0.051142906476424096,0.20570595184536603
120,RMSProp,mini-batch,random,0.05572833882537526,0.22885853777550633
120,RMSProp,mini-batch,sparse,0.05572817750467867,0.2288474361028025
120,RMSProp,mini-batch,zero,0.0557277084499776,0.22883106320404337
120,Adam,SGD,random,0.08360325501351977,0.6174070082394754
120,Adam,SGD,sparse,0.07511383360906224,0.5315193584782992
120,Adam,SGD,zero,0.05321772449311412,0.22387726207288297
120,Adam,full,random,0.04817154913321007,0.23888242100704138
120,Adam,full,sparse,0.04697283648746945,0.19621941450790314
120,Adam,full,zero,0.04697285545418876,0.19621938815231318
120,Adam,mini-batch,random,0.05823242155416951,0.2748475247629007
120,Adam,mini-batch,sparse,0.052054667115638026,0.2201989599500399
120,Adam,mini-batch,zero,0.05302644917177473,0.21963705728220428
121,GD,SGD,random,0.03372334023293846,0.23848030896641328
121,GD,SGD,sparse,0.035081367632126256,0.17591873995029564
121,GD,SGD,zero,0.03742936839081579,0.3750516657760097
121,GD,full,random,0.06193255364919755,0.2701736306281782
121,GD,full,sparse,0.06233099387355928,0.27205146494050375
121,GD,full,zero,0.06569064015727902,0.3608053191505271
121,GD,mini-batch,random,0.05818841195709559,0.2702118846949463
121,GD,mini-batch,sparse,0.057757474936484664,0.2572393042715849
121,GD,mini-batch,zero,0.06252414472283264,0.37160819730045463
121,AdaGrad,SGD,random,0.6972163082144146,1.229647406375932
121,AdaGrad,SGD,sparse,0.20510630060973553,1.3821197875243396
121,AdaGrad,SGD,zero,0.3639256984565994,0.8543495611647244
121,AdaGrad,full,random,0.3947827988371995,1.1009103577288402
121,AdaGrad,full,sparse,0.11647728018076715,0.9268171756711363
121,AdaGrad,full,zero,0.1427871920706553,0.6962736520025715
121,AdaGrad,mini-batch,random,0.4077481667619738,1.1052436966844053
121,AdaGrad,mini-batch,sparse,0.15437957557368626,1.083900219771353
121,AdaGrad,mini-batch,zero,0.15597967810331564,0.7119718927440534
121,RMSProp,SGD,random,0.016106740308666004,0.17415617038825773
121,RMSProp,SGD,sparse,0.014612739102875506,0.09790103026307159
121,RMSProp,SGD,zero,0.017655959673446277,0.28717246939901686
121,RMSProp,full,random,0.06742621120752634,0.3090244801158698
121,RMSProp,full,sparse,0.058085282613534774,0.29468139972256513
121,RMSProp,full,zero,0.06742621120752634,0.30902448011586986
121,RMSProp,mini-batch,random,0.06472285712528612,0.3310374011116294
121,RMSProp,mini-batch,sparse,0.06471899645355858,0.3309740422453931
121,RMSProp,mini-batch,zero,0.06472695509722255,0.33112696664965746
121,Adam,SGD,random,0.034133572219272705,0.2102238695294459
121,Adam,SGD,sparse,0.0305036664613267,0.1657340876967844
121,Adam,SGD,zero,0.0416236364652433,0.3955615509084927
121,Adam,full,random,0.06209735389634022,0.2907975821533558
121,Adam,full,sparse,0.06264543307143122,0.30177247805227236
121,Adam,full,zero,0.06264556298138307,0.3017750954310823
121,Adam,mini-batch,random,0.04799447630472531,0.2853689103042999
121,Adam,mini-batch,sparse,0.043673423712680313,0.303376094937065
121,Adam,mini-batch,zero,0.04467754904878954,0.3030728581174406
122,GD,SGD,random,0.07392080198385415,0.33504943976894686
122,GD,SGD,sparse,0.0806301052437507,0.3901252364030336
122,GD,SGD,zero,0.05065782306969509,0.2027591232690203
122,GD,full,random,0.07277086619183352,0.3373511619789715
122,GD,full,sparse,0.07240263155584013,0.34136922489057625
122,GD,full,zero,0.06908231583967131,0.26220380380320496
122,GD,mini-batch,random,0.060848391068820874,0.31173029016885856
122,GD,mini-batch,sparse,0.06316189209947264,0.3435619097966252
122,GD,mini-batch,zero,0.056354496006473985,0.23080543441436668
122,AdaGrad,SGD,random,0.6722416569204681,1.6003616163456456
122,AdaGrad,SGD,sparse,0.21504645274409398,1.4429931299539864
122,AdaGrad,SGD,zero,0.472752335013151,0.8482713752127865
122,AdaGrad,full,random,0.3615885466613848,1.483685352766119
122,AdaGrad,full,sparse,0.11950454389862086,0.9546733076359211
122,AdaGrad,full,zero,0.1836154144774046,0.6621181456583333
122,AdaGrad,mini-batch,random,0.36972150298269557,1.485836001350452
122,AdaGrad,mini-batch,sparse,0.16034194603672897,1.1211803542307333
122,AdaGrad,mini-batch,zero,0.19894241381456101,0.6722938546958626
122,RMSProp,SGD,random,0.04043265371744603,0.3416135370203776
122,RMSProp,SGD,sparse,0.04684528789316232,0.3482863034114096
122,RMSProp,SGD,zero,0.030480549379502713,0.1686441836267924
122,RMSProp,full,random,0.06347691846361922,0.24281247921897534
122,RMSProp,full,sparse,0.0734211304817541,0.2616008026048371
122,RMSProp,full,zero,0.06347691846361922,0.24281247921897536
122,RMSProp,mini-batch,random,0.03810421462093499,0.204474851192624
122,RMSProp,mini-batch,sparse,0.03810711002794898,0.2045816867371573
122,RMSProp,mini-batch,zero,0.03810632096743286,0.20461517566342735
122,Adam,SGD,random,0.07706981237178177,0.5527592965483058
122,Adam,SGD,sparse,0.07443427410468975,0.449595398412923
122,Adam,SGD,zero,0.050411208017205604,0.22133777175382024
122,Adam,full,random,0.06806435698944105,0.24700497434691468
122,Adam,full,sparse,0.06834215809328581,0.25218334635909967
122,Adam,full,zero,0.06834220255912285,0.252181457675742
122,Adam,mini-batch,random,0.05185120217456248,0.22107670649978756
122,Adam,mini-batch,sparse,0.05119643082299959,0.24375571779963703
122,Adam,mini-batch,zero,0.05211178894399406,0.2410908311937849
123,GD,SGD,random,0.06790592222070758,0.5148103994101343
123,GD,SGD,sparse,0.07692252605876666,0.5721178933494673
123,GD,SGD,zero,0.033607209913156105,0.28512648692662607
123,GD,full,random,0.05954635055521639,0.5088338816417736
123,GD,full,sparse,0.06138033171008659,0.536048037405446
123,GD,full,zero,0.04429386187307976,0.29785465111470355
123,GD,mini-batch,random,0.05305008600236759,0.5002534179013401
123,GD,mini-batch,sparse,0.053741620026445454,0.5273365120492235
123,GD,mini-batch,zero,0.03802340482200232,0.2838772731933017
123,AdaGrad,SGD,random,1.2930976259112714,2.2613637634236854
123,AdaGrad,SGD,sparse,0.4217828457038273,2.205765620236604
123,AdaGrad,SGD,zero,0.2318521990331618,0.7833390069962262
123,AdaGrad,full,random,0.8754987196021765,2.1663321020613475
123,AdaGrad,full,sparse,0.29771028760372964,1.8365482102569906
123,AdaGrad,full,zero,0.09258021493084564,0.655717203742991
123,AdaGrad,mini-batch,random,0.8893620437993753,2.1685279399965363
123,AdaGrad,mini-batch,sparse,0.3341310172288952,1.9319460795261223
123,AdaGrad,mini-batch,zero,0.09538245817239417,0.6614441839831176
123,RMSProp,SGD,random,0.04676594013296133,0.3561753408896777
123,RMSProp,SGD,sparse,0.05057096631986563,0.35469429365201566
123,RMSProp,SGD,zero,0.017323069320009626,0.15490365433532374
123,RMSProp,full,random,0.044815012484465684,0.24140398560832607
123,RMSProp,full,sparse,0.04481501248446569,0.24140398560832604
123,RMSProp,full,zero,0.037793260616772587,0.22778850848754637
123,RMSProp,mini-batch,random,0.034062591263798306,0.22616240889553418
123,RMSProp,mini-batch,sparse,0.03406201675003437,0.22614662819845271
123,RMSProp,mini-batch,zero,0.03406208862874955,0.2261414558165376
123,Adam,SGD,random,0.08317853439580977,0.731129590224017
123,Adam,SGD,sparse,0.06794567610495977,0.5537697149227002
123,Adam,SGD,zero,0.03170737926872132,0.27355789865405206
123,Adam,full,random,0.04249160467284105,0.2665764751730898
123,Adam,full,sparse,0.04119737337595084,0.23448196734914473
123,Adam,full,zero,0.041197406464231964,0.23448197405861898
123,Adam,mini-batch,random,0.029736766364378085,0.2504611562605557
123,Adam,mini-batch,sparse,0.02474027583302885,0.21930516746105833
123,Adam,mini-batch,zero,0.024908998927406504,0.21716516502444097
124,GD,SGD,random,0.019844360465843997,0.28367737243466806
124,GD,SGD,sparse,0.01568939816692762,0.2033901781877693
124,GD,SGD,zero,0.016602402182429823,0.18889094018733932
124,GD,full,random,0.03701563664270382,0.28264053583783516
124,GD,full,sparse,0.03662022618408056,0.27058854134261284
124,GD,full,zero,0.03427783832230301,0.23047176983555814
124,GD,mini-batch,random,0.036809668760562984,0.2767108775496464
124,GD,mini-batch,sparse,0.035459447681497294,0.26836505609120337
124,GD,mini-batch,zero,0.0336845095445403,0.22590025767494434
124,AdaGrad,SGD,random,1.502497493381258,1.7159870332910991
124,AdaGrad,SGD,sparse,0.20263196473891576,1.4795059238473316
124,AdaGrad,SGD,zero,0.10001743504084454,0.5559785114152345
124,AdaGrad,full,random,0.9929196431807997,1.5711407039460532
124,AdaGrad,full,sparse,0.166875844218473,1.2972594233574706
124,AdaGrad,full,zero,0.04880006532014562,0.44293127220612927
124,AdaGrad,mini-batch,random,0.997856149945889,1.5704000895773558
124,AdaGrad,mini-batch,sparse,0.17581078166408431,1.3324141029654823
124,AdaGrad,mini-batch,zero,0.04992749508967354,0.4513876230025147
124,RMSProp,SGD,random,0.010647517013919599,0.058259635878305335
124,RMSProp,SGD,sparse,0.010363974550031074,0.03735024644908649
124,RMSProp,SGD,zero,0.011754704145372339,0.07115689283696042
124,RMSProp,full,random,0.029666717228363955,0.1729442094891535
124,RMSProp,full,sparse,0.029666717228363962,0.17294420948915354
124,RMSProp,full,zero,0.035822952218874285,0.18857708137396623
124,RMSProp,mini-batch,random,0.02945208551797255,0.16045207803854727
124,RMSProp,mini-batch,sparse,0.029451993096939726,0.16045067019181922
124,RMSProp,mini-batch,zero,0.0294520760972195,0.1604522305490944
124,Adam,SGD,random,0.01995305502263413,0.31798162954578135
124,Adam,SGD,sparse,0.011126511748537083,0.103737735786348
124,Adam,SGD,zero,0.013615315595243448,0.14092292672052625
124,Adam,full,random,0.032603550627634335,0.1816437076103526
124,Adam,full,sparse,0.03263630234661346,0.18065280814186802
124,Adam,full,zero,0.032636310802090084,0.18065300382825084
124,Adam,mini-batch,random,0.03279409747483951,0.17723279336453576
124,Adam,mini-batch,sparse,0.04245202851685861,0.19316896638085723
124,Adam,mini-batch,zero,0.042948019951648944,0.19536554163694475
125,GD,SGD,random,0.02152370587062112,0.17302614886255377
125,GD,SGD,sparse,0.025626538628413763,0.3645117703858662
125,GD,SGD,zero,0.03053753218174015,0.20799197921560555
125,GD,full,random,0.03946585015531095,0.29704233313880485
125,GD,full,sparse,0.048598317293137044,0.4606568768459831
125,GD,full,zero,0.035642906677802406,0.1839605564744901
125,GD,mini-batch,random,0.03965493706022507,0.3020550014901533
125,GD,mini-batch,sparse,0.049340483128663674,0.4608166108378284
125,GD,mini-batch,zero,0.03583093588888287,0.17418223683095552
125,AdaGrad,SGD,random,1.3183895039934763,1.5899914815931344
125,AdaGrad,SGD,sparse,0.21224913534719747,1.6334695027059103
125,AdaGrad,SGD,zero,0.07958855827422974,0.31699080109052924
125,AdaGrad,full,random,0.8923517789823613,1.4629622692608517
125,AdaGrad,full,sparse,0.18934297527800156,1.494008503267105
125,AdaGrad,full,zero,0.041709978599781275,0.24043009312971245
125,AdaGrad,mini-batch,random,0.914007579917736,1.4726850558969748
125,AdaGrad,mini-batch,sparse,0.19897828240586107,1.5356903476029138
125,AdaGrad,mini-batch,zero,0.041298336828752884,0.235983360481722
125,RMSProp,SGD,random,0.013952851003128628,0.13273155404396805
125,RMSProp,SGD,sparse,0.013388288812588344,0.193210224626493
125,RMSProp,SGD,zero,0.018261934031388958,0.15592482806463645
125,RMSProp,full,random,0.03947707153030017,0.20733741240569453
125,RMSProp,full,sparse,0.03947707153030017,0.20733741240569453
125,RMSProp,full,zero,0.03281883819068718,0.19197696214562215
125,RMSProp,mini-batch,random,0.046244948944470156,0.20004356587298186
125,RMSProp,mini-batch,sparse,0.04624530482947359,0.20005005365882764
125,RMSProp,mini-batch,zero,0.04624503280656604,0.20004367517203486
125,Adam,SGD,random,0.027258198186022733,0.27272520885221513
125,Adam,SGD,sparse,0.025596909884822622,0.2691526735746844
125,Adam,SGD,zero,0.046110863545635004,0.2598660975575101
125,Adam,full,random,0.036215986502578096,0.21430670036083535
125,Adam,full,sparse,0.03603709332607716,0.1995549173282463
125,Adam,full,zero,0.036037090599289834,0.19955444918201112
125,Adam,mini-batch,random,0.03274279238039232,0.20128805986220122
125,Adam,mini-batch,sparse,0.027803233300983554,0.15701611216735878
125,Adam,mini-batch,zero,0.027689160800100886,0.15654385962779857
126,GD,SGD,random,0.15428305138398812,0.5470249627300359
126,GD,SGD,sparse,0.13394583440608396,0.5765896705557364
126,GD,SGD,zero,0.18530450945895546,0.4324211328934001
126,GD,full,random,0.16979472853606756,0.5029423148101096
126,GD,full,sparse,0.17404101973125005,0.5522522907902047
126,GD,full,zero,0.1607572106978557,0.39211204098503977
126,GD,mini-batch,random,0.1793071563690757,0.49883754070208974
126,GD,mini-batch,sparse,0.18556192811992608,0.553186649339118
126,GD,mini-batch,zero,0.1715955584363522,0.4003640157368551
126,AdaGrad,SGD,random,0.3234779071460824,1.5554985816791802
126,AdaGrad,SGD,sparse,0.4857681598236646,1.9222339081592292
126,AdaGrad,SGD,zero,1.1245992484943053,1.0473971253110634
126,AdaGrad,full,random,0.21427099176914455,1.5267629284038173
126,AdaGrad,full,sparse,0.24070598843951133,1.1265250839302214
126,AdaGrad,full,zero,0.5805735650900389,0.7670113836881947
126,AdaGrad,mini-batch,random,0.21646522492048942,1.5237139949774652
126,AdaGrad,mini-batch,sparse,0.3270825879266434,1.4844105730376702
126,AdaGrad,mini-batch,zero,0.6119215221591421,0.7863666549348309
126,RMSProp,SGD,random,0.0818391824838378,0.5610229417072353
126,RMSProp,SGD,sparse,0.08413645809782613,0.6193888489132167
126,RMSProp,SGD,zero,0.07128820996597081,0.27881248693533445
126,RMSProp,full,random,0.1526960932858513,0.38185289302188
126,RMSProp,full,sparse,0.16862809494850764,0.4011576180131038
126,RMSProp,full,zero,0.1526960932858513,0.38185289302188
126,RMSProp,mini-batch,random,0.2421741294059709,0.47450239097503344
126,RMSProp,mini-batch,sparse,0.2421735875848732,0.4741596250185712
126,RMSProp,mini-batch,zero,0.2421506233443433,0.4743494767409877
126,Adam,SGD,random,0.17116120767586784,0.6924980807757091
126,Adam,SGD,sparse,0.1739504991357978,0.8112938810632128
126,Adam,SGD,zero,0.14647205249697773,0.3828338323578982
126,Adam,full,random,0.16052880201305986,0.3914929211195701
126,Adam,full,sparse,0.16055639885240905,0.39149653048964206
126,Adam,full,zero,0.1605567257500225,0.3914657217752257
126,Adam,mini-batch,random,0.17941825049354757,0.40954238780048974
126,Adam,mini-batch,sparse,0.18858968593114217,0.41785194756484806
126,Adam,mini-batch,zero,0.18117980293792568,0.4094733833753067
127,GD,SGD,random,0.04381027766914864,0.3043488760443742
127,GD,SGD,sparse,0.041134253177888484,0.3537954768381806
127,GD,SGD,zero,0.05529868720551861,0.23600016064596865
127,GD,full,random,0.07184193688743243,0.30304501403830497
127,GD,full,sparse,0.07943015614729146,0.42678588594254524
127,GD,full,zero,0.06959481277428234,0.2675020533647007
127,GD,mini-batch,random,0.06003576418580629,0.2872444691451279
127,GD,mini-batch,sparse,0.06976901273797938,0.43180515083502063
127,GD,mini-batch,zero,0.0566331644421928,0.24354645282191392
127,AdaGrad,SGD,random,0.9504926936335144,1.489661987742729
127,AdaGrad,SGD,sparse,0.29873253293119084,1.7875789977971581
127,AdaGrad,SGD,zero,0.2836356832854588,0.5630824402985553
127,AdaGrad,full,random,0.5311618459712681,1.365760088522216
127,AdaGrad,full,sparse,0.22342147350800548,1.450728887481567
127,AdaGrad,full,zero,0.09914552430852897,0.38082425853015833
127,AdaGrad,mini-batch,random,0.5424211030838487,1.3716245946894765
127,AdaGrad,mini-batch,sparse,0.2647504028351893,1.5608107474544073
127,AdaGrad,mini-batch,zero,0.10721119749125342,0.3905442161514323
127,RMSProp,SGD,random,0.022282871407760727,0.25728966644956097
127,RMSProp,SGD,sparse,0.025899869588789894,0.3517189404159804
127,RMSProp,SGD,zero,0.02645439291348452,0.1477833877860087
127,RMSProp,full,random,0.07401716979943365,0.26042643563849444
127,RMSProp,full,sparse,0.07401716979943365,0.26042643563849444
127,RMSProp,full,zero,0.0640402755766719,0.24197355707175353
127,RMSProp,mini-batch,random,0.04448575640631792,0.211378846420381
127,RMSProp,mini-batch,sparse,0.04448802997885044,0.21145297443757136
127,RMSProp,mini-batch,zero,0.04448570925081805,0.2113960941467396
127,Adam,SGD,random,0.06807705977480734,0.4360670969570111
127,Adam,SGD,sparse,0.05518067689387156,0.45894598990277286
127,Adam,SGD,zero,0.07274663074936993,0.2718411411378006
127,Adam,full,random,0.06866184008228118,0.24729255606142453
127,Adam,full,sparse,0.06892147096180734,0.2511703892349046
127,Adam,full,zero,0.06892147234633807,0.25117041292333975
127,Adam,mini-batch,random,0.04563048321847296,0.20437557675550128
127,Adam,mini-batch,sparse,0.059074200198452595,0.23581887293209677
127,Adam,mini-batch,zero,0.05698559248813008,0.23153141888944676
128,GD,SGD,random,0.13597108333714455,0.5223589593834621
128,GD,SGD,sparse,0.10834537618360936,0.6169488992068274
128,GD,SGD,zero,0.15810519047473953,0.4444937613000767
128,GD,full,random,0.06566929052404614,0.3965526690813832
128,GD,full,sparse,0.077550413713052,0.5430983736843638
128,GD,full,zero,0.058424198156207655,0.264658501586336
128,GD,mini-batch,random,0.06984430149249699,0.4009383198280642
128,GD,mini-batch,sparse,0.0813647659736161,0.5414450496906112
128,GD,mini-batch,zero,0.06353136406503121,0.2699776855260612
128,AdaGrad,SGD,random,0.89918412596225,1.680931132237115
128,AdaGrad,SGD,sparse,0.4396457242514261,2.2175444525641264
128,AdaGrad,SGD,zero,0.3406786567670006,0.8810705146705866
128,AdaGrad,full,random,0.5294719849613088,1.5636815721078468
128,AdaGrad,full,sparse,0.28915573339754985,1.7491197488014048
128,AdaGrad,full,zero,0.14016813634441258,0.732051883731301
128,AdaGrad,mini-batch,random,0.5382275220987409,1.5622851824460686
128,AdaGrad,mini-batch,sparse,0.33748843225438263,1.884346686467242
128,AdaGrad,mini-batch,zero,0.14778536276901189,0.7396644453512621
128,RMSProp,SGD,random,0.06693271476593324,0.34501330508173467
128,RMSProp,SGD,sparse,0.04913229393373204,0.4223381667279262
128,RMSProp,SGD,zero,0.07960885956004309,0.2836508784381364
128,RMSProp,full,random,0.052193530617136864,0.22337443873505544
128,RMSProp,full,sparse,0.05219353061713687,0.22337443873505547
128,RMSProp,full,zero,0.06120637009191049,0.24131574209100307
128,RMSProp,mini-batch,random,0.06263857650979085,0.24187585736536263
128,RMSProp,mini-batch,sparse,0.06263828056048115,0.24185987748483545
128,RMSProp,mini-batch,zero,0.06263865088645335,0.24186030895059926
128,Adam,SGD,random,0.18736311962172572,0.6722292765458954
128,Adam,SGD,sparse,0.1591406623698099,0.697485227818253
128,Adam,SGD,zero,0.1860085681474311,0.46494628532760585
128,Adam,full,random,0.057363185288847214,0.25388228486913306
128,Adam,full,sparse,0.05658969566093472,0.23230316368019668
128,Adam,full,zero,0.05658973423883185,0.23230258947185153
128,Adam,mini-batch,random,0.06816529521981139,0.27492805321809494
128,Adam,mini-batch,sparse,0.07593614736865803,0.2657919044735428
128,Adam,mini-batch,zero,0.075217164520873,0.26350661880135684
129,GD,SGD,random,0.08471554315132983,0.46393130891841705
129,GD,SGD,sparse,0.0662975041804113,0.4883732069882913
129,GD,SGD,zero,0.051271559842649445,0.24673451021250442
129,GD,full,random,0.0958682044748513,0.38768072074735305
129,GD,full,sparse,0.0977588023409601,0.44481561816204684
129,GD,full,zero,0.09054358008125951,0.2816853111848628
129,GD,mini-batch,random,0.08973582925437522,0.3884600805978793
129,GD,mini-batch,sparse,0.0918746865556783,0.4410057146850801
129,GD,mini-batch,zero,0.08318506745089463,0.27243642948549807
129,AdaGrad,SGD,random,0.7027424373828521,1.5585936743391797
129,AdaGrad,SGD,sparse,0.2153793290375499,1.4648271862924316
129,AdaGrad,SGD,zero,0.4076731783612289,0.7825252316721137
129,AdaGrad,full,random,0.40949843449775253,1.4681466297074481
129,AdaGrad,full,sparse,0.14668022714682977,1.035160553555406
129,AdaGrad,full,zero,0.1790734014815111,0.6068619675451598
129,AdaGrad,mini-batch,random,0.4243641144114361,1.4686903126569015
129,AdaGrad,mini-batch,sparse,0.18271672131300168,1.1856092635033955
129,AdaGrad,mini-batch,zero,0.18773671812888174,0.620991936740751
129,RMSProp,SGD,random,0.04233537723785221,0.37918402883194297
129,RMSProp,SGD,sparse,0.033664680379848315,0.36625479375832753
129,RMSProp,SGD,zero,0.019342075279998427,0.12425601438142227
129,RMSProp,full,random,0.08408504954627682,0.2782726771719827
129,RMSProp,full,sparse,0.08408504954627682,0.2782726771719827
129,RMSProp,full,zero,0.09574400338066562,0.2974387927420451
129,RMSProp,mini-batch,random,0.07365139463315193,0.263849599849217
129,RMSProp,mini-batch,sparse,0.07365123022130435,0.26384542821371343
129,RMSProp,mini-batch,zero,0.0736447394409933,0.2637189435082433
129,Adam,SGD,random,0.0836040970852736,0.5963832142929893
129,Adam,SGD,sparse,0.08086737392030688,0.5522145023933083
129,Adam,SGD,zero,0.04756771728804994,0.23598422426161972
129,Adam,full,random,0.08978902881450973,0.28907256474825516
129,Adam,full,sparse,0.08980795571130411,0.2878415524754233
129,Adam,full,zero,0.08980794337345147,0.2878390514078326
129,Adam,mini-batch,random,0.09140938984017298,0.3044868979423474
129,Adam,mini-batch,sparse,0.08741287097778273,0.29029105767805485
129,Adam,mini-batch,zero,0.08850939325747109,0.29180738262570094
130,GD,SGD,random,0.11355239744052137,0.3453741172430805
130,GD,SGD,sparse,0.08129669503197898,0.41325554168851086
130,GD,SGD,zero,0.05852527352153303,0.27550945806086935
130,GD,full,random,0.06003674337493319,0.24377881873771098
130,GD,full,sparse,0.06906763729164692,0.4116770645953128
130,GD,full,zero,0.06374225130673283,0.3334897242719058
130,GD,mini-batch,random,0.06417728704754098,0.25178422443422516
130,GD,mini-batch,sparse,0.07345270141423955,0.4144191411231207
130,GD,mini-batch,zero,0.06781774697094094,0.3463909129614484
130,AdaGrad,SGD,random,0.4872999089169423,1.0778046247602286
130,AdaGrad,SGD,sparse,0.24162817502317052,1.519190497711456
130,AdaGrad,SGD,zero,0.4212801172284114,0.8175144428187928
130,AdaGrad,full,random,0.26182636741324056,0.9584916852690105
130,AdaGrad,full,sparse,0.12639079840702983,1.0102365495986916
130,AdaGrad,full,zero,0.17360161426369253,0.6513698005747929
130,AdaGrad,mini-batch,random,0.2722751125621441,0.9660757328870964
130,AdaGrad,mini-batch,sparse,0.1728139017956213,1.1830420342312284
130,AdaGrad,mini-batch,zero,0.18238564904067875,0.6558091541128028
130,RMSProp,SGD,random,0.04189556395993606,0.21869314549713867
130,RMSProp,SGD,sparse,0.032928071082251896,0.2212705171413973
130,RMSProp,SGD,zero,0.02653940807089492,0.15313983100122863
130,RMSProp,full,random,0.06630197315555103,0.29792752431578534
130,RMSProp,full,sparse,0.06630197315555103,0.2979275243157854
130,RMSProp,full,zero,0.06630197315555092,0.2979275243157852
130,RMSProp,mini-batch,random,0.0676780674289475,0.3366903710645023
130,RMSProp,mini-batch,sparse,0.06768179370405807,0.33675248884316866
130,RMSProp,mini-batch,zero,0.06768028665118529,0.33672766240997243
130,Adam,SGD,random,0.05935257377582327,0.28035945661248224
130,Adam,SGD,sparse,0.08297569348642253,0.38703145469399375
130,Adam,SGD,zero,0.046591014871625196,0.24317409434719134
130,Adam,full,random,0.061270675482294534,0.2837016622171948
130,Adam,full,sparse,0.06161550560271074,0.2905578693864411
130,Adam,full,zero,0.06161601814041412,0.2905675449560009
130,Adam,mini-batch,random,0.06730768422506049,0.3081339897614715
130,Adam,mini-batch,sparse,0.062242840371497826,0.3226077477017528
130,Adam,mini-batch,zero,0.0652127720832014,0.32253333032987175
131,GD,SGD,random,0.1574106380814644,0.5127373361049781
131,GD,SGD,sparse,0.11029324973246314,0.5658465217737549
131,GD,SGD,zero,0.14932722693709577,0.39972927374965445
131,GD,full,random,0.10009082124095464,0.4440790081888235
131,GD,full,sparse,0.11034926977434895,0.5663812458811077
131,GD,full,zero,0.0930279031572991,0.3127141125901595
131,GD,mini-batch,random,0.09447736654430156,0.4479631938080509
131,GD,mini-batch,sparse,0.10545423670775002,0.5752313461016783
131,GD,mini-batch,zero,0.08623755425284277,0.3071442539073983
131,AdaGrad,SGD,random,0.4180663808760225,1.3194558527375324
131,AdaGrad,SGD,sparse,0.3918529023330252,1.8790457300642207
131,AdaGrad,SGD,zero,0.8056423668160775,0.9695614359120784
131,AdaGrad,full,random,0.18284061991020625,1.239566514282906
131,AdaGrad,full,sparse,0.18480892833455315,1.2006200990032156
131,AdaGrad,full,zero,0.34222282525516984,0.7149854721849813
131,AdaGrad,mini-batch,random,0.1896685957998459,1.2369705888583562
131,AdaGrad,mini-batch,sparse,0.2556354237175782,1.4646536737963982
131,AdaGrad,mini-batch,zero,0.35359403505323056,0.7259792868625226
131,RMSProp,SGD,random,0.03076880666257456,0.24100355680108793
131,RMSProp,SGD,sparse,0.029219565256084212,0.3396805137637593
131,RMSProp,SGD,zero,0.0249169433967924,0.13094864950631044
131,RMSProp,full,random,0.0863044948676961,0.29335702290716165
131,RMSProp,full,sparse,0.09820197149457864,0.3116971392787853
131,RMSProp,full,zero,0.09820197149457864,0.3116971392787853
131,RMSProp,mini-batch,random,0.08146608170091055,0.2921226033642407
131,RMSProp,mini-batch,sparse,0.08147012570023128,0.2921133994437887
131,RMSProp,mini-batch,zero,0.08143793688967865,0.2915840445993366
131,Adam,SGD,random,0.1493543368769754,0.6045154466423778
131,Adam,SGD,sparse,0.15054262651314013,0.7115276065532138
131,Adam,SGD,zero,0.11526267970208427,0.3685342767439285
131,Adam,full,random,0.09233307907775144,0.3080955905048454
131,Adam,full,sparse,0.09214494384174743,0.3025007850348344
131,Adam,full,zero,0.09214523539143432,0.30246666573876724
131,Adam,mini-batch,random,0.07733624257729155,0.29743574224616703
131,Adam,mini-batch,sparse,0.07815027971307979,0.2845354780855321
131,Adam,mini-batch,zero,0.07730116449198049,0.28315151254663096
132,GD,SGD,random,0.04794510285888699,0.3594553767034784
132,GD,SGD,sparse,0.06672597324602654,0.4711758283040583
132,GD,SGD,zero,0.04842662416104543,0.26115749470203403
132,GD,full,random,0.050001147736305075,0.40569137283472895
132,GD,full,sparse,0.05895466533437647,0.504672033691866
132,GD,full,zero,0.04294219188501861,0.270411605756797
132,GD,mini-batch,random,0.05215593646066633,0.3975593393460597
132,GD,mini-batch,sparse,0.061391536144436265,0.5045315698803726
132,GD,mini-batch,zero,0.044835636616221974,0.2711363466980541
132,AdaGrad,SGD,random,1.335882214843309,1.9527696466250561
132,AdaGrad,SGD,sparse,0.4659737031601877,2.2529490025559324
132,AdaGrad,SGD,zero,0.15379648135795965,0.7967334199725166
132,AdaGrad,full,random,0.9680725643750553,1.8635620847307643
132,AdaGrad,full,sparse,0.3625560373604171,1.9785870856730823
132,AdaGrad,full,zero,0.08393474390390405,0.6699644353871687
132,AdaGrad,mini-batch,random,0.9944279823740125,1.8710287146178632
132,AdaGrad,mini-batch,sparse,0.395119171362738,2.0479345111071803
132,AdaGrad,mini-batch,zero,0.08794604507500652,0.6856129205458984
132,RMSProp,SGD,random,0.02135136171304816,0.14066591833505446
132,RMSProp,SGD,sparse,0.03261762283060666,0.2034542038276392
132,RMSProp,SGD,zero,0.026368820704798637,0.13376910208999887
132,RMSProp,full,random,0.04340730282352873,0.2041165406889904
132,RMSProp,full,sparse,0.04340730282352873,0.2041165406889905
132,RMSProp,full,zero,0.04340730282352873,0.2041165406889905
132,RMSProp,mini-batch,random,0.052278392744352316,0.21556844768972225
132,RMSProp,mini-batch,sparse,0.0522778775098393,0.21556202560311544
132,RMSProp,mini-batch,zero,0.05227802690770258,0.21556388865489615
132,Adam,SGD,random,0.05712232216747124,0.45560234394904625
132,Adam,SGD,sparse,0.05143946238221017,0.3780233667749416
132,Adam,SGD,zero,0.04018020765211663,0.20363958998692178
132,Adam,full,random,0.04114296479087555,0.24297035190798544
132,Adam,full,sparse,0.03973760638904561,0.195742517962982
132,Adam,full,zero,0.03973771154286223,0.19573492844985507
132,Adam,mini-batch,random,0.04478427688896553,0.250870107154372
132,Adam,mini-batch,sparse,0.0437598866165287,0.19765929107802385
132,Adam,mini-batch,zero,0.043309663707916175,0.19595363307439542
133,GD,SGD,random,0.018221991494227534,0.2066086188307559
133,GD,SGD,sparse,0.03826627090321903,0.33902701954044934
133,GD,SGD,zero,0.018990404189250007,0.17836453133197278
133,GD,full,random,0.06621302580655175,0.2885793914313494
133,GD,full,sparse,0.0683015819171675,0.33595647905061526
133,GD,full,zero,0.06709928296081055,0.32555700588395303
133,GD,mini-batch,random,0.06595264233407061,0.3041324890255775
133,GD,mini-batch,sparse,0.06755173191644874,0.32917845360147047
133,GD,mini-batch,zero,0.06462322143892478,0.32829577601677246
133,AdaGrad,SGD,random,0.667129124368751,1.554806978861207
133,AdaGrad,SGD,sparse,0.25639315711428284,1.6735507473492883
133,AdaGrad,SGD,zero,0.3084643759113214,0.6348330982829005
133,AdaGrad,full,random,0.3931109167279548,1.4429022973864245
133,AdaGrad,full,sparse,0.15745808817926718,1.2357847017089496
133,AdaGrad,full,zero,0.1400649118622702,0.46940485272692845
133,AdaGrad,mini-batch,random,0.4061134966513156,1.4435913391931656
133,AdaGrad,mini-batch,sparse,0.20000582541315692,1.365689435963073
133,AdaGrad,mini-batch,zero,0.15008753227935248,0.48598624318310935
133,RMSProp,SGD,random,0.01052952470110274,0.057245333607303606
133,RMSProp,SGD,sparse,0.01950493972003346,0.12929714615182247
133,RMSProp,SGD,zero,0.010386579668468048,0.05389696430507845
133,RMSProp,full,random,0.07166367783990649,0.3297153786171402
133,RMSProp,full,sparse,0.07166367783990649,0.3297153786171402
133,RMSProp,full,zero,0.06219988258414136,0.3154556529413575
133,RMSProp,mini-batch,random,0.058755188177178515,0.307636051229765
133,RMSProp,mini-batch,sparse,0.058752324536742756,0.3075785891453695
133,RMSProp,mini-batch,zero,0.058759962546838795,0.30780656425847375
133,Adam,SGD,random,0.02048776931743581,0.2825160339238566
133,Adam,SGD,sparse,0.023433213247916255,0.3324196693215002
133,Adam,SGD,zero,0.01686270064922263,0.19443858330544303
133,Adam,full,random,0.06580321969640532,0.30300902919089284
133,Adam,full,sparse,0.06682521871672628,0.3225093009896791
133,Adam,full,zero,0.06682524562017804,0.3225095907022729
133,Adam,mini-batch,random,0.06288928231838842,0.30354607412442663
133,Adam,mini-batch,sparse,0.06673841918324698,0.33471769171229815
133,Adam,mini-batch,zero,0.06689033439444284,0.33495333991497406
134,GD,SGD,random,0.05259680998576322,0.3918343171672288
134,GD,SGD,sparse,0.06389690315659266,0.47611915400589605
134,GD,SGD,zero,0.039973279299531,0.19264540506938865
134,GD,full,random,0.03997362647476032,0.3566047480826739
134,GD,full,sparse,0.048609351497116315,0.46833630345556665
134,GD,full,zero,0.031746418729785925,0.17390636458955488
134,GD,mini-batch,random,0.03852527206319408,0.37205959975064296
134,GD,mini-batch,sparse,0.04765341085502489,0.48127585879050616
134,GD,mini-batch,zero,0.029465545675648856,0.17432115492793285
134,AdaGrad,SGD,random,1.550331863756333,2.0162284344871213
134,AdaGrad,SGD,sparse,0.41019244037020736,2.181773086700619
134,AdaGrad,SGD,zero,0.10114482777430926,0.5001397995981048
134,AdaGrad,full,random,1.0640480571728046,1.8938127600888914
134,AdaGrad,full,sparse,0.3469489950585721,1.986317292657792
134,AdaGrad,full,zero,0.045609272294847236,0.395217386774664
134,AdaGrad,mini-batch,random,1.0970827759745814,1.901203169513515
134,AdaGrad,mini-batch,sparse,0.36008932025327717,2.0234356552734387
134,AdaGrad,mini-batch,zero,0.045490375942641485,0.40219780972999586
134,RMSProp,SGD,random,0.035122251936451965,0.1902239696609423
134,RMSProp,SGD,sparse,0.03881578392281488,0.20330328248523102
134,RMSProp,SGD,zero,0.034253728942648304,0.16437624773769524
134,RMSProp,full,random,0.027705846612933023,0.13020112932909866
134,RMSProp,full,sparse,0.03352178966605195,0.1494973997868847
134,RMSProp,full,zero,0.03352178966605195,0.1494973997868847
134,RMSProp,mini-batch,random,0.014903644789969054,0.07605324154819257
134,RMSProp,mini-batch,sparse,0.014903667462493657,0.07605385051305026
134,RMSProp,mini-batch,zero,0.014903655164206863,0.07605330882625434
134,Adam,SGD,random,0.07188485383384459,0.5570125584643412
134,Adam,SGD,sparse,0.06833720041145436,0.466341815291679
134,Adam,SGD,zero,0.038799201457060915,0.1695293886091375
134,Adam,full,random,0.03209492537819395,0.1943921866530008
134,Adam,full,sparse,0.03050447715615649,0.13983401812765828
134,Adam,full,zero,0.03050449979058086,0.13982454539032474
134,Adam,mini-batch,random,0.03371885222637772,0.2271277257506173
134,Adam,mini-batch,sparse,0.017238399286910858,0.09461745747079595
134,Adam,mini-batch,zero,0.01645881027748632,0.09790224036592603
135,GD,SGD,random,0.03673767321836859,0.4449637788405942
135,GD,SGD,sparse,0.04063906147298681,0.5690660599892448
135,GD,SGD,zero,0.023488175249111305,0.26020958840471964
135,GD,full,random,0.04091033095811408,0.375430909118033
135,GD,full,sparse,0.050137476072520434,0.5238740805647474
135,GD,full,zero,0.03324196195008481,0.24300322576894443
135,GD,mini-batch,random,0.04227889426627443,0.38066977866283247
135,GD,mini-batch,sparse,0.051285047035320525,0.5197474479770398
135,GD,mini-batch,zero,0.0340449171782229,0.24178856854586148
135,AdaGrad,SGD,random,1.7389561046078166,2.018972613900879
135,AdaGrad,SGD,sparse,0.3436342718678601,1.9936846606305243
135,AdaGrad,SGD,zero,0.07104938860958752,0.46076338915393295
135,AdaGrad,full,random,1.2347310932561963,1.8909877680336482
135,AdaGrad,full,sparse,0.2987238109390276,1.852684333957769
135,AdaGrad,full,zero,0.04075501156355729,0.370134232401364
135,AdaGrad,mini-batch,random,1.263904094300052,1.9004742372922694
135,AdaGrad,mini-batch,sparse,0.308416337692473,1.878547850006685
135,AdaGrad,mini-batch,zero,0.04348813085400478,0.38615163859338336
135,RMSProp,SGD,random,0.019745407166518326,0.29715128763966125
135,RMSProp,SGD,sparse,0.01948678117221837,0.345015706558811
135,RMSProp,SGD,zero,0.014211202528880135,0.21059756361656753
135,RMSProp,full,random,0.029405923439190417,0.21196740904592673
135,RMSProp,full,sparse,0.029405923439190417,0.21196740904592673
135,RMSProp,full,zero,0.03524827897507997,0.22450094761078587
135,RMSProp,mini-batch,random,0.021382728940795227,0.19638793614887984
135,RMSProp,mini-batch,sparse,0.021382715864344815,0.19638789506118035
135,RMSProp,mini-batch,zero,0.021382688612018315,0.19638666427431797
135,Adam,SGD,random,0.04479134762887312,0.5538543988783133
135,Adam,SGD,sparse,0.03377214834122095,0.5026022812899864
135,Adam,SGD,zero,0.02301180913950193,0.2703990564101087
135,Adam,full,random,0.0338508398968799,0.2618773380157211
135,Adam,full,sparse,0.03222131850015836,0.21811805674602727
135,Adam,full,zero,0.03222092231802815,0.218095000349498
135,Adam,mini-batch,random,0.0346959891110591,0.2746522815370293
135,Adam,mini-batch,sparse,0.020374861712797815,0.19874994322455916
135,Adam,mini-batch,zero,0.01879968370142236,0.19756297630542158
136,GD,SGD,random,0.0374326174049554,0.4879097000923744
136,GD,SGD,sparse,0.04789662880887065,0.5847729840395153
136,GD,SGD,zero,0.03483830378916335,0.29497627340014543
136,GD,full,random,0.04115277762869507,0.46660452125930535
136,GD,full,sparse,0.05042485459209325,0.5670338866939819
136,GD,full,zero,0.03018201478308589,0.235861621938529
136,GD,mini-batch,random,0.04018188433189122,0.4622956418145859
136,GD,mini-batch,sparse,0.049201055972453105,0.5629900919898718
136,GD,mini-batch,zero,0.029743753457735136,0.23592312962229509
136,AdaGrad,SGD,random,1.6827779181900318,1.9639836955761663
136,AdaGrad,SGD,sparse,0.40921227069505867,2.151554948770744
136,AdaGrad,SGD,zero,0.05818443781701823,0.4769574192134768
136,AdaGrad,full,random,1.1872156213579808,1.808768794846772
136,AdaGrad,full,sparse,0.34488961159759934,2.010399178052875
136,AdaGrad,full,zero,0.03926999068680143,0.38539036612503086
136,AdaGrad,mini-batch,random,1.2019832344638766,1.8159532793856519
136,AdaGrad,mini-batch,sparse,0.3564148194932059,2.038938135585171
136,AdaGrad,mini-batch,zero,0.040824940505973725,0.4014317686855601
136,RMSProp,SGD,random,0.018633257724095725,0.25327105769242353
136,RMSProp,SGD,sparse,0.01627293664306912,0.23035793914964123
136,RMSProp,SGD,zero,0.020177932425101738,0.1834190096003153
136,RMSProp,full,random,0.03182588130697036,0.21555405299980399
136,RMSProp,full,sparse,0.026443371674150017,0.2031832104585716
136,RMSProp,full,zero,0.02644337167415001,0.20318321045857157
136,RMSProp,mini-batch,random,0.053561803546245734,0.24126909405014652
136,RMSProp,mini-batch,sparse,0.05356184415225685,0.24126876311730389
136,RMSProp,mini-batch,zero,0.0535618967759274,0.24126814362031063
136,Adam,SGD,random,0.04772331762748229,0.6124833046081143
136,Adam,SGD,sparse,0.042643455187251364,0.46053163856983864
136,Adam,SGD,zero,0.034706441680046336,0.27615451371189315
136,Adam,full,random,0.03261872975420563,0.3153899445343196
136,Adam,full,sparse,0.029030228265258726,0.20930200007905359
136,Adam,full,zero,0.029028597966279105,0.20922113558620695
136,Adam,mini-batch,random,0.02796815088408684,0.3079338807355775
136,Adam,mini-batch,sparse,0.024510942161477867,0.18028823869004898
136,Adam,mini-batch,zero,0.025040773268590142,0.1756478320298903
137,GD,SGD,random,0.07649740024300222,0.38698433129373205
137,GD,SGD,sparse,0.05806779437269068,0.36375545676294074
137,GD,SGD,zero,0.08208839377238311,0.3068049867323687
137,GD,full,random,0.05829164284263232,0.3373766564587989
137,GD,full,sparse,0.05846315053857231,0.33079986653196386
137,GD,full,zero,0.05332409494948869,0.2693780771268073
137,GD,mini-batch,random,0.05436821426492424,0.32642770822209277
137,GD,mini-batch,sparse,0.05355685362802781,0.3084023906258277
137,GD,mini-batch,zero,0.05042810536959097,0.26526065703716784
137,AdaGrad,SGD,random,1.1994194906856939,1.7431498906472385
137,AdaGrad,SGD,sparse,0.24310793715046958,1.6427739980198433
137,AdaGrad,SGD,zero,0.18378372188844697,0.5510957762527662
137,AdaGrad,full,random,0.7480051313730139,1.6174599422195028
137,AdaGrad,full,sparse,0.19253194909387614,1.3708043372571659
137,AdaGrad,full,zero,0.07002996745653262,0.41424164439831496
137,AdaGrad,mini-batch,random,0.7755049544596245,1.6252253379893484
137,AdaGrad,mini-batch,sparse,0.21093631126525444,1.436865755194037
137,AdaGrad,mini-batch,zero,0.07155628816685818,0.4182354519904908
137,RMSProp,SGD,random,0.04599842288617025,0.24355180140168503
137,RMSProp,SGD,sparse,0.03229372401379034,0.18702695228260027
137,RMSProp,SGD,zero,0.053375702243881655,0.25971308566399565
137,RMSProp,full,random,0.04810848023746571,0.2350972134691061
137,RMSProp,full,sparse,0.048108480237465646,0.23509721346910595
137,RMSProp,full,zero,0.048108480237465674,0.23509721346910603
137,RMSProp,mini-batch,random,0.038905909809864817,0.25371010336717686
137,RMSProp,mini-batch,sparse,0.0389059132541164,0.2537113061171506
137,RMSProp,mini-batch,zero,0.038906998072170594,0.25373356385675594
137,Adam,SGD,random,0.0915175526519876,0.5035840714786896
137,Adam,SGD,sparse,0.07061474265212024,0.3723129625193697
137,Adam,SGD,zero,0.06839950852634168,0.2732321861789459
137,Adam,full,random,0.051897469939446605,0.22817474043398772
137,Adam,full,sparse,0.05220906735715645,0.24314993846033345
137,Adam,full,zero,0.05220907314765618,0.24315005110328256
137,Adam,mini-batch,random,0.05222628299243618,0.23621359943872397
137,Adam,mini-batch,sparse,0.049137426529468974,0.2744435068796923
137,Adam,mini-batch,zero,0.04902821207718465,0.2733573418580056
138,GD,SGD,random,0.0687782412651299,0.5168748284810464
138,GD,SGD,sparse,0.10461811944230523,0.5527407550015734
138,GD,SGD,zero,0.08280471836106985,0.37599407659798734
138,GD,full,random,0.08575883518575454,0.4605282837850983
138,GD,full,sparse,0.08857676042317046,0.49750959675690504
138,GD,full,zero,0.07480461278676537,0.27818897575895163
138,GD,mini-batch,random,0.08695276335767976,0.46237890727327047
138,GD,mini-batch,sparse,0.08900542176017416,0.48682965860707833
138,GD,mini-batch,zero,0.07538592295630736,0.28443922228784785
138,AdaGrad,SGD,random,0.9803454755522399,1.9598611324144386
138,AdaGrad,SGD,sparse,0.3578747680425351,2.0079654072864197
138,AdaGrad,SGD,zero,0.3058567523929816,0.661311276453119
138,AdaGrad,full,random,0.659501964138492,1.8820883155257888
138,AdaGrad,full,sparse,0.2722300752578846,1.6929444865861105
138,AdaGrad,full,zero,0.11417896050536631,0.4792487903056487
138,AdaGrad,mini-batch,random,0.660950851019105,1.8836971441665904
138,AdaGrad,mini-batch,sparse,0.3132291719042355,1.7873212079543772
138,AdaGrad,mini-batch,zero,0.12354078019854184,0.4925934011018269
138,RMSProp,SGD,random,0.042662558845621756,0.4888515231176234
138,RMSProp,SGD,sparse,0.06650638329843644,0.4658029236320606
138,RMSProp,SGD,zero,0.046795999967416915,0.2747133808316078
138,RMSProp,full,random,0.0686497320417211,0.2460884304227703
138,RMSProp,full,sparse,0.07911794859465812,0.2650252257538191
138,RMSProp,full,zero,0.07911794859465812,0.2650252257538191
138,RMSProp,mini-batch,random,0.056942139665938155,0.22940617582368336
138,RMSProp,mini-batch,sparse,0.05694040227217737,0.22937751859675018
138,RMSProp,mini-batch,zero,0.056941757643331474,0.229400538645447
138,Adam,SGD,random,0.11569742564333482,0.7103588917323604
138,Adam,SGD,sparse,0.08826517538462693,0.5532804799642659
138,Adam,SGD,zero,0.09347337242361176,0.38965685278021234
138,Adam,full,random,0.07416334078471366,0.27236692964601633
138,Adam,full,sparse,0.0737752001297019,0.25553652745334166
138,Adam,full,zero,0.07377521759495116,0.2555366129131517
138,Adam,mini-batch,random,0.0691177311536713,0.274611047049566
138,Adam,mini-batch,sparse,0.050928077735145925,0.2226769439469448
138,Adam,mini-batch,zero,0.05208953011262527,0.2245337576300467
139,GD,SGD,random,0.10610151935395655,0.45812699006123675
139,GD,SGD,sparse,0.09833304324180668,0.5257109718948739
139,GD,SGD,zero,0.020075462460848806,0.15687973254616294
139,GD,full,random,0.061083760492316015,0.5099244213733867
139,GD,full,sparse,0.0647689946562005,0.5567415039973411
139,GD,full,zero,0.04699052129179498,0.280605068815072
139,GD,mini-batch,random,0.06251959584561811,0.5098754012864276
139,GD,mini-batch,sparse,0.06677981129611445,0.561480553143669
139,GD,mini-batch,zero,0.048864449776393225,0.2833179028927973
139,AdaGrad,SGD,random,1.4808595589151903,2.151494757938532
139,AdaGrad,SGD,sparse,0.34409868199086935,2.0419971636395062
139,AdaGrad,SGD,zero,0.10141353368059752,0.5398563783235403
139,AdaGrad,full,random,1.0478809537473175,2.040824460464306
139,AdaGrad,full,sparse,0.31002098913418497,1.8943496521989913
139,AdaGrad,full,zero,0.06093466012459687,0.46285259651919547
139,AdaGrad,mini-batch,random,1.072939032476933,2.0479705951896356
139,AdaGrad,mini-batch,sparse,0.32496986808602046,1.9366096441454277
139,AdaGrad,mini-batch,zero,0.062092657116537116,0.4677033578127252
139,RMSProp,SGD,random,0.0402771337812668,0.24225280880340816
139,RMSProp,SGD,sparse,0.04094055447041339,0.2478032727903253
139,RMSProp,SGD,zero,0.01072626861448663,0.05922748050212263
139,RMSProp,full,random,0.041523848273912145,0.22978082771409317
139,RMSProp,full,sparse,0.04152384827391218,0.2297808277140932
139,RMSProp,full,zero,0.0415238482739122,0.22978082771409325
139,RMSProp,mini-batch,random,0.03791392001851892,0.22969269493137545
139,RMSProp,mini-batch,sparse,0.037913631128695606,0.22968192864375944
139,RMSProp,mini-batch,zero,0.03791340643134905,0.2296760623235676
139,Adam,SGD,random,0.07020762978770197,0.5455615524345264
139,Adam,SGD,sparse,0.10501221795762351,0.4196698656956967
139,Adam,SGD,zero,0.018924478771010927,0.12393756647531569
139,Adam,full,random,0.0482190066744421,0.31676554114087285
139,Adam,full,sparse,0.045267521495377674,0.23715271874822538
139,Adam,full,zero,0.045267464303943954,0.2371448656508826
139,Adam,mini-batch,random,0.04888116374459224,0.34563004926044316
139,Adam,mini-batch,sparse,0.03872798873758075,0.24265312773066644
139,Adam,mini-batch,zero,0.03950120363959507,0.24401072976509217
140,GD,SGD,random,0.053187466518034736,0.4344608757722994
140,GD,SGD,sparse,0.03912610939801871,0.36831906963567107
140,GD,SGD,zero,0.04452759740581033,0.2976890139602576
140,GD,full,random,0.09759448975493319,0.4617067764152663
140,GD,full,sparse,0.09290007226418322,0.39617946427756384
140,GD,full,zero,0.09121279665429115,0.3780292229328884
140,GD,mini-batch,random,0.10411653025909068,0.4583791538805313
140,GD,mini-batch,sparse,0.09981649811177162,0.4072291372268714
140,GD,mini-batch,zero,0.09712650180738248,0.38087446262152563
140,AdaGrad,SGD,random,0.6305702973321092,1.8509051124985219
140,AdaGrad,SGD,sparse,0.27901329474747116,1.6626204776266063
140,AdaGrad,SGD,zero,0.5483989051169739,1.0019798417102581
140,AdaGrad,full,random,0.38042849721227096,1.7867984164292698
140,AdaGrad,full,sparse,0.14324032792079228,1.0143075585220536
140,AdaGrad,full,zero,0.2655004410930809,0.8498267783996228
140,AdaGrad,mini-batch,random,0.3928496464415577,1.7965536568412401
140,AdaGrad,mini-batch,sparse,0.20229065401293356,1.2534973118028638
140,AdaGrad,mini-batch,zero,0.2754046518487005,0.8573633236087413
140,RMSProp,SGD,random,0.02953847589510386,0.38947229453658044
140,RMSProp,SGD,sparse,0.022581628295403583,0.35890822287120316
140,RMSProp,SGD,zero,0.018884905390074765,0.14815654648227633
140,RMSProp,full,random,0.08189940496951624,0.3052021625230037
140,RMSProp,full,sparse,0.09344591099693401,0.32222108861428345
140,RMSProp,full,zero,0.08189940496951618,0.3052021625230035
140,RMSProp,mini-batch,random,0.0678823771132521,0.29189316151987615
140,RMSProp,mini-batch,sparse,0.06787772898878848,0.29177026403224227
140,RMSProp,mini-batch,zero,0.06789104410009258,0.2920637653988735
140,Adam,SGD,random,0.07971565974439537,0.5875430433064107
140,Adam,SGD,sparse,0.051611426445521885,0.4554808215037438
140,Adam,SGD,zero,0.05804623040724544,0.3307071388837786
140,Adam,full,random,0.08770257378679072,0.31869546007937966
140,Adam,full,sparse,0.08756255483933777,0.3136676508061219
140,Adam,full,zero,0.08756472640265058,0.3137017337024205
140,Adam,mini-batch,random,0.09915817339144427,0.3428155516903006
140,Adam,mini-batch,sparse,0.09479355135844718,0.33832080626671734
140,Adam,mini-batch,zero,0.0963166641815022,0.3374829521290195
